candidate_evaluations,clear,cleared,complete,deferred_targets,error,failed_clear,fallback,forced_targets,kind,laser_s,max_step_time_error_s,mean_time_s,measure,measure_s,mode,move_s,normal_exit,ok,opportunistic_measures,optical_s,problem,program_time_s,safe_clear_points,seed,skipped_known_measurements,stations_visited,switch_s,total,virtual_time_s
298,10,10,True,10,,0,0,3,random,20.0,2.2737367544323206e-13,402.4688354822871,121,605.0,baseline,3261.6883548228707,True,True,15,30.0,3,0.2021318000042811,10,2200000,0,7,108.0,10,4024.6883548228707
266,10,10,True,10,,0,0,0,random,20.0,0.0,325.223861862067,123,615.0,free,2475.23861862067,True,True,18,30.0,3,0.18703060000552796,10,2200000,0,7,112.0,10,3252.23861862067
266,10,10,True,10,,0,0,0,random,20.0,0.0,325.223861862067,123,615.0,tour,2475.23861862067,True,True,18,30.0,3,0.18341179998242296,10,2200000,0,7,112.0,10,3252.23861862067
266,10,10,True,10,,0,0,0,random,20.0,0.0,323.423861862067,120,600.0,select,2475.23861862067,True,True,15,30.0,3,0.19583670000429265,10,2200000,3,7,109.0,10,3234.23861862067
266,10,10,True,10,,0,0,0,random,20.0,0.0,323.423861862067,120,600.0,tour_select,2475.23861862067,True,True,15,30.0,3,0.20718839997425675,10,2200000,3,7,109.0,10,3234.23861862067
254,10,10,True,10,,0,0,0,random,20.0,0.0,330.307845768147,122,610.0,priced,2531.0784576814704,True,True,10,30.0,3,0.1946759000129532,10,2200000,2,7,112.0,10,3303.07845768147
248,10,10,True,10,,0,0,1,random,20.0,2.2737367544323206e-13,428.98135454816054,115,575.0,baseline,3558.8135454816056,True,True,5,30.0,3,0.15393649999168701,10,2200001,0,7,106.0,10,4289.813545481606
227,10,10,True,10,,0,0,0,random,20.0,2.2737367544323206e-13,365.4582118856952,115,575.0,free,2922.582118856953,True,True,6,30.0,3,0.14959970000199974,10,2200001,0,7,107.0,10,3654.582118856952
205,10,10,True,10,,0,0,1,random,20.0,4.547473508864641e-13,344.9346880849773,121,605.0,tour,2680.346880849773,True,True,9,30.0,3,0.15294299999368377,10,2200001,0,7,114.0,10,3449.3468808497732
227,10,10,True,10,,0,0,0,random,20.0,2.2737367544323206e-13,364.8582118856952,114,570.0,select,2922.582118856953,True,True,5,30.0,3,0.16253380000125617,10,2200001,1,7,106.0,10,3648.582118856952
205,10,10,True,10,,0,0,1,random,20.0,4.547473508864641e-13,344.3346880849773,120,600.0,tour_select,2680.346880849773,True,True,8,30.0,3,0.1451781999785453,10,2200001,1,7,113.0,10,3443.3468808497732
216,10,10,True,10,,0,0,1,random,20.0,5.684341886080802e-14,349.2410157299102,121,605.0,priced,2724.4101572991026,True,True,9,30.0,3,0.15582730001187883,10,2200001,1,7,113.0,10,3492.410157299102
375,14,14,True,14,,0,0,7,random,28.0,9.094947017729282e-13,348.6291686122965,119,595.0,baseline,4107.808360572151,True,True,26,42.0,3,0.24545499999658205,14,2200002,0,7,108.0,14,4880.808360572151
329,14,14,True,14,,0,0,0,random,28.0,0.0,300.7943223273658,119,595.0,free,3435.120512583121,True,True,29,42.0,3,0.22407279998878948,13,2200002,0,7,111.0,14,4211.120512583121
365,14,14,True,14,,0,0,0,random,28.0,0.0,270.87560407485887,111,555.0,tour,3067.2584570480244,True,True,15,42.0,3,0.240076299989596,14,2200002,0,7,100.0,14,3792.2584570480244
329,14,14,True,14,,0,0,0,random,28.0,0.0,296.93717947022293,110,550.0,select,3435.120512583121,True,True,20,42.0,3,0.23715010000159964,13,2200002,9,7,102.0,14,4157.120512583121
365,14,14,True,14,,0,0,0,random,28.0,0.0,270.01846121771604,109,545.0,tour_select,3067.2584570480244,True,True,13,42.0,3,0.22950530002708547,14,2200002,2,7,98.0,14,3780.2584570480244
365,14,14,True,14,,0,0,0,random,28.0,0.0,270.01846121771604,109,545.0,priced,3067.2584570480244,True,True,13,42.0,3,0.23841570000513457,14,2200002,2,7,98.0,14,3780.2584570480244
261,10,10,True,10,,0,0,3,random,20.0,0.0,380.86830188109974,129,645.0,baseline,2993.6830188109975,True,True,10,30.0,3,0.15531289999489672,9,2200003,0,7,120.0,10,3808.6830188109975
229,10,10,True,10,,0,0,1,random,20.0,0.0,365.5890169362556,133,665.0,free,2815.8901693625558,True,True,16,30.0,3,0.14841470000101253,9,2200003,0,7,125.0,10,3655.8901693625558
229,10,10,True,10,,0,0,0,random,20.0,0.0,337.75203245779437,120,600.0,tour,2614.5203245779435,True,True,12,30.0,3,0.15023190001375042,8,2200003,0,7,113.0,10,3377.5203245779435
229,10,10,True,10,,0,0,1,random,20.0,0.0,363.78901693625556,130,650.0,select,2815.8901693625558,True,True,13,30.0,3,0.1466486999997869,9,2200003,3,7,122.0,10,3637.8901693625558
229,10,10,True,10,,0,0,0,random,20.0,0.0,336.5520324577943,118,590.0,tour_select,2614.5203245779435,True,True,10,30.0,3,0.15089459999580868,8,2200003,2,7,111.0,10,3365.5203245779435
229,10,10,True,10,,0,0,0,random,20.0,0.0,336.5520324577943,118,590.0,priced,2614.5203245779435,True,True,10,30.0,3,0.1587442000163719,8,2200003,2,7,111.0,10,3365.5203245779435
276,12,12,True,12,,0,0,7,random,24.0,0.0,318.60860204995515,115,575.0,baseline,3081.303224599462,True,True,24,36.0,3,0.18426650000037625,12,2200004,0,7,107.0,12,3823.303224599462
254,12,12,True,12,,0,0,2,random,24.0,0.0,277.63958989181725,119,595.0,free,2563.675078701807,True,True,29,36.0,3,0.18959100000211038,12,2200004,0,7,113.0,12,3331.675078701807
263,12,12,True,12,,0,0,0,random,24.0,0.0,287.0898156018404,116,580.0,tour,2695.0777872220847,True,True,25,36.0,3,0.18762679997598752,12,2200004,0,7,110.0,12,3445.077787222085
254,12,12,True,12,,0,0,2,random,24.0,0.0,274.13958989181725,112,560.0,select,2563.675078701807,True,True,22,36.0,3,0.18993600000976585,12,2200004,7,7,106.0,12,3289.675078701807
263,12,12,True,12,,0,0,0,random,24.0,0.0,284.5898156018404,111,555.0,tour_select,2695.0777872220847,True,True,20,36.0,3,0.1881271000020206,12,2200004,5,7,105.0,12,3415.077787222085
285,12,12,True,12,,0,0,0,random,24.0,0.0,276.9586751657945,110,550.0,priced,2611.504101989534,True,True,17,36.0,3,0.20057719998294488,12,2200004,4,7,102.0,12,3323.504101989534
417,16,16,True,16,,0,0,8,random,32.0,0.0,242.57679860294064,117,585.0,baseline,3111.2287776470494,True,True,18,48.0,3,0.22665369999594986,15,2200005,0,7,105.0,16,3881.2287776470503
417,16,16,True,16,,0,0,2,random,32.0,0.0,242.57679860294064,117,585.0,free,3111.2287776470494,True,True,18,48.0,3,0.23018729998148046,15,2200005,0,7,105.0,16,3881.2287776470503
395,16,16,True,16,,0,0,0,random,32.0,0.0,221.68279112800874,97,485.0,tour,2896.9246580481395,True,True,14,48.0,3,0.2456044000282418,16,2200005,0,6,85.0,16,3546.92465804814
417,16,16,True,16,,0,0,2,random,32.0,0.0,240.70179860294064,112,560.0,select,3111.2287776470494,True,True,13,48.0,3,0.22993670002324507,15,2200005,5,7,100.0,16,3851.2287776470503
395,16,16,True,16,,0,0,0,random,32.0,0.0,220.55779112800874,94,470.0,tour_select,2896.9246580481395,True,True,11,48.0,3,0.24040189999504946,16,2200005,3,6,82.0,16,3528.92465804814
407,16,16,True,16,,0,0,2,random,32.0,0.0,239.3585544280001,107,535.0,priced,3120.736870848001,True,True,9,48.0,3,0.25623530001030304,16,2200005,1,7,94.0,16,3829.7368708480017
307,13,13,True,13,,0,0,6,random,26.0,0.0,334.0313762874092,120,600.0,baseline,3565.40789173632,True,True,22,39.0,3,0.20951799998874776,12,2200006,0,7,112.0,13,4342.4078917363195
320,13,13,True,13,,0,0,3,random,26.0,0.0,292.7556666657408,124,620.0,free,3006.8236666546304,True,True,23,39.0,3,0.21827049998682924,13,2200006,0,7,114.0,13,3805.8236666546304
285,13,13,True,13,,0,0,2,random,26.0,0.0,285.97294005942575,126,630.0,tour,2904.6482207725344,True,True,18,39.0,3,0.18623469999874942,13,2200006,0,7,118.0,13,3717.648220772535
320,13,13,True,13,,0,0,3,random,26.0,0.0,291.3710512811254,121,605.0,select,3006.8236666546304,True,True,20,39.0,3,0.2203741999983322,13,2200006,3,7,111.0,13,3787.8236666546304
285,13,13,True,13,,0,0,2,random,26.0,0.0,285.5883246748104,125,625.0,tour_select,2904.6482207725344,True,True,17,39.0,3,0.18289500000537373,13,2200006,1,7,118.0,13,3712.648220772535
285,13,13,True,13,,0,0,2,random,26.0,0.0,285.5883246748104,125,625.0,priced,2904.6482207725344,True,True,17,39.0,3,0.19106660000397824,13,2200006,1,7,118.0,13,3712.648220772535
450,16,16,True,16,,0,0,10,random,32.0,0.0,283.39700415503455,124,620.0,baseline,3724.352066480551,True,True,34,48.0,3,0.24540100002195686,15,2200007,0,7,110.0,16,4534.352066480553
441,16,16,True,16,,0,0,0,random,32.0,0.0,255.48901550433527,122,610.0,free,3288.8242480693643,True,True,35,48.0,3,0.2534155000175815,16,2200007,0,6,109.0,16,4087.8242480693643
420,16,16,True,16,,0,0,0,random,32.0,0.0,237.52500560694452,111,555.0,tour,3066.4000897111114,True,True,24,48.0,3,0.2534086999949068,16,2200007,0,6,99.0,16,3800.4000897111123
441,16,16,True,16,,0,0,0,random,32.0,0.0,251.36401550433527,111,555.0,select,3288.8242480693643,True,True,24,48.0,3,0.2519056999881286,16,2200007,11,6,98.0,16,4021.8242480693643
420,16,16,True,16,,0,0,0,random,32.0,0.0,235.65000560694452,106,530.0,tour_select,3066.4000897111114,True,True,19,48.0,3,0.2579871999914758,16,2200007,5,6,94.0,16,3770.4000897111123
385,16,16,True,16,,0,0,0,random,32.0,0.0,222.6125113606712,99,495.0,priced,2896.8001817707395,True,True,12,48.0,3,0.24509420001413673,16,2200007,3,6,90.0,16,3561.800181770739
273,11,11,True,11,,0,0,1,random,22.0,0.0,342.255595895615,115,575.0,baseline,3029.811554851765,True,True,4,33.0,3,0.17402800000854768,11,2200008,0,7,105.0,11,3764.811554851765
273,11,11,True,11,,0,0,1,random,22.0,0.0,342.255595895615,115,575.0,free,3029.811554851765,True,True,4,33.0,3,0.17251850001048297,11,2200008,0,7,105.0,11,3764.811554851765
240,11,11,True,11,,0,0,3,random,22.0,0.0,309.8531978130392,129,645.0,tour,2586.3851759434315,True,True,25,33.0,3,0.1722472999827005,11,2200008,0,7,122.0,11,3408.385175943431
273,11,11,True,11,,0,0,1,random,22.0,0.0,342.255595895615,115,575.0,select,3029.811554851765,True,True,4,33.0,3,0.17468929997994564,11,2200008,0,7,105.0,11,3764.811554851765
240,11,11,True,11,,0,0,3,random,22.0,0.0,304.39865235849373,119,595.0,tour_select,2586.3851759434315,True,True,15,33.0,3,0.17077149997930974,11,2200008,10,7,112.0,11,3348.385175943431
251,11,11,True,11,,0,0,0,random,22.0,0.0,330.8699205084694,112,560.0,priced,2919.569125593164,True,True,5,33.0,3,0.17202520000864752,11,2200008,0,7,105.0,11,3639.569125593164
397,15,15,True,15,,0,0,5,random,30.0,5.684341886080802e-14,279.18579959151685,115,575.0,baseline,3434.7869938727526,True,True,22,45.0,3,0.2413671999820508,14,2200009,0,7,103.0,15,4187.786993872753
354,15,15,True,15,,0,0,3,random,30.0,5.684341886080802e-14,262.21702776665956,122,610.0,free,3134.2554164998933,True,True,33,45.0,3,0.23310030001448467,13,2200009,0,7,114.0,15,3933.2554164998933
399,15,15,True,15,,0,0,0,random,30.0,0.0,260.8920795104226,117,585.0,tour,3148.3811926563394,True,True,24,45.0,3,0.2508997000113595,15,2200009,0,7,105.0,15,3913.3811926563394
354,15,15,True,15,,0,0,3,random,30.0,5.684341886080802e-14,259.8170277666596,116,580.0,select,3134.2554164998933,True,True,27,45.0,3,0.23392739999690093,13,2200009,6,7,108.0,15,3897.2554164998933
399,15,15,True,15,,0,0,0,random,30.0,0.0,259.6920795104226,114,570.0,tour_select,3148.3811926563394,True,True,21,45.0,3,0.25555280002299696,15,2200009,3,7,102.0,15,3895.3811926563394
399,15,15,True,15,,0,0,0,random,30.0,0.0,259.6920795104226,114,570.0,priced,3148.3811926563394,True,True,21,45.0,3,0.268320599978324,15,2200009,3,7,102.0,15,3895.3811926563394
269,10,10,True,10,,0,0,3,random,20.0,0.0,401.36787680723137,127,635.0,baseline,3211.6787680723137,True,True,8,30.0,3,0.14926190002006479,9,2200010,0,7,117.0,10,4013.6787680723137
216,10,10,True,10,,0,0,3,random,20.0,0.0,339.2290323255073,127,635.0,free,2587.290323255073,True,True,9,30.0,3,0.1320908000052441,9,2200010,0,7,120.0,10,3392.2903232550734
216,10,10,True,10,,0,0,3,random,20.0,0.0,339.2290323255073,127,635.0,tour,2587.290323255073,True,True,9,30.0,3,0.13616279998677783,9,2200010,0,7,120.0,10,3392.2903232550734
216,10,10,True,10,,0,0,3,random,20.0,0.0,337.42903232550736,124,620.0,select,2587.290323255073,True,True,6,30.0,3,0.131903199973749,9,2200010,3,7,117.0,10,3374.2903232550734
216,10,10,True,10,,0,0,3,random,20.0,0.0,337.42903232550736,124,620.0,tour_select,2587.290323255073,True,True,6,30.0,3,0.1370679000101518,9,2200010,3,7,117.0,10,3374.2903232550734
227,10,10,True,10,,0,0,0,random,20.0,0.0,340.6387772636639,117,585.0,priced,2662.387772636639,True,True,2,30.0,3,0.1372370999888517,8,2200010,1,7,109.0,10,3406.3877726366386
341,13,13,True,13,,0,0,2,random,26.0,0.0,285.1531499311248,113,565.0,baseline,2973.990949104623,True,True,17,39.0,3,0.2138003000000026,12,2200011,0,7,103.0,13,3706.9909491046224
341,13,13,True,13,,0,0,0,random,26.0,0.0,291.63902708628785,114,570.0,free,3052.307352121742,True,True,20,39.0,3,0.21899640001356602,13,2200011,0,7,104.0,13,3791.307352121742
296,13,13,True,13,,0,0,0,random,26.0,0.0,266.3767938774757,116,580.0,tour,2707.8983204071837,True,True,24,39.0,3,0.20812699999078177,13,2200011,0,7,110.0,13,3462.8983204071837
342,13,13,True,13,,0,0,0,random,26.0,0.0,288.8697963170571,108,540.0,select,3052.307352121742,True,True,14,39.0,3,0.2210890999995172,13,2200011,6,7,98.0,13,3755.307352121742
296,13,13,True,13,,0,0,0,random,26.0,0.0,264.5306400313218,112,560.0,tour_select,2707.8983204071837,True,True,20,39.0,3,0.2040698000055272,13,2200011,4,7,106.0,13,3438.8983204071837
296,13,13,True,13,,0,0,0,random,26.0,0.0,264.5306400313218,112,560.0,priced,2707.8983204071837,True,True,20,39.0,3,0.21850269997958094,13,2200011,4,7,106.0,13,3438.8983204071837
283,12,12,True,12,,0,0,3,random,24.0,2.842170943040401e-14,316.00617737086094,112,560.0,baseline,3067.07412845033,True,True,14,36.0,3,0.17870750001748092,12,2200012,0,7,105.0,12,3792.074128450331
251,12,12,True,12,,0,0,0,random,24.0,2.842170943040401e-14,306.82876818575903,117,585.0,free,2926.9452182291084,True,True,20,36.0,3,0.17539329998544417,12,2200012,0,7,110.0,12,3681.9452182291084
274,12,12,True,12,,0,0,0,random,24.0,2.842170943040401e-14,297.46474431584585,116,580.0,tour,2820.5769317901495,True,True,27,36.0,3,0.2012176999996882,12,2200012,0,7,109.0,12,3569.57693179015
251,12,12,True,12,,0,0,0,random,24.0,2.842170943040401e-14,305.82876818575903,115,575.0,select,2926.9452182291084,True,True,18,36.0,3,0.18247970001539215,12,2200012,2,7,108.0,12,3669.9452182291084
274,12,12,True,12,,0,0,0,random,24.0,2.842170943040401e-14,294.46474431584585,110,550.0,tour_select,2820.5769317901495,True,True,21,36.0,3,0.18932269999640994,12,2200012,6,7,103.0,12,3533.57693179015
295,12,12,True,12,,0,0,0,random,24.0,4.547473508864641e-13,278.29125516261627,107,535.0,priced,2646.4950619513947,True,True,8,36.0,3,0.19874770002206787,12,2200012,0,7,98.0,12,3339.495061951395
354,15,15,True,15,,0,0,9,random,30.0,5.684341886080802e-14,297.9197070720855,121,605.0,baseline,3677.795606081281,True,True,27,45.0,3,0.23367109999526292,15,2200013,0,7,111.0,15,4468.795606081282
321,15,15,True,15,,0,0,9,random,30.0,5.684341886080802e-14,288.45839501746303,141,705.0,free,3416.875925261945,True,True,49,45.0,3,0.2444979999854695,15,2200013,0,7,130.0,15,4326.875925261946
362,15,15,True,15,,0,0,2,random,30.0,0.0,260.1488231716357,125,625.0,tour,3086.232347574535,True,True,34,45.0,3,0.22430030000396073,14,2200013,0,7,116.0,15,3902.232347574535
321,15,15,True,15,,0,0,9,random,30.0,5.684341886080802e-14,282.05839501746306,125,625.0,select,3416.875925261945,True,True,33,45.0,3,0.23986430000513792,15,2200013,16,7,114.0,15,4230.875925261946
362,15,15,True,15,,0,0,2,random,30.0,0.0,257.7488231716357,119,595.0,tour_select,3086.232347574535,True,True,28,45.0,3,0.22385499998927116,14,2200013,6,7,110.0,15,3866.232347574535
378,15,15,True,15,,0,0,3,random,30.0,0.0,264.0815049928342,111,555.0,priced,3231.2225748925134,True,True,16,45.0,3,0.26982240000506863,14,2200013,6,7,100.0,15,3961.222574892513
348,14,14,True,14,,0,0,1,random,28.0,2.2737367544323206e-13,283.30800426125734,104,520.0,baseline,3282.3120596576027,True,True,3,42.0,3,0.19193380000069737,14,2200014,0,7,94.0,14,3966.3120596576027
348,14,14,True,14,,0,0,0,random,28.0,2.2737367544323206e-13,265.1240760331719,105,525.0,free,3020.737064464406,True,True,4,42.0,3,0.19211830000858754,14,2200014,0,7,96.0,14,3711.737064464406
319,14,14,True,14,,0,0,1,random,28.0,0.0,251.51524386377437,117,585.0,tour,2758.2134140928415,True,True,21,42.0,3,0.20130680000875145,12,2200014,0,7,108.0,14,3521.213414092841
348,14,14,True,14,,0,0,0,random,28.0,2.2737367544323206e-13,264.69550460460044,104,520.0,select,3020.737064464406,True,True,3,42.0,3,0.19398919999366626,14,2200014,1,7,95.0,14,3705.737064464406
319,14,14,True,14,,0,0,1,random,28.0,0.0,248.9438152923458,111,555.0,tour_select,2758.2134140928415,True,True,15,42.0,3,0.20963379999739118,12,2200014,6,7,102.0,14,3485.213414092841
329,14,14,True,14,,0,0,2,random,28.0,0.0,250.126311618154,117,585.0,priced,2738.7683626541566,True,True,11,42.0,3,0.21535140002379194,14,2200014,6,7,108.0,14,3501.768362654156
279,13,13,True,13,,0,0,6,random,26.0,0.0,319.7390290295882,116,580.0,baseline,3402.607377384646,True,True,18,39.0,3,0.16301920000114478,12,2200015,0,7,109.0,13,4156.6073773846465
251,13,13,True,13,,0,0,3,random,26.0,0.0,294.4663124573019,120,600.0,free,3048.0620619449246,True,True,22,39.0,3,0.17365289997542277,12,2200015,0,7,115.0,13,3828.0620619449246
239,13,13,True,13,,0,0,3,random,26.0,0.0,277.69910397464594,119,595.0,tour,2835.0883516703975,True,True,22,39.0,3,0.16693270002724603,12,2200015,0,7,115.0,13,3610.0883516703975
251,13,13,True,13,,0,0,3,random,26.0,0.0,291.2355432265327,113,565.0,select,3048.0620619449246,True,True,15,39.0,3,0.17321060001268052,12,2200015,7,7,108.0,13,3786.0620619449246
239,13,13,True,13,,0,0,3,random,26.0,0.0,274.4683347438767,112,560.0,tour_select,2835.0883516703975,True,True,15,39.0,3,0.16664270000183024,12,2200015,7,7,108.0,13,3568.0883516703975
237,13,13,True,13,,0,0,1,random,26.0,0.0,276.30774958525086,107,535.0,priced,2889.000744608261,True,True,10,39.0,3,0.1705859999929089,13,2200015,2,7,103.0,13,3592.000744608261
286,10,10,True,10,,0,0,5,random,20.0,1.1368683772161603e-13,398.98782697605526,123,615.0,baseline,3214.878269760553,True,True,15,30.0,3,0.17707659999723546,9,2200016,0,7,110.0,10,3989.8782697605525
241,10,10,True,10,,0,0,0,random,20.0,1.1368683772161603e-13,356.7367674503374,124,620.0,free,2781.367674503375,True,True,21,30.0,3,0.16036810001241975,9,2200016,0,7,116.0,10,3567.3676745033745
229,10,10,True,10,,0,0,1,random,20.0,0.0,332.23336498839797,122,610.0,tour,2547.3336498839794,True,True,16,30.0,3,0.15872209999361075,9,2200016,0,7,115.0,10,3322.3336498839794
241,10,10,True,10,,0,0,0,random,20.0,1.1368683772161603e-13,353.7367674503375,119,595.0,select,2781.367674503375,True,True,16,30.0,3,0.16166700000758283,9,2200016,5,7,111.0,10,3537.367674503375
229,10,10,True,10,,0,0,1,random,20.0,0.0,330.43336498839795,119,595.0,tour_select,2547.3336498839794,True,True,13,30.0,3,0.15929499999037944,9,2200016,3,7,112.0,10,3304.3336498839794
229,10,10,True,10,,0,0,1,random,20.0,0.0,330.43336498839795,119,595.0,priced,2547.3336498839794,True,True,13,30.0,3,0.1663639000034891,9,2200016,3,7,112.0,10,3304.3336498839794
406,15,15,True,15,,0,0,4,random,30.0,0.0,351.80366406359377,118,590.0,baseline,4505.054960953906,True,True,18,45.0,3,0.23396939999656752,14,2200017,0,7,107.0,15,5277.054960953907
353,15,15,True,15,,0,0,3,random,30.0,0.0,255.56720357101474,118,590.0,free,3059.508053565221,True,True,18,45.0,3,0.21779770002467558,14,2200017,0,7,109.0,15,3833.508053565221
352,15,15,True,15,,0,0,1,random,30.0,2.2737367544323206e-13,227.88076044740293,107,535.0,tour,2710.211406711045,True,True,13,45.0,3,0.22042599998530932,15,2200017,0,7,98.0,15,3418.211406711044
353,15,15,True,15,,0,0,3,random,30.0,0.0,254.36720357101473,115,575.0,select,3059.508053565221,True,True,15,45.0,3,0.21560460000182502,14,2200017,3,7,106.0,15,3815.508053565221
352,15,15,True,15,,0,0,1,random,30.0,2.2737367544323206e-13,227.48076044740296,106,530.0,tour_select,2710.211406711045,True,True,12,45.0,3,0.21949529999983497,15,2200017,1,7,97.0,15,3412.211406711044
352,15,15,True,15,,0,0,1,random,30.0,2.2737367544323206e-13,227.48076044740296,106,530.0,priced,2710.211406711045,True,True,12,45.0,3,0.22865730000194162,15,2200017,1,7,97.0,15,3412.211406711044
307,12,12,True,12,,0,0,1,random,24.0,2.2737367544323206e-13,308.98071804980054,118,590.0,baseline,2950.7686165976065,True,True,2,36.0,3,0.17137389999697916,9,2200018,0,7,107.0,12,3707.7686165976065
307,12,12,True,12,,0,0,1,random,24.0,2.2737367544323206e-13,308.98071804980054,118,590.0,free,2950.7686165976065,True,True,2,36.0,3,0.17382870000437833,9,2200018,0,7,107.0,12,3707.7686165976065
285,12,12,True,12,,0,0,1,random,24.0,0.0,314.27810386459504,124,620.0,tour,2976.3372463751407,True,True,4,36.0,3,0.18220720000681467,11,2200018,0,7,115.0,12,3771.3372463751402
307,12,12,True,12,,0,0,1,random,24.0,2.2737367544323206e-13,308.98071804980054,118,590.0,select,2950.7686165976065,True,True,2,36.0,3,0.17314619998796843,9,2200018,0,7,107.0,12,3707.7686165976065
285,12,12,True,12,,0,0,1,random,24.0,0.0,314.27810386459504,124,620.0,tour_select,2976.3372463751407,True,True,4,36.0,3,0.1798160999896936,11,2200018,0,7,115.0,12,3771.3372463751402
274,12,12,True,12,,0,0,2,random,24.0,0.0,324.30907575746716,125,625.0,priced,3089.708909089606,True,True,6,36.0,3,0.1863907999941148,12,2200018,3,7,117.0,12,3891.708909089606
308,11,11,True,11,,0,0,5,random,22.0,0.0,366.68273313297055,120,600.0,baseline,3270.510064462676,True,True,13,33.0,3,0.18468000000575557,11,2200019,0,7,108.0,11,4033.5100644626764
298,11,11,True,11,,0,0,0,random,22.0,0.0,341.9511097959631,120,600.0,free,2997.462207755594,True,True,13,33.0,3,0.19200090001686476,11,2200019,0,7,109.0,11,3761.462207755594
287,11,11,True,11,,0,0,0,random,22.0,0.0,307.46847128481284,123,615.0,tour,2599.1531841329415,True,True,12,33.0,3,0.19546099999570288,11,2200019,0,7,113.0,11,3382.153184132941
298,11,11,True,11,,0,0,0,random,22.0,0.0,340.31474615959945,117,585.0,select,2997.462207755594,True,True,10,33.0,3,0.1822118000127375,11,2200019,3,7,106.0,11,3743.462207755594
287,11,11,True,11,,0,0,0,random,22.0,0.0,306.3775621939037,121,605.0,tour_select,2599.1531841329415,True,True,10,33.0,3,0.18137170001864433,11,2200019,2,7,111.0,11,3370.153184132941
287,11,11,True,11,,0,0,0,random,22.0,0.0,306.3775621939037,121,605.0,priced,2599.1531841329415,True,True,10,33.0,3,0.19114559999434277,11,2200019,2,7,111.0,11,3370.153184132941
305,13,13,True,13,,0,0,9,random,26.0,2.2737367544323206e-13,323.8079720589958,124,620.0,baseline,3408.503636766946,True,True,27,39.0,3,0.18473009997978806,13,2200020,0,7,116.0,13,4209.503636766945
284,13,13,True,13,,0,0,3,random,26.0,0.0,300.7394356693322,126,630.0,free,3096.612663701318,True,True,28,39.0,3,0.1901048000145238,13,2200020,0,7,118.0,13,3909.612663701318
272,13,13,True,13,,0,0,0,random,26.0,0.0,269.6671052622283,113,565.0,tour,2768.672368408968,True,True,18,39.0,3,0.1815540000097826,13,2200020,0,7,107.0,13,3505.6723684089675
284,13,13,True,13,,0,0,3,random,26.0,0.0,296.20097413087063,116,580.0,select,3096.612663701318,True,True,18,39.0,3,0.1890162999916356,13,2200020,10,7,109.0,13,3850.612663701318
272,13,13,True,13,,0,0,0,random,26.0,0.0,268.2824898776129,110,550.0,tour_select,2768.672368408968,True,True,15,39.0,3,0.1828951999777928,13,2200020,3,7,104.0,13,3487.6723684089675
272,13,13,True,13,,0,0,0,random,26.0,0.0,268.2824898776129,110,550.0,priced,2768.672368408968,True,True,15,39.0,3,0.19024740002350882,13,2200020,3,7,104.0,13,3487.6723684089675
273,12,12,True,12,,0,0,7,random,24.0,0.0,329.81347724434096,109,545.0,baseline,3252.7617269320913,True,True,21,36.0,3,0.17699110001558438,11,2200021,0,7,100.0,12,3957.7617269320913
274,12,12,True,12,,0,0,3,random,24.0,0.0,325.3670415658514,121,605.0,free,3126.404498790217,True,True,33,36.0,3,0.19164350000210106,12,2200021,0,7,113.0,12,3904.404498790217
261,12,12,True,12,,0,0,0,random,24.0,4.547473508864641e-13,282.2036804151641,120,600.0,tour,2611.444164981968,True,True,29,36.0,3,0.18099979998078197,12,2200021,0,7,115.0,12,3386.444164981969
274,12,12,True,12,,0,0,3,random,24.0,0.0,319.3670415658514,109,545.0,select,3126.404498790217,True,True,21,36.0,3,0.19194180000340566,12,2200021,12,7,101.0,12,3832.404498790217
261,12,12,True,12,,0,0,0,random,24.0,4.547473508864641e-13,280.2036804151641,116,580.0,tour_select,2611.444164981968,True,True,25,36.0,3,0.18063139999867417,12,2200021,4,7,111.0,12,3362.444164981969
264,12,12,True,12,,0,0,0,random,24.0,0.0,278.82917516985975,112,560.0,priced,2618.9501020383173,True,True,21,36.0,3,0.20902369997929782,12,2200021,3,7,107.0,12,3345.9501020383173
385,14,14,True,14,,0,0,1,random,28.0,0.0,257.0763912892016,121,605.0,baseline,2817.0694780488225,True,True,5,42.0,3,0.21721430000616238,13,2200022,0,7,107.0,14,3599.069478048822
385,14,14,True,14,,0,0,0,random,28.0,0.0,257.0763912892016,121,605.0,free,2817.0694780488225,True,True,5,42.0,3,0.21787839999888092,13,2200022,0,7,107.0,14,3599.069478048822
364,14,14,True,14,,0,0,0,random,28.0,0.0,253.24554805999168,115,575.0,tour,2796.437672839884,True,True,10,42.0,3,0.21927440000581555,13,2200022,0,7,104.0,14,3545.4376728398834
385,14,14,True,14,,0,0,0,random,28.0,0.0,256.64781986063014,120,600.0,select,2817.0694780488225,True,True,4,42.0,3,0.21856740000657737,13,2200022,1,7,106.0,14,3593.069478048822
364,14,14,True,14,,0,0,0,random,28.0,0.0,252.31697663142023,113,565.0,tour_select,2796.437672839884,True,True,8,42.0,3,0.21954819999518804,13,2200022,2,7,101.0,14,3532.4376728398834
364,14,14,True,14,,0,0,0,random,28.0,0.0,252.31697663142023,113,565.0,priced,2796.437672839884,True,True,8,42.0,3,0.22466949999216013,13,2200022,2,7,101.0,14,3532.4376728398834
328,12,12,True,12,,0,0,2,random,24.0,0.0,374.1344113962303,120,600.0,baseline,3722.612936754763,True,True,3,36.0,3,0.18668060001800768,12,2200023,0,7,107.0,12,4489.612936754764
306,12,12,True,12,,0,0,2,random,24.0,0.0,336.4395747193559,119,595.0,free,3275.2748966322697,True,True,3,36.0,3,0.17671339999651536,12,2200023,0,7,107.0,12,4037.2748966322706
284,12,12,True,12,,0,0,1,random,24.0,4.547473508864641e-13,302.6467028358849,117,585.0,tour,2879.760434030618,True,True,2,36.0,3,0.1732979999796953,12,2200023,0,7,107.0,12,3631.760434030619
306,12,12,True,12,,0,0,2,random,24.0,0.0,335.4395747193559,117,585.0,select,3275.2748966322697,True,True,1,36.0,3,0.17811720000463538,12,2200023,2,7,105.0,12,4025.2748966322706
284,12,12,True,12,,0,0,1,random,24.0,4.547473508864641e-13,302.6467028358849,117,585.0,tour_select,2879.760434030618,True,True,2,36.0,3,0.17678600002545863,12,2200023,0,7,107.0,12,3631.760434030619
284,12,12,True,12,,0,0,1,random,24.0,4.547473508864641e-13,302.6467028358849,117,585.0,priced,2879.760434030618,True,True,2,36.0,3,0.18070289999013767,12,2200023,0,7,107.0,12,3631.760434030619
241,10,10,True,10,,0,0,3,random,20.0,0.0,348.31967100228593,121,605.0,baseline,2716.196710022859,True,True,7,30.0,3,0.16145880002295598,10,2200024,0,7,112.0,10,3483.1967100228594
241,10,10,True,10,,0,0,1,random,20.0,0.0,348.31967100228593,121,605.0,free,2716.196710022859,True,True,7,30.0,3,0.16798989998642355,10,2200024,0,7,112.0,10,3483.1967100228594
241,10,10,True,10,,0,0,1,random,20.0,0.0,348.31967100228593,121,605.0,tour,2716.196710022859,True,True,7,30.0,3,0.16807079999125563,10,2200024,0,7,112.0,10,3483.1967100228594
241,10,10,True,10,,0,0,1,random,20.0,0.0,348.31967100228593,121,605.0,select,2716.196710022859,True,True,7,30.0,3,0.16651350000756793,10,2200024,0,7,112.0,10,3483.1967100228594
241,10,10,True,10,,0,0,1,random,20.0,0.0,348.31967100228593,121,605.0,tour_select,2716.196710022859,True,True,7,30.0,3,0.16621480000321753,10,2200024,0,7,112.0,10,3483.1967100228594
241,10,10,True,10,,0,0,1,random,20.0,0.0,348.31967100228593,121,605.0,priced,2716.196710022859,True,True,7,30.0,3,0.1697336999932304,10,2200024,0,7,112.0,10,3483.1967100228594
248,11,11,True,11,,0,0,4,random,22.0,0.0,392.0417551126175,120,600.0,baseline,3544.459306238793,True,True,15,33.0,3,0.16383530001621693,11,2200025,0,7,113.0,11,4312.459306238793
207,11,11,True,11,,0,0,1,random,22.0,0.0,283.46212039945755,118,590.0,free,2360.083324394032,True,True,14,33.0,3,0.15654100000392646,11,2200025,0,7,113.0,11,3118.0833243940333
249,11,11,True,11,,0,0,0,random,22.0,0.0,275.75149804158076,116,580.0,tour,2288.266478457388,True,True,17,33.0,3,0.16872729998431168,11,2200025,0,7,110.0,11,3033.266478457388
207,11,11,True,11,,0,0,1,random,22.0,0.0,282.3712113085485,116,580.0,select,2360.083324394032,True,True,12,33.0,3,0.16339339999831282,11,2200025,2,7,111.0,11,3106.0833243940333
249,11,11,True,11,,0,0,0,random,22.0,0.0,274.66058895067164,114,570.0,tour_select,2288.266478457388,True,True,15,33.0,3,0.1678702999779489,11,2200025,2,7,108.0,11,3021.266478457388
249,11,11,True,11,,0,0,0,random,22.0,0.0,274.66058895067164,114,570.0,priced,2288.266478457388,True,True,15,33.0,3,0.17414089999510907,11,2200025,2,7,108.0,11,3021.266478457388
331,13,13,True,13,,0,0,6,random,26.0,0.0,295.40477338079097,127,635.0,baseline,3024.2620539502823,True,True,20,39.0,3,0.19542309999815188,11,2200026,0,7,116.0,13,3840.2620539502823
297,13,13,True,13,,0,0,1,random,26.0,0.0,278.71307513691613,128,640.0,free,2798.26997677991,True,True,22,39.0,3,0.1920164000184741,11,2200026,0,7,120.0,13,3623.26997677991
297,13,13,True,13,,0,0,1,random,26.0,0.0,278.71307513691613,128,640.0,tour,2798.26997677991,True,True,22,39.0,3,0.20279850001679733,11,2200026,0,7,120.0,13,3623.26997677991
297,13,13,True,13,,0,0,1,random,26.0,0.0,275.02076744460845,120,600.0,select,2798.26997677991,True,True,14,39.0,3,0.19995249999919906,11,2200026,8,7,112.0,13,3575.26997677991
297,13,13,True,13,,0,0,1,random,26.0,0.0,275.02076744460845,120,600.0,tour_select,2798.26997677991,True,True,14,39.0,3,0.19623049997608177,11,2200026,8,7,112.0,13,3575.26997677991
297,13,13,True,13,,0,0,1,random,26.0,0.0,275.02076744460845,120,600.0,priced,2798.26997677991,True,True,14,39.0,3,0.20610720000695437,11,2200026,8,7,112.0,13,3575.26997677991
363,16,16,True,16,,0,0,6,random,32.0,1.1368683772161603e-13,273.7327138165862,128,640.0,baseline,3539.723421065381,True,True,15,48.0,3,0.22494449999067,14,2200027,0,7,120.0,16,4379.72342106538
375,16,16,True,16,,0,0,3,random,32.0,1.1368683772161603e-13,268.9716342303075,130,650.0,free,3452.5461476849187,True,True,15,48.0,3,0.23708600000827573,14,2200027,0,7,121.0,16,4303.54614768492
375,16,16,True,16,,0,0,1,random,32.0,4.547473508864641e-13,236.8488970629938,109,545.0,tour,3065.582353007901,True,True,14,48.0,3,0.2562519999919459,15,2200027,0,7,99.0,16,3789.582353007901
375,16,16,True,16,,0,0,3,random,32.0,1.1368683772161603e-13,267.8466342303075,127,635.0,select,3452.5461476849187,True,True,12,48.0,3,0.2310404000163544,14,2200027,3,7,118.0,16,4285.54614768492
375,16,16,True,16,,0,0,1,random,32.0,4.547473508864641e-13,235.7238970629938,106,530.0,tour_select,3065.582353007901,True,True,11,48.0,3,0.24475139999412932,15,2200027,3,7,96.0,16,3771.582353007901
375,16,16,True,16,,0,0,1,random,32.0,4.547473508864641e-13,235.7238970629938,106,530.0,priced,3065.582353007901,True,True,11,48.0,3,0.24950830001034774,15,2200027,3,7,96.0,16,3771.582353007901
371,16,16,True,16,,0,0,9,random,32.0,0.0,285.2143184449923,118,590.0,baseline,3784.4290951198736,True,True,30,48.0,3,0.23164089999045245,16,2200028,0,7,109.0,16,4563.429095119876
404,16,16,True,16,,0,0,3,random,32.0,0.0,279.2470046315193,123,615.0,free,3661.952074104309,True,True,32,48.0,3,0.2683995999977924,15,2200028,0,7,111.0,16,4467.952074104309
405,16,16,True,16,,0,0,1,random,32.0,0.0,241.1818110600642,115,575.0,tour,3098.908976961027,True,True,18,48.0,3,0.2696567000239156,16,2200028,0,7,105.0,16,3858.9089769610273
404,16,16,True,16,,0,0,3,random,32.0,0.0,275.8720046315193,114,570.0,select,3661.952074104309,True,True,23,48.0,3,0.26894009998068213,15,2200028,9,7,102.0,16,4413.952074104309
405,16,16,True,16,,0,0,1,random,32.0,0.0,238.9318110600642,109,545.0,tour_select,3098.908976961027,True,True,12,48.0,3,0.25025040001492016,16,2200028,6,7,99.0,16,3822.9089769610273
405,16,16,True,16,,0,0,1,random,32.0,0.0,238.9318110600642,109,545.0,priced,3098.908976961027,True,True,12,48.0,3,0.27919880000990815,16,2200028,6,7,99.0,16,3822.9089769610273
289,13,13,True,13,,0,0,5,random,26.0,0.0,331.9098503313729,120,600.0,baseline,3535.828054307848,True,True,15,39.0,3,0.18475619997479953,13,2200029,0,7,114.0,13,4314.828054307848
259,13,13,True,13,,0,0,1,random,26.0,0.0,276.1494356143486,116,580.0,free,2833.9426629865316,True,True,15,39.0,3,0.19254820002242923,13,2200029,0,7,111.0,13,3589.9426629865316
294,13,13,True,13,,0,0,0,random,26.0,0.0,267.78795489601526,130,650.0,tour,2643.243413648199,True,True,28,39.0,3,0.21408249999512918,12,2200029,0,7,123.0,13,3481.2434136481984
259,13,13,True,13,,0,0,1,random,26.0,0.0,274.7648202297332,113,565.0,select,2833.9426629865316,True,True,12,39.0,3,0.18824059999315068,13,2200029,3,7,108.0,13,3571.9426629865316
294,13,13,True,13,,0,0,0,random,26.0,0.0,265.48026258832294,125,625.0,tour_select,2643.243413648199,True,True,23,39.0,3,0.2158505999832414,12,2200029,5,7,118.0,13,3451.2434136481984
283,13,13,True,13,,0,0,1,random,26.0,2.2737367544323206e-13,274.7499979711149,117,585.0,priced,2811.749973624493,True,True,13,39.0,3,0.2142022000043653,12,2200029,2,7,110.0,13,3571.749973624494
430,15,15,True,15,,0,0,6,random,30.0,0.0,350.4922822246283,121,605.0,baseline,4471.384233369423,True,True,15,45.0,3,0.2868826999911107,15,2200030,0,7,106.0,15,5257.384233369425
377,15,15,True,15,,0,0,1,random,30.0,0.0,279.7332504573787,114,570.0,free,3449.998756860679,True,True,12,45.0,3,0.24205470000742935,15,2200030,0,7,101.0,15,4195.99875686068
354,15,15,True,15,,0,0,2,random,30.0,0.0,269.87196998999974,125,625.0,tour,3234.079549849997,True,True,20,45.0,3,0.2654053999867756,15,2200030,0,7,114.0,15,4048.079549849996
377,15,15,True,15,,0,0,1,random,30.0,0.0,277.7332504573787,109,545.0,select,3449.998756860679,True,True,7,45.0,3,0.2574839000008069,15,2200030,5,7,96.0,15,4165.99875686068
354,15,15,True,15,,0,0,2,random,30.0,0.0,269.07196998999973,123,615.0,tour_select,3234.079549849997,True,True,18,45.0,3,0.2854546000016853,15,2200030,2,7,112.0,15,4036.079549849996
354,15,15,True,15,,0,0,2,random,30.0,0.0,269.07196998999973,123,615.0,priced,3234.079549849997,True,True,18,45.0,3,0.2995550000050571,15,2200030,2,7,112.0,15,4036.079549849996
361,16,16,True,16,,0,0,6,random,32.0,0.0,262.47962015807707,118,590.0,baseline,3420.673922529232,True,True,17,48.0,3,0.24487959998077713,15,2200031,0,7,109.0,16,4199.673922529233
351,16,16,True,16,,0,0,3,random,32.0,0.0,230.60951431099323,116,580.0,free,2920.7522289758917,True,True,13,48.0,3,0.25214550000964664,15,2200031,0,7,109.0,16,3689.7522289758917
372,16,16,True,16,,0,0,0,random,32.0,0.0,205.65554963244077,108,540.0,tour,2571.488794119052,True,True,9,48.0,3,0.22509630001150072,15,2200031,0,6,99.0,16,3290.4887941190523
351,16,16,True,16,,0,0,3,random,32.0,0.0,229.10951431099323,112,560.0,select,2920.7522289758917,True,True,9,48.0,3,0.21955620002700016,15,2200031,4,7,105.0,16,3665.7522289758917
372,16,16,True,16,,0,0,0,random,32.0,0.0,204.90554963244077,106,530.0,tour_select,2571.488794119052,True,True,7,48.0,3,0.22987999999895692,15,2200031,2,6,97.0,16,3278.4887941190523
372,16,16,True,16,,0,0,0,random,32.0,0.0,204.90554963244077,106,530.0,priced,2571.488794119052,True,True,7,48.0,3,0.23178980001830496,15,2200031,2,6,97.0,16,3278.4887941190523
262,12,12,True,12,,0,0,4,random,24.0,0.0,347.0730199605144,118,590.0,baseline,3404.876239526174,True,True,18,36.0,3,0.16483540000626817,11,2200032,0,7,110.0,12,4164.876239526173
274,12,12,True,12,,0,0,0,random,24.0,0.0,313.55332005347657,122,610.0,free,2979.6398406417197,True,True,20,36.0,3,0.1757645000179764,11,2200032,0,7,113.0,12,3762.639840641719
274,12,12,True,12,,0,0,0,random,24.0,0.0,315.09168948785344,121,605.0,tour,3003.10027385424,True,True,24,36.0,3,0.18076630000723526,11,2200032,0,7,113.0,12,3781.100273854241
274,12,12,True,12,,0,0,0,random,24.0,0.0,312.05332005347657,119,595.0,select,2979.6398406417197,True,True,17,36.0,3,0.18491879999055527,11,2200032,3,7,110.0,12,3744.639840641719
274,12,12,True,12,,0,0,0,random,24.0,0.0,312.59168948785344,116,580.0,tour_select,3003.10027385424,True,True,19,36.0,3,0.18288969999412075,11,2200032,5,7,108.0,12,3751.100273854241
274,12,12,True,12,,0,0,0,random,24.0,0.0,312.59168948785344,116,580.0,priced,3003.10027385424,True,True,19,36.0,3,0.1934715999814216,11,2200032,5,7,108.0,12,3751.100273854241
385,16,16,True,16,,0,0,7,random,32.0,0.0,262.68087571149863,118,590.0,baseline,3426.8940113839767,True,True,20,48.0,3,0.2496120999858249,15,2200033,0,7,106.0,16,4202.894011383978
376,16,16,True,16,,0,0,4,random,32.0,4.547473508864641e-13,264.0196563384864,131,655.0,free,3368.3145014157835,True,True,35,48.0,3,0.2725986000150442,15,2200033,0,7,121.0,16,4224.314501415783
397,16,16,True,16,,0,0,1,random,32.0,2.2737367544323206e-13,268.2633721830333,114,570.0,tour,3538.2139549285334,True,True,22,48.0,3,0.2571388999931514,14,2200033,0,7,104.0,16,4292.213954928533
376,16,16,True,16,,0,0,4,random,32.0,4.547473508864641e-13,261.7696563384864,125,625.0,select,3368.3145014157835,True,True,29,48.0,3,0.2653911000234075,15,2200033,6,7,115.0,16,4188.314501415783
397,16,16,True,16,,0,0,1,random,32.0,2.2737367544323206e-13,266.7633721830333,110,550.0,tour_select,3538.2139549285334,True,True,18,48.0,3,0.25319720001425594,14,2200033,4,7,100.0,16,4268.213954928533
385,16,16,True,16,,0,0,2,random,32.0,2.2737367544323206e-13,246.4841869827529,108,540.0,priced,3224.746991724047,True,True,16,48.0,3,0.26745889999438077,16,2200033,4,7,99.0,16,3943.7469917240464
343,13,13,True,13,,0,0,6,random,26.0,0.0,294.77913897963845,119,595.0,baseline,3065.128806735299,True,True,22,39.0,3,0.2140359999903012,13,2200034,0,7,107.0,13,3832.1288067353
321,13,13,True,13,,0,0,0,random,26.0,0.0,299.0580188125675,121,605.0,free,3107.754244563378,True,True,27,39.0,3,0.2208284999942407,13,2200034,0,7,110.0,13,3887.754244563378
343,13,13,True,13,,0,0,0,random,26.0,0.0,292.65160686549183,127,635.0,tour,2988.4708892513936,True,True,30,39.0,3,0.2219671000202652,13,2200034,0,7,116.0,13,3804.4708892513936
321,13,13,True,13,,0,0,0,random,26.0,0.0,296.75032650487526,116,580.0,select,3107.754244563378,True,True,22,39.0,3,0.22155709998332895,13,2200034,5,7,105.0,13,3857.754244563378
343,13,13,True,13,,0,0,0,random,26.0,0.0,290.80545301933796,123,615.0,tour_select,2988.4708892513936,True,True,26,39.0,3,0.22332599997753277,13,2200034,4,7,112.0,13,3780.4708892513936
364,13,13,True,13,,0,0,0,random,26.0,0.0,280.4793908701194,105,525.0,priced,2964.232081311553,True,True,13,39.0,3,0.24107079999521375,13,2200034,1,7,92.0,13,3646.2320813115525
275,11,11,True,11,,0,0,8,random,22.0,2.2737367544323206e-13,361.4147274448112,131,655.0,baseline,3144.5620018929226,True,True,24,33.0,3,0.1814713999920059,10,2200035,0,7,121.0,11,3975.5620018929235
252,11,11,True,11,,0,0,1,random,22.0,1.1368683772161603e-13,316.7452344390724,132,660.0,free,2645.1975788297964,True,True,26,33.0,3,0.1819369999866467,11,2200035,0,7,124.0,11,3484.1975788297964
263,11,11,True,11,,0,0,0,random,22.0,1.1368683772161603e-13,316.1659876563022,115,575.0,tour,2740.8258642193236,True,True,11,33.0,3,0.1718080000136979,10,2200035,0,7,107.0,11,3477.8258642193246
252,11,11,True,11,,0,0,1,random,22.0,1.1368683772161603e-13,312.38159807543605,124,620.0,select,2645.1975788297964,True,True,18,33.0,3,0.16820310000912286,11,2200035,8,7,116.0,11,3436.1975788297964
263,11,11,True,11,,0,0,0,random,22.0,1.1368683772161603e-13,315.07507856539314,113,565.0,tour_select,2740.8258642193236,True,True,9,33.0,3,0.17169630000717007,10,2200035,2,7,105.0,11,3465.8258642193246
263,11,11,True,11,,0,0,0,random,22.0,1.1368683772161603e-13,315.07507856539314,113,565.0,priced,2740.8258642193236,True,True,9,33.0,3,0.17830319999484345,10,2200035,2,7,105.0,11,3465.8258642193246
361,16,16,True,16,,0,0,9,random,32.0,2.2737367544323206e-13,268.9086509688065,113,565.0,baseline,3552.5384155009037,True,True,29,48.0,3,0.2695698000025004,15,2200036,0,7,105.0,16,4302.538415500904
328,16,16,True,16,,0,0,1,random,32.0,2.2737367544323206e-13,242.03198842389529,117,585.0,free,3096.511814782324,True,True,32,48.0,3,0.22527210001135245,15,2200036,0,7,111.0,16,3872.5118147823246
354,16,16,True,16,,0,0,4,random,32.0,1.1368683772161603e-13,239.35534600379307,117,585.0,tour,3056.6855360606887,True,True,30,48.0,3,0.23514350000186823,15,2200036,0,7,108.0,16,3829.685536060689
328,16,16,True,16,,0,0,1,random,32.0,5.684341886080802e-14,238.28198842389529,107,535.0,select,3096.511814782324,True,True,22,48.0,3,0.2211710999836214,15,2200036,10,7,101.0,16,3812.5118147823246
354,16,16,True,16,,0,0,4,random,32.0,1.1368683772161603e-13,237.10534600379304,111,555.0,tour_select,3056.6855360606887,True,True,24,48.0,3,0.23673340000095777,15,2200036,6,7,102.0,16,3793.6855360606887
375,16,16,True,16,,0,0,1,random,32.0,1.1368683772161603e-13,243.7257162835792,110,550.0,priced,3170.6114605372672,True,True,21,48.0,3,0.2538905999972485,15,2200036,6,7,99.0,16,3899.6114605372672
405,16,16,True,16,,0,0,6,random,32.0,4.547473508864641e-13,289.4684056598464,121,605.0,baseline,3835.494490557541,True,True,15,48.0,3,0.22878659999696538,13,2200037,0,7,111.0,16,4631.494490557542
397,16,16,True,16,,0,0,2,random,32.0,4.547473508864641e-13,253.06466106107123,119,595.0,free,3266.03457697714,True,True,12,48.0,3,0.22992069998872466,13,2200037,0,7,108.0,16,4049.0345769771397
375,16,16,True,16,,0,0,1,random,32.0,2.2737367544323206e-13,243.3147172482,124,620.0,tour,3078.0354759711995,True,True,25,48.0,3,0.23779780001495965,15,2200037,0,7,115.0,16,3893.0354759712
397,16,16,True,16,,0,0,2,random,32.0,0.0,251.93966106107126,116,580.0,select,3266.03457697714,True,True,9,48.0,3,0.23069120000582188,13,2200037,3,7,105.0,16,4031.03457697714
375,16,16,True,16,,0,0,1,random,32.0,2.2737367544323206e-13,242.1897172482,121,605.0,tour_select,3078.0354759711995,True,True,22,48.0,3,0.23649010001099668,15,2200037,3,7,112.0,16,3875.0354759712
375,16,16,True,16,,0,0,1,random,32.0,2.2737367544323206e-13,242.1897172482,121,605.0,priced,3078.0354759711995,True,True,22,48.0,3,0.25443770000129007,15,2200037,3,7,112.0,16,3875.0354759712
354,13,13,True,13,,0,0,1,random,26.0,1.1368683772161603e-13,290.8336856720206,113,565.0,baseline,3049.8379137362667,True,True,7,39.0,3,0.21495209998101927,13,2200038,0,7,101.0,13,3780.837913736267
354,13,13,True,13,,0,0,0,random,26.0,1.1368683772161603e-13,269.0092682773432,113,565.0,free,2766.120487605462,True,True,7,39.0,3,0.21436549999634735,13,2200038,0,7,101.0,13,3497.1204876054617
319,13,13,True,13,,0,0,0,random,26.0,0.0,277.4091500716456,112,560.0,tour,2879.3189509313925,True,True,9,39.0,3,0.20370149999507703,13,2200038,0,7,102.0,13,3606.318950931393
354,13,13,True,13,,0,0,0,random,26.0,1.1368683772161603e-13,269.0092682773432,113,565.0,select,2766.120487605462,True,True,7,39.0,3,0.21336779999546707,13,2200038,0,7,101.0,13,3497.1204876054617
319,13,13,True,13,,0,0,0,random,26.0,0.0,277.4091500716456,112,560.0,tour_select,2879.3189509313925,True,True,9,39.0,3,0.2083524000190664,13,2200038,0,7,102.0,13,3606.318950931393
341,13,13,True,13,,0,0,0,random,26.0,0.0,276.7977387346023,102,510.0,priced,2932.3706035498294,True,True,4,39.0,3,0.21886940000695176,13,2200038,0,7,91.0,13,3598.37060354983
286,10,10,True,10,,0,0,2,random,20.0,4.547473508864641e-13,334.785600417836,122,610.0,baseline,2576.8560041783617,True,True,10,30.0,3,0.17526089999591932,9,2200039,0,7,111.0,10,3347.8560041783603
253,10,10,True,10,,0,0,0,random,20.0,0.0,298.8664495011748,123,615.0,free,2209.664495011749,True,True,14,30.0,3,0.17265110000153072,10,2200039,0,7,114.0,10,2988.6644950117484
253,10,10,True,10,,0,0,0,random,20.0,0.0,298.8664495011748,123,615.0,tour,2209.664495011749,True,True,14,30.0,3,0.17664479999803007,10,2200039,0,7,114.0,10,2988.6644950117484
253,10,10,True,10,,0,0,0,random,20.0,0.0,297.66644950117484,121,605.0,select,2209.664495011749,True,True,12,30.0,3,0.17798409998067655,10,2200039,2,7,112.0,10,2976.6644950117484
253,10,10,True,10,,0,0,0,random,20.0,0.0,297.66644950117484,121,605.0,tour_select,2209.664495011749,True,True,12,30.0,3,0.17977249997784384,10,2200039,2,7,112.0,10,2976.6644950117484
242,10,10,True,10,,0,0,0,random,20.0,0.0,326.4798255980746,124,620.0,priced,2478.7982559807465,True,True,13,30.0,3,0.17989830000442453,10,2200039,3,7,116.0,10,3264.798255980746
