kind,seed,mode,ok,error,normal_exit,cleared,total,mean_time_s,max_step_error,measure,clear,failed_clear,fallback
ten,2400000,baseline,True,,True,10,10,349.7516822170119,4.547473508864641e-13,106,10,0,0
ten,2400000,maintained,True,,True,10,10,350.85614878761635,0.0,115,10,0,0
ten,2400001,baseline,True,,True,10,10,389.349445682206,4.547473508864641e-13,123,10,0,0
ten,2400001,maintained,True,,True,10,10,326.607990263544,1.1368683772161603e-13,122,10,0,0
ten,2400002,baseline,True,,True,10,10,366.959664409101,1.1368683772161603e-13,120,10,0,0
ten,2400002,maintained,True,,True,10,10,391.9518470678712,5.684341886080802e-14,121,10,0,0
ten,2400003,baseline,True,,True,10,10,357.16591040899675,0.0,131,10,0,0
ten,2400003,maintained,True,,True,10,10,345.04852564719533,0.0,131,10,0,0
ten,2400004,baseline,True,,True,10,10,390.3239291015918,2.842170943040401e-14,124,10,0,0
ten,2400004,maintained,True,,True,10,10,399.60096709095694,0.0,122,10,0,0
ten,2400005,baseline,True,,True,10,10,424.17243236142014,5.684341886080802e-14,126,10,0,0
ten,2400005,maintained,True,,True,10,10,344.9006365165727,0.0,116,10,0,0
ten,2400006,baseline,True,,True,10,10,350.3053912605049,0.0,129,10,0,0
ten,2400006,maintained,True,,True,10,10,323.8938245002179,0.0,115,10,0,0
ten,2400007,baseline,True,,True,10,10,340.6555682087267,0.0,135,10,0,0
ten,2400007,maintained,True,,True,10,10,340.6555682087267,0.0,135,10,0,0
ten,2400008,baseline,True,,True,10,10,384.382388846716,0.0,117,10,0,0
ten,2400008,maintained,True,,True,10,10,354.88730561759974,0.0,121,10,0,0
ten,2400009,baseline,True,,True,10,10,359.39192084943795,0.0,115,10,0,0
ten,2400009,maintained,True,,True,10,10,339.51064491541194,5.684341886080802e-14,120,10,0,0
ten,2400010,baseline,True,,True,10,10,402.0711986114077,0.0,119,10,0,0
ten,2400010,maintained,True,,True,10,10,357.6610473390988,2.2737367544323206e-13,138,10,0,0
ten,2400011,baseline,True,,True,10,10,423.87030631672735,1.1368683772161603e-13,120,10,0,0
ten,2400011,maintained,True,,True,10,10,332.97555742335874,1.1368683772161603e-13,116,10,0,0
ten,2400012,baseline,True,,True,10,10,364.3906362744365,1.1368683772161603e-13,120,10,0,0
ten,2400012,maintained,True,,True,10,10,369.89944434116984,2.842170943040401e-14,125,10,0,0
ten,2400013,baseline,True,,True,10,10,399.08049710488115,0.0,126,10,0,0
ten,2400013,maintained,True,,True,10,10,343.59575192513546,0.0,127,10,0,0
ten,2400014,baseline,True,,True,10,10,392.2464484899894,0.0,130,10,0,0
ten,2400014,maintained,True,,True,10,10,325.41326495614055,5.684341886080802e-14,120,10,0,0
ten,2400015,baseline,True,,True,10,10,391.65354799843254,0.0,116,10,0,0
ten,2400015,maintained,True,,True,10,10,316.7224556074789,2.2737367544323206e-13,121,10,0,0
ten,2400016,baseline,True,,True,10,10,385.6837596463473,0.0,129,10,0,0
ten,2400016,maintained,True,,True,10,10,343.4220980849249,0.0,127,10,0,0
ten,2400017,baseline,True,,True,10,10,366.4012508836818,0.0,126,10,0,0
ten,2400017,maintained,True,,True,10,10,315.9103160199428,0.0,123,10,0,0
ten,2400018,baseline,True,,True,10,10,402.28950224492183,0.0,135,10,0,0
ten,2400018,maintained,True,,True,10,10,358.6345483946395,5.684341886080802e-14,133,10,0,0
ten,2400019,baseline,True,,True,10,10,331.64960260479324,0.0,127,10,0,0
ten,2400019,maintained,True,,True,10,10,327.2907026545612,5.684341886080802e-14,125,10,0,0
sixteen,2400000,baseline,True,,True,16,16,284.0994119516965,0.0,123,16,0,0
sixteen,2400000,maintained,True,,True,16,16,256.0261600779433,0.0,103,16,0,0
sixteen,2400001,baseline,True,,True,16,16,302.8005453852704,4.547473508864641e-13,113,16,0,0
sixteen,2400001,maintained,True,,True,16,16,269.6276851926766,0.0,126,16,0,0
sixteen,2400002,baseline,True,,True,16,16,246.37733043835433,4.547473508864641e-13,102,16,0,0
sixteen,2400002,maintained,True,,True,16,16,246.37733043835433,4.547473508864641e-13,102,16,0,0
sixteen,2400003,baseline,True,,True,16,16,337.1721841323273,0.0,136,16,0,0
sixteen,2400003,maintained,True,,True,16,16,273.967682960702,4.547473508864641e-13,124,16,0,0
sixteen,2400004,baseline,True,,True,16,16,257.36903204148604,0.0,108,16,0,0
sixteen,2400004,maintained,True,,True,16,16,242.50591802006184,0.0,121,16,0,0
sixteen,2400005,baseline,True,,True,16,16,260.7808414831256,0.0,103,16,0,0
sixteen,2400005,maintained,True,,True,16,16,259.63777880413267,1.1368683772161603e-13,117,16,0,0
sixteen,2400006,baseline,True,,True,16,16,287.4663988182368,0.0,123,16,0,0
sixteen,2400006,maintained,True,,True,16,16,235.43933681462215,0.0,112,16,0,0
sixteen,2400007,baseline,True,,True,16,16,317.32798924223766,2.2737367544323206e-13,127,16,0,0
sixteen,2400007,maintained,True,,True,16,16,256.33596549626117,4.547473508864641e-13,124,16,0,0
sixteen,2400008,baseline,True,,True,16,16,299.500187088923,0.0,119,16,0,0
sixteen,2400008,maintained,True,,True,16,16,235.16895806361583,4.547473508864641e-13,114,16,0,0
sixteen,2400009,baseline,True,,True,16,16,317.29581034267835,1.1368683772161603e-13,113,16,0,0
sixteen,2400009,maintained,True,,True,16,16,254.7665693720097,0.0,108,16,0,0
sixteen,2400010,baseline,True,,True,16,16,238.9346572451408,1.1368683772161603e-13,113,16,0,0
sixteen,2400010,maintained,True,,True,16,16,229.86090119840844,2.2737367544323206e-13,110,16,0,0
sixteen,2400011,baseline,True,,True,16,16,289.50360932034494,0.0,122,16,0,0
sixteen,2400011,maintained,True,,True,16,16,251.33571844196402,4.547473508864641e-13,110,16,0,0
sixteen,2400012,baseline,True,,True,16,16,275.0989999629245,0.0,105,16,0,0
sixteen,2400012,maintained,True,,True,16,16,256.4893398903828,0.0,122,16,0,0
sixteen,2400013,baseline,True,,True,16,16,286.6345249037503,4.547473508864641e-13,128,16,0,0
sixteen,2400013,maintained,True,,True,16,16,253.38142647279636,5.684341886080802e-14,118,16,0,0
sixteen,2400014,baseline,True,,True,16,16,270.4180109986822,0.0,122,16,0,0
sixteen,2400014,maintained,True,,True,16,16,247.45292235820648,0.0,124,16,0,0
sixteen,2400015,baseline,True,,True,16,16,259.9274586020646,5.684341886080802e-14,115,16,0,0
sixteen,2400015,maintained,True,,True,16,16,229.92532803180626,5.684341886080802e-14,110,16,0,0
sixteen,2400016,baseline,True,,True,16,16,249.22342315054203,0.0,116,16,0,0
sixteen,2400016,maintained,True,,True,16,16,240.60057823446994,0.0,120,16,0,0
sixteen,2400017,baseline,True,,True,16,16,295.3520948961563,2.2737367544323206e-13,126,16,0,0
sixteen,2400017,maintained,True,,True,16,16,240.52894476723947,2.842170943040401e-14,114,16,0,0
sixteen,2400018,baseline,True,,True,16,16,264.2734884913645,0.0,102,16,0,0
sixteen,2400018,maintained,True,,True,16,16,234.86988490056586,0.0,121,16,0,0
sixteen,2400019,baseline,True,,True,16,16,269.61882940617795,0.0,127,16,0,0
sixteen,2400019,maintained,True,,True,16,16,229.64687917958307,1.1368683772161603e-13,114,16,0,0
plus,2400000,baseline,True,,True,15,15,281.2341990545782,0.0,110,15,0,0
plus,2400000,maintained,True,,True,15,15,257.9593910302937,0.0,112,15,0,0
plus,2400001,baseline,True,,True,13,13,266.24158143518144,2.842170943040401e-14,114,13,0,0
plus,2400001,maintained,True,,True,13,13,263.7256049806681,0.0,118,13,0,0
plus,2400002,baseline,True,,True,10,10,363.0682092912154,5.684341886080802e-14,120,10,0,0
plus,2400002,maintained,True,,True,10,10,389.2980676530136,2.2737367544323206e-13,121,10,0,0
plus,2400003,baseline,True,,True,14,14,294.35853281210996,0.0,115,14,0,0
plus,2400003,maintained,True,,True,14,14,279.56245181401357,0.0,120,14,0,0
plus,2400004,baseline,True,,True,15,15,256.04999517845636,0.0,98,15,0,0
plus,2400004,maintained,True,,True,15,15,254.5133028000303,5.684341886080802e-14,122,15,0,0
plus,2400005,baseline,True,,True,13,13,334.6418770509799,0.0,127,13,0,0
plus,2400005,maintained,True,,True,13,13,272.0588237794966,2.2737367544323206e-13,118,13,0,0
plus,2400006,baseline,True,,True,11,11,361.956499558478,0.0,127,11,0,0
plus,2400006,maintained,True,,True,11,11,351.5546169581587,0.0,131,11,0,0
plus,2400007,baseline,True,,True,10,10,345.75307259237087,2.2737367544323206e-13,134,10,0,0
plus,2400007,maintained,True,,True,10,10,345.75307259237087,2.2737367544323206e-13,134,10,0,0
plus,2400008,baseline,True,,True,14,14,303.47167643507464,4.547473508864641e-13,123,14,0,0
plus,2400008,maintained,True,,True,14,14,274.15254869167376,2.842170943040401e-14,120,14,0,0
plus,2400009,baseline,True,,True,13,13,288.9149758366679,0.0,116,13,0,0
plus,2400009,maintained,True,,True,13,13,275.6374063096545,0.0,124,13,0,0
plus,2400010,baseline,True,,True,16,16,276.1139993950357,4.547473508864641e-13,100,16,0,0
plus,2400010,maintained,True,,True,16,16,229.0417424165044,0.0,109,16,0,0
plus,2400011,baseline,True,,True,10,10,421.3612364419799,0.0,120,10,0,0
plus,2400011,maintained,True,,True,10,10,332.7393694681913,0.0,116,10,0,0
plus,2400012,baseline,True,,True,13,13,385.09464681503385,0.0,126,13,0,0
plus,2400012,maintained,True,,True,13,13,284.15445052805705,0.0,119,13,0,0
plus,2400013,baseline,True,,True,10,10,395.69855484070115,0.0,127,10,0,0
plus,2400013,maintained,True,,True,10,10,360.16405738763876,0.0,125,10,0,0
plus,2400014,baseline,True,,True,13,13,337.73183722642744,0.0,128,13,0,0
plus,2400014,maintained,True,,True,13,13,305.51074368659016,0.0,119,13,0,0
plus,2400015,baseline,True,,True,12,12,323.55508201279196,0.0,120,12,0,0
plus,2400015,maintained,True,,True,12,12,292.4866269596759,1.1368683772161603e-13,123,12,0,0
plus,2400016,baseline,True,,True,11,11,378.730019293246,2.842170943040401e-14,129,11,0,0
plus,2400016,maintained,True,,True,11,11,323.41984788573797,4.547473508864641e-13,122,11,0,0
plus,2400017,baseline,True,,True,12,12,286.45212629424384,0.0,117,12,0,0
plus,2400017,maintained,True,,True,12,12,286.45212629424384,0.0,117,12,0,0
plus,2400018,baseline,True,,True,14,14,358.94422738728775,5.684341886080802e-14,119,14,0,0
plus,2400018,maintained,True,,True,14,14,272.15032467207,0.0,119,14,0,0
plus,2400019,baseline,True,,True,12,12,289.9133048630018,0.0,112,12,0,0
plus,2400019,maintained,True,,True,12,12,277.83777369135026,0.0,121,12,0,0
minus,2400000,baseline,True,,True,15,15,282.67659800440543,4.547473508864641e-13,109,15,0,0
minus,2400000,maintained,True,,True,15,15,257.1038317386298,5.684341886080802e-14,113,15,0,0
minus,2400001,baseline,True,,True,13,13,286.7063469655227,2.2737367544323206e-13,115,13,0,0
minus,2400001,maintained,True,,True,13,13,275.8223709696497,0.0,122,13,0,0
minus,2400002,baseline,True,,True,10,10,360.88641342590284,0.0,121,10,0,0
minus,2400002,maintained,True,,True,10,10,391.4548397711341,5.684341886080802e-14,122,10,0,0
minus,2400003,baseline,True,,True,14,14,338.08106685858087,0.0,127,14,0,0
minus,2400003,maintained,True,,True,14,14,263.8998987918735,0.0,120,14,0,0
minus,2400004,baseline,True,,True,15,15,262.42794248575257,0.0,99,15,0,0
minus,2400004,maintained,True,,True,15,15,260.4873007919246,0.0,123,15,0,0
minus,2400005,baseline,True,,True,13,13,332.5936301864445,0.0,127,13,0,0
minus,2400005,maintained,True,,True,13,13,274.82598887516536,0.0,119,13,0,0
minus,2400006,baseline,True,,True,11,11,356.47058535116173,0.0,122,11,0,0
minus,2400006,maintained,True,,True,11,11,357.1382501461969,4.547473508864641e-13,129,11,0,0
minus,2400007,baseline,True,,True,10,10,345.7875085382061,4.547473508864641e-13,135,10,0,0
minus,2400007,maintained,True,,True,10,10,345.7875085382061,4.547473508864641e-13,135,10,0,0
minus,2400008,baseline,True,,True,14,14,302.68475431212613,0.0,124,14,0,0
minus,2400008,maintained,True,,True,14,14,268.96431631071897,0.0,116,14,0,0
minus,2400009,baseline,True,,True,13,13,290.83215639850573,0.0,136,13,0,0
minus,2400009,maintained,True,,True,13,13,277.52090435356774,0.0,125,13,0,0
minus,2400010,baseline,True,,True,16,16,239.96165702520648,0.0,114,16,0,0
minus,2400010,maintained,True,,True,16,16,230.8544563491614,0.0,110,16,0,0
minus,2400011,baseline,True,,True,10,10,416.5147061305296,2.842170943040401e-14,119,10,0,0
minus,2400011,maintained,True,,True,10,10,327.5646661401874,2.842170943040401e-14,115,10,0,0
minus,2400012,baseline,True,,True,13,13,317.15480896159636,0.0,123,13,0,0
minus,2400012,maintained,True,,True,13,13,285.59480555738935,0.0,118,13,0,0
minus,2400013,baseline,True,,True,10,10,395.4357715901764,0.0,127,10,0,0
minus,2400013,maintained,True,,True,10,10,338.21102376607365,0.0,126,10,0,0
minus,2400014,baseline,True,,True,13,13,340.0157436805569,0.0,127,13,0,0
minus,2400014,maintained,True,,True,13,13,310.62022914709416,0.0,120,13,0,0
minus,2400015,baseline,True,,True,12,12,324.19635753217443,0.0,121,12,0,0
minus,2400015,maintained,True,,True,12,12,284.1642356873345,0.0,114,12,0,0
minus,2400016,baseline,True,,True,11,11,371.8254827488371,1.1368683772161603e-13,127,11,0,0
minus,2400016,maintained,True,,True,11,11,316.28884247186414,1.1368683772161603e-13,122,11,0,0
minus,2400017,baseline,True,,True,12,12,369.26798941992706,0.0,121,12,0,0
minus,2400017,maintained,True,,True,12,12,289.1574682195206,0.0,117,12,0,0
minus,2400018,baseline,True,,True,14,14,347.77241581105034,5.684341886080802e-14,119,14,0,0
minus,2400018,maintained,True,,True,14,14,273.4101639910465,4.547473508864641e-13,116,14,0,0
minus,2400019,baseline,True,,True,12,12,280.62851821903854,2.842170943040401e-14,117,12,0,0
minus,2400019,maintained,True,,True,12,12,278.383886155606,2.842170943040401e-14,119,12,0,0
boundary,2400000,baseline,True,,True,15,15,294.5417195212773,0.0,126,15,0,0
boundary,2400000,maintained,True,,True,15,15,294.5417195212773,0.0,126,15,0,0
boundary,2400001,baseline,True,,True,13,13,327.4836288063865,0.0,126,13,0,0
boundary,2400001,maintained,True,,True,13,13,313.098752071219,0.0,127,13,0,0
boundary,2400002,baseline,True,,True,10,10,365.63883968558486,0.0,134,10,0,0
boundary,2400002,maintained,True,,True,10,10,365.63883968558486,0.0,134,10,0,0
boundary,2400003,baseline,True,,True,14,14,308.716447878374,0.0,127,14,0,0
boundary,2400003,maintained,True,,True,14,14,289.85397327272835,0.0,126,14,0,0
boundary,2400004,baseline,True,,True,15,15,284.8278555165655,0.0,125,15,0,0
boundary,2400004,maintained,True,,True,15,15,267.66080645265305,0.0,126,15,0,0
boundary,2400005,baseline,True,,True,13,13,315.24863200734677,0.0,131,13,0,0
boundary,2400005,maintained,True,,True,13,13,315.24863200734677,0.0,131,13,0,0
boundary,2400006,baseline,True,,True,11,11,349.66844747201316,0.0,133,11,0,0
boundary,2400006,maintained,True,,True,11,11,349.66844747201316,0.0,133,11,0,0
boundary,2400007,baseline,True,,True,10,10,396.4584081777249,0.0,134,10,0,0
boundary,2400007,maintained,True,,True,10,10,396.4584081777249,0.0,134,10,0,0
boundary,2400008,baseline,True,,True,14,14,292.19617103382535,2.2737367544323206e-13,131,14,0,0
boundary,2400008,maintained,True,,True,14,14,292.19617103382535,2.2737367544323206e-13,131,14,0,0
boundary,2400009,baseline,True,,True,13,13,323.8606909550856,0.0,130,13,0,0
boundary,2400009,maintained,True,,True,13,13,323.8606909550856,0.0,130,13,0,0
boundary,2400010,baseline,True,,True,16,16,267.65904103910793,0.0,124,16,0,0
boundary,2400010,maintained,True,,True,16,16,284.03958475844826,2.2737367544323206e-13,128,16,0,0
boundary,2400011,baseline,True,,True,10,10,362.2466837668775,0.0,132,10,0,0
boundary,2400011,maintained,True,,True,10,10,362.2466837668775,0.0,132,10,0,0
boundary,2400012,baseline,True,,True,13,13,320.8753112177247,4.547473508864641e-13,131,13,0,0
boundary,2400012,maintained,True,,True,13,13,320.8753112177247,4.547473508864641e-13,131,13,0,0
boundary,2400013,baseline,True,,True,10,10,393.536651292442,0.0,133,10,0,0
boundary,2400013,maintained,True,,True,10,10,393.536651292442,0.0,133,10,0,0
boundary,2400014,baseline,True,,True,13,13,329.7059630886436,2.2737367544323206e-13,127,13,0,0
boundary,2400014,maintained,True,,True,13,13,310.7394216476164,1.1368683772161603e-13,128,13,0,0
boundary,2400015,baseline,True,,True,12,12,368.7766850369644,0.0,132,12,0,0
boundary,2400015,maintained,True,,True,12,12,295.02991194842247,0.0,124,12,0,0
boundary,2400016,baseline,True,,True,11,11,370.8118988536813,4.547473508864641e-13,133,11,0,0
boundary,2400016,maintained,True,,True,11,11,370.8118988536813,4.547473508864641e-13,133,11,0,0
boundary,2400017,baseline,True,,True,12,12,299.11017542095414,0.0,123,12,0,0
boundary,2400017,maintained,True,,True,12,12,299.11017542095414,0.0,123,12,0,0
boundary,2400018,baseline,True,,True,14,14,285.7302741235937,2.2737367544323206e-13,128,14,0,0
boundary,2400018,maintained,True,,True,14,14,285.7302741235937,2.2737367544323206e-13,128,14,0,0
boundary,2400019,baseline,True,,True,12,12,305.79534700901615,0.0,129,12,0,0
boundary,2400019,maintained,True,,True,12,12,305.79534700901615,0.0,129,12,0,0
