absence_skipped_measurements,arm,candidate_evaluations,channels_certified_absent,clear,cleared,complete,coverage_sites_cancelled,deferred_targets,discovery_closed,discovery_closed_by_absence,failed_clear,fallback,forced_targets,laser_s,max_step_time_error_s,mean_time_s,measure,measure_s,move_s,normal_exit,opportunistic_measures,optical_s,paired_total_sources,paper_measurements_selected,problem,program_time_s,reschedule_bursts,reschedule_fallbacks,reschedule_steps,rescheduled_targets,route_replans,safe_clear_points,seed,skipped_known_measurements,small_region_probes,small_region_successes,stations_visited,switch_s,virtual_time_s,wall_s
0,step1,65,0,47,16,True,1,16,1,0,31,1,0,32.0,0.0,460.8616162101151,327,1635.0,5264.7858593618375,True,0,141.0,16,1,4,0.3978337000007741,11,1,31,13,51,11,1900011,40,5,4,24,301.0,7373.785859361841,0.4146182999975281
0,step2,65,0,47,16,True,1,16,1,0,31,1,0,32.0,0.0,460.8616162101151,327,1635.0,5264.7858593618375,True,0,141.0,16,1,4,0.3974493999994593,5,1,31,18,55,11,1900011,40,5,4,24,301.0,7373.785859361841,0.4148756000067806
0,step1,105,0,19,16,True,5,16,1,0,3,1,0,32.0,0.0,390.3697697717306,278,1390.0,4511.9163163476915,True,0,57.0,16,0,4,0.3473625000042375,5,1,20,9,36,5,1900112,62,10,10,20,255.0,6245.91631634769,0.36419459999888204
0,step2,105,0,19,16,True,5,16,1,0,3,1,0,32.0,0.0,390.3697697717306,278,1390.0,4511.9163163476915,True,0,57.0,16,0,4,0.3532489000062924,4,1,20,13,38,5,1900112,62,10,10,20,255.0,6245.91631634769,0.3730900999944424
0,step1,39,0,11,10,True,0,10,0,0,1,0,0,20.0,0.0,627.1185075702106,322,1610.0,4310.185075702104,True,0,33.0,10,0,4,0.1491130000067642,6,0,17,6,41,7,1910000,35,4,3,25,298.0,6271.185075702106,0.1665184000012232
0,step2,25,0,11,10,True,0,10,0,0,1,0,0,20.0,0.0,627.3003565950709,322,1610.0,4310.0035659507075,True,0,33.0,10,0,4,0.13529819999530446,2,0,15,9,44,6,1910000,36,5,4,25,300.0,6273.003565950708,0.15247329999692738
0,step1,62,0,15,15,True,0,15,0,0,0,0,0,30.0,0.0,398.21963514976716,236,1180.0,4507.294527246508,True,0,45.0,15,0,4,0.2368006000033347,6,0,20,9,49,7,1910001,75,8,8,25,211.0,5973.294527246508,0.2544736000127159
0,step2,62,0,15,15,True,0,15,0,0,0,0,0,30.0,0.0,398.21963514976716,236,1180.0,4507.294527246508,True,0,45.0,15,0,4,0.23774969999794848,4,0,20,13,53,7,1910001,75,8,8,25,211.0,5973.294527246508,0.2581090000021504
0,step1,52,0,16,16,True,13,16,1,0,0,0,0,32.0,1.1368683772161603e-13,251.73111945928153,162,810.0,2994.6979113485045,True,0,48.0,16,0,4,0.19303080000099726,7,0,21,8,28,9,1910002,24,7,7,12,143.0,4027.6979113485045,0.2121441000053892
0,step2,52,0,16,16,True,13,16,1,0,0,0,0,32.0,1.1368683772161603e-13,251.73111945928153,162,810.0,2994.6979113485045,True,0,48.0,16,0,4,0.1920964000019012,2,0,21,10,28,9,1910002,24,7,7,12,143.0,4027.6979113485045,0.2097442999947816
0,step1,13,0,15,10,True,0,10,0,0,5,1,0,20.0,0.0,681.6056808957745,376,1880.0,4519.056808957747,True,0,45.0,10,0,4,0.2030504000140354,4,1,11,6,41,4,1910003,2,6,5,25,352.0,6816.0568089577455,0.22036120000120718
0,step2,13,0,15,10,True,0,10,0,0,5,1,0,20.0,0.0,681.6056808957745,376,1880.0,4519.056808957747,True,0,45.0,10,0,4,0.2056177999911597,0,1,11,6,41,4,1910003,2,6,5,25,352.0,6816.0568089577455,0.2233535999985179
0,step1,60,0,14,10,True,0,10,0,0,4,1,0,20.0,0.0,645.7647628081537,345,1725.0,4352.647628081536,True,0,42.0,10,0,4,0.32468730000255164,4,1,15,5,40,5,1910004,26,4,4,25,318.0,6457.647628081537,0.34227569999347907
0,step2,60,0,15,10,True,0,10,0,0,5,1,0,20.0,0.0,647.0954026881601,345,1725.0,4362.9540268816,True,0,45.0,10,0,4,0.3342230999987805,2,1,15,7,42,5,1910004,26,5,4,25,318.0,6470.954026881601,0.35274860000936314
0,step1,48,0,15,14,True,0,14,0,0,1,0,0,28.0,0.0,455.2104757168709,321,1605.0,4395.946660036193,True,0,45.0,14,0,4,0.19114300000364892,5,0,17,8,42,6,1910005,78,9,8,25,299.0,6372.946660036193,0.20794320000277366
0,step2,48,0,16,14,True,0,14,0,0,2,0,0,28.0,0.0,456.4177799888906,321,1605.0,4409.848919844468,True,0,48.0,14,0,4,0.18947540000954177,2,0,17,10,44,6,1910005,78,10,8,25,299.0,6389.848919844468,0.2077966000069864
0,step1,59,0,27,13,True,0,13,0,0,14,1,0,26.0,0.0,514.9077643488989,322,1610.0,4681.800936535683,True,0,81.0,13,0,4,0.3980825000035111,6,1,20,8,44,7,1910006,22,8,5,25,295.0,6693.800936535687,0.41543730000557844
0,step2,59,0,27,13,True,0,13,0,0,14,1,0,26.0,0.0,514.9077643488989,322,1610.0,4681.800936535683,True,0,81.0,13,0,4,0.38945139999850653,3,1,20,11,46,7,1910006,22,8,5,25,295.0,6693.800936535687,0.40967799999634735
0,step1,39,0,16,16,True,4,16,1,0,0,0,0,32.0,0.0,357.6861075710661,273,1365.0,4027.9777211370574,True,0,48.0,16,0,4,0.20414200000232086,3,0,13,6,35,4,1910007,69,12,12,21,250.0,5722.977721137057,0.2213352999970084
0,step2,39,0,16,16,True,4,16,1,0,0,0,0,32.0,0.0,357.6861075710661,273,1365.0,4027.9777211370574,True,0,48.0,16,0,4,0.20735720000811853,2,0,13,8,37,4,1910007,69,12,12,21,250.0,5722.977721137057,0.22520290000829846
0,step1,44,0,10,10,True,0,10,0,0,0,0,0,20.0,0.0,612.1809691605025,333,1665.0,4093.8096916050254,True,0,30.0,10,0,4,0.17719970000325702,5,0,14,6,41,6,1910008,45,4,4,25,313.0,6121.809691605025,0.1940796999988379
0,step2,44,0,10,10,True,0,10,0,0,0,0,0,20.0,0.0,612.1809691605025,333,1665.0,4093.8096916050254,True,0,30.0,10,0,4,0.1751289999956498,2,0,14,8,43,6,1910008,45,4,4,25,313.0,6121.809691605025,0.1932610000076238
0,step1,59,0,17,16,True,5,16,1,0,1,0,0,32.0,0.0,378.19849404412776,242,1210.0,4539.175904706045,True,0,51.0,16,0,4,0.2362717999931192,5,0,19,8,36,6,1910009,58,11,10,20,219.0,6051.175904706044,0.2547361000033561
0,step2,59,0,17,16,True,5,16,1,0,1,0,0,32.0,0.0,378.19849404412776,242,1210.0,4539.175904706045,True,0,51.0,16,0,4,0.2387830999941798,4,0,19,12,38,6,1910009,58,11,10,20,219.0,6051.175904706044,0.2570101000019349
0,step1,38,0,11,11,True,0,11,0,0,0,0,0,22.0,0.0,575.4364131336973,360,1800.0,4140.8005444706705,True,0,33.0,11,0,4,0.15734200000588316,4,0,12,4,40,5,1910010,25,6,6,25,334.0,6329.8005444706705,0.17641189999994822
0,step2,26,0,11,11,True,0,11,0,0,0,0,0,22.0,0.0,574.9002695303834,359,1795.0,4139.9029648342175,True,0,33.0,11,0,4,0.1452891999942949,1,0,10,6,42,4,1910010,25,7,7,25,334.0,6323.9029648342175,0.1632298000040464
0,step1,13,0,39,15,True,0,15,0,0,24,1,0,30.0,0.0,422.7671149915161,224,1120.0,4871.506724872751,True,0,117.0,15,0,4,0.34060279998811893,5,1,13,6,46,5,1910011,140,12,9,25,203.0,6341.506724872742,0.35783510000328533
0,step2,13,0,39,15,True,0,15,0,0,24,1,0,30.0,0.0,422.7671149915161,224,1120.0,4871.506724872751,True,0,117.0,15,0,4,0.33936399999947753,1,1,13,7,47,5,1910011,140,12,9,25,203.0,6341.506724872742,0.3571157999977004
0,step1,65,0,21,15,True,0,15,0,0,6,1,0,30.0,0.0,419.9797878692972,274,1370.0,4586.696818039455,True,0,63.0,15,1,4,0.2434484999976121,9,1,27,12,50,9,1910012,96,11,5,25,250.0,6299.696818039458,0.26058079999347683
0,step2,23,0,21,15,True,0,15,0,0,6,1,0,30.0,0.0,404.74682233876626,258,1290.0,4453.2023350814925,True,0,63.0,15,0,4,0.21422520000487566,4,1,28,17,55,10,1910012,93,10,4,25,235.0,6071.202335081494,0.23217860001022927
0,step1,14,0,10,10,True,0,10,0,0,0,0,0,20.0,0.0,641.7476300843311,344,1720.0,4326.476300843311,True,0,30.0,10,0,4,0.13456419999420177,3,0,12,5,40,6,1910013,19,4,4,25,321.0,6417.476300843311,0.15228850000130478
0,step2,14,0,10,10,True,0,10,0,0,0,0,0,20.0,0.0,641.7476300843311,344,1720.0,4326.476300843311,True,0,30.0,10,0,4,0.13626270000531804,1,0,12,6,41,6,1910013,19,4,4,25,321.0,6417.476300843311,0.15420699999958742
0,step1,38,0,13,12,True,0,12,0,0,1,0,0,24.0,0.0,520.4005968022796,357,1785.0,4066.8071616273546,True,0,39.0,12,0,4,0.17543630000727717,6,0,16,6,43,7,1910014,44,6,5,25,330.0,6244.807161627355,0.1942204000079073
0,step2,38,0,13,12,True,0,12,0,0,1,0,0,24.0,0.0,520.4005968022796,357,1785.0,4066.8071616273546,True,0,39.0,12,0,4,0.17923700000392273,2,0,16,8,45,7,1910014,44,6,5,25,330.0,6244.807161627355,0.19610229998943396
0,step1,52,0,33,15,True,0,15,0,0,18,2,0,30.0,0.0,431.54687322345296,285,1425.0,4660.203098351795,True,0,99.0,15,0,4,0.33611150000069756,6,2,18,7,47,5,1910015,78,9,8,25,259.0,6473.203098351794,0.35395380000409205
0,step2,52,0,33,15,True,0,15,0,0,18,2,0,30.0,0.0,431.54687322345296,285,1425.0,4660.203098351795,True,0,99.0,15,0,4,0.34355050000885967,3,2,18,10,50,5,1910015,78,9,8,25,259.0,6473.203098351794,0.36046310000529047
0,step1,11,0,11,10,True,0,10,0,0,1,0,0,20.0,4.547473508864641e-13,602.6902716191096,340,1700.0,3957.9027161910963,True,0,33.0,10,1,4,0.14464460000453983,2,0,7,3,38,3,1910016,43,8,7,25,316.0,6026.902716191096,0.16331470001023263
0,step2,11,0,11,10,True,0,10,0,0,1,0,0,20.0,4.547473508864641e-13,602.6902716191096,340,1700.0,3957.9027161910963,True,0,33.0,10,1,4,0.14479210000718012,1,0,7,4,39,3,1910016,43,8,7,25,316.0,6026.902716191096,0.16178740000759717
0,step1,53,0,22,15,True,0,15,0,0,7,3,0,30.0,2.2737367544323206e-13,420.10330599215126,238,1190.0,4808.549589882268,True,0,66.0,15,0,4,0.44965870000305586,5,3,18,7,47,6,1910017,17,6,6,25,207.0,6301.549589882269,0.4671395999903325
0,step2,53,0,22,15,True,0,15,0,0,7,3,0,30.0,2.2737367544323206e-13,420.10330599215126,238,1190.0,4808.549589882268,True,0,66.0,15,0,4,0.45508139999583364,2,3,18,9,49,6,1910017,17,6,6,25,207.0,6301.549589882269,0.47260339999047574
0,step1,12,0,14,14,True,0,14,0,0,0,0,0,28.0,0.0,450.79069667056547,312,1560.0,4389.0697533879165,True,0,42.0,14,0,4,0.14251510000030976,2,0,11,4,43,6,1910018,30,8,8,25,292.0,6311.0697533879165,0.161213500003214
0,step2,12,0,14,14,True,0,14,0,0,0,0,0,28.0,0.0,450.79069667056547,312,1560.0,4389.0697533879165,True,0,42.0,14,0,4,0.1473695000022417,1,0,11,5,44,6,1910018,30,8,8,25,292.0,6311.0697533879165,0.1648027000046568
0,step1,50,0,15,14,True,0,14,0,0,1,0,0,28.0,0.0,414.4747467177294,259,1295.0,4201.646454048208,True,0,45.0,14,0,4,0.2000904000014998,6,0,16,6,45,6,1910019,57,9,8,25,233.0,5802.646454048211,0.2181210000126157
0,step2,50,0,15,14,True,0,14,0,0,1,0,0,28.0,0.0,414.4747467177294,259,1295.0,4201.646454048208,True,0,45.0,14,0,4,0.20802029999322258,4,0,16,10,49,6,1910019,57,9,8,25,233.0,5802.646454048211,0.22520729999814648
0,step1,42,0,16,15,True,0,15,0,0,1,0,0,30.0,4.547473508864641e-13,389.90739522921945,293,1465.0,4032.61092843829,True,0,48.0,15,0,4,0.20514340000227094,6,0,19,8,48,9,1910020,50,7,6,25,273.0,5848.610928438292,0.2226334000006318
0,step2,42,0,16,15,True,0,15,0,0,1,0,0,30.0,4.547473508864641e-13,389.90739522921945,293,1465.0,4032.61092843829,True,0,48.0,15,0,4,0.2044875999999931,1,0,19,9,49,9,1910020,50,7,6,25,273.0,5848.610928438292,0.2220242000039434
0,step1,0,0,29,15,True,0,15,0,0,14,1,0,30.0,9.094947017729282e-13,393.4708214997087,242,1210.0,4352.062322495632,True,0,87.0,15,0,4,0.3346419000008609,5,1,14,7,47,6,1910021,93,9,8,25,223.0,5902.06232249563,0.35253830000874586
0,step2,0,0,29,15,True,0,15,0,0,14,1,0,30.0,9.094947017729282e-13,393.4708214997087,242,1210.0,4352.062322495632,True,0,87.0,15,0,4,0.33806120000372175,0,1,14,7,47,6,1910021,93,9,8,25,223.0,5902.06232249563,0.3554731000040192
0,step1,0,0,11,10,True,0,10,0,0,1,0,0,20.0,9.094947017729282e-13,597.81730375693,319,1595.0,4034.1730375692996,True,0,33.0,10,0,4,0.12160009999934118,3,0,8,4,39,4,1910022,66,7,6,25,296.0,5978.1730375693,0.13895749999210238
0,step2,0,0,11,10,True,0,10,0,0,1,0,0,20.0,9.094947017729282e-13,597.81730375693,319,1595.0,4034.1730375692996,True,0,33.0,10,0,4,0.12550280000141356,0,0,8,4,39,4,1910022,66,7,6,25,296.0,5978.1730375693,0.14302040000620764
0,step1,0,0,20,14,True,0,14,0,0,6,1,0,28.0,4.547473508864641e-13,426.93478169420365,246,1230.0,4434.086943718851,True,0,60.0,14,0,4,0.18978830000560265,3,1,10,4,42,5,1910023,64,9,8,25,225.0,5977.086943718851,0.20649219999904744
0,step2,0,0,20,14,True,0,14,0,0,6,1,0,28.0,4.547473508864641e-13,426.93478169420365,246,1230.0,4434.086943718851,True,0,60.0,14,0,4,0.1915315000078408,0,1,10,4,42,5,1910023,64,9,8,25,225.0,5977.086943718851,0.21122909999394324
0,step1,24,0,11,10,True,0,10,0,0,1,0,0,20.0,0.0,597.2089310903899,322,1610.0,4010.0893109039,True,0,33.0,10,0,4,0.13369210000382736,3,0,10,4,39,5,1910024,33,6,5,25,299.0,5972.089310903899,0.15176170000631828
0,step2,24,0,11,10,True,0,10,0,0,1,0,0,20.0,0.0,597.2089310903899,322,1610.0,4010.0893109039,True,0,33.0,10,0,4,0.13527059998887125,1,0,10,5,40,5,1910024,33,6,5,25,299.0,5972.089310903899,0.1536257999978261
0,step1,13,0,12,12,True,0,12,0,0,0,0,0,24.0,0.0,497.1825875111599,278,1390.0,4263.191050133917,True,0,36.0,12,0,4,0.14033850000123493,4,0,12,5,42,5,1910025,31,7,7,25,253.0,5966.191050133919,0.1578730000037467
0,step2,13,0,12,12,True,0,12,0,0,0,0,0,24.0,0.0,497.1825875111599,278,1390.0,4263.191050133917,True,0,36.0,12,0,4,0.14560609999170993,2,0,12,7,44,5,1910025,31,7,7,25,253.0,5966.191050133919,0.1632960999995703
0,step1,52,0,18,16,True,4,16,1,0,2,0,0,32.0,0.0,366.2124148389851,252,1260.0,4282.398637423763,True,0,54.0,16,0,4,0.22364599999855272,12,0,33,13,42,13,1910026,40,5,3,21,231.0,5859.398637423762,0.24188079999294132
0,step2,26,0,16,16,True,7,16,1,0,0,0,0,32.0,0.0,323.630441961557,225,1125.0,3770.087071384911,True,0,48.0,16,0,4,0.185420099995099,2,0,23,14,40,8,1910026,37,8,8,18,203.0,5178.087071384912,0.20309189999534283
0,step1,26,0,18,16,True,6,16,1,0,2,0,0,32.0,2.842170943040401e-14,335.992421402607,178,890.0,4242.878742441711,True,0,54.0,16,0,4,0.20815540000330657,6,0,22,9,39,9,1910027,54,9,7,19,157.0,5375.878742441712,0.2246407999919029
0,step2,13,0,18,16,True,6,16,1,0,2,0,0,32.0,2.842170943040401e-14,335.6044416786757,177,885.0,4241.67106685881,True,0,54.0,16,0,4,0.19663050000963267,2,0,20,12,41,8,1910027,54,10,8,19,157.0,5369.671066858811,0.2148546999960672
0,step1,15,0,12,12,True,0,12,0,0,0,0,0,24.0,5.684341886080802e-14,489.9607841706329,279,1395.0,4166.529410047595,True,0,36.0,12,0,4,0.14919860000372864,4,0,12,6,43,4,1910028,40,8,8,25,258.0,5879.529410047595,0.16697779999230988
0,step2,15,0,12,12,True,0,12,0,0,0,0,0,24.0,5.684341886080802e-14,489.9607841706329,279,1395.0,4166.529410047595,True,0,36.0,12,0,4,0.15365960000781342,2,0,12,8,45,4,1910028,40,8,8,25,258.0,5879.529410047595,0.17095149999659043
0,step1,25,0,14,11,True,0,11,0,0,3,0,0,22.0,0.0,576.1589399003087,348,1740.0,4213.748338903396,True,0,42.0,11,0,4,0.1568117999995593,6,0,17,9,45,6,1910029,75,8,5,25,320.0,6337.748338903396,0.17422040000383276
0,step2,25,0,14,11,True,0,11,0,0,3,0,0,22.0,0.0,576.1589399003087,348,1740.0,4213.748338903396,True,0,42.0,11,0,4,0.15524140000343323,2,0,17,11,47,6,1910029,75,8,5,25,320.0,6337.748338903396,0.17315810000582132
0,step1,0,0,15,14,True,0,14,0,0,1,0,0,28.0,0.0,450.1072679062008,322,1610.0,4314.501750686812,True,0,45.0,14,0,4,0.13188159999845084,2,0,7,4,43,3,1910030,50,12,11,25,304.0,6301.501750686811,0.1487914000026649
0,step2,0,0,15,14,True,0,14,0,0,1,0,0,28.0,0.0,450.1072679062008,322,1610.0,4314.501750686812,True,0,45.0,14,0,4,0.12879950000206009,0,0,7,4,43,3,1910030,50,12,11,25,304.0,6301.501750686811,0.14674169999489095
0,step1,52,0,27,12,True,0,12,0,0,15,1,0,24.0,9.094947017729282e-13,570.545366437537,320,1600.0,4848.5443972504445,True,0,81.0,12,0,4,0.3337442999909399,8,1,22,10,47,8,1910031,65,5,3,25,293.0,6846.5443972504445,0.35087610001210123
0,step2,52,0,27,12,True,0,12,0,0,15,1,0,24.0,9.094947017729282e-13,570.545366437537,320,1600.0,4848.5443972504445,True,0,81.0,12,0,4,0.33767989999614656,2,1,22,12,49,8,1910031,65,5,3,25,293.0,6846.5443972504445,0.3545092999993358
0,step1,13,0,12,10,True,0,10,0,0,2,1,0,20.0,0.0,675.7548498607624,343,1715.0,4669.548498607624,True,0,36.0,10,0,4,0.2863208000053419,2,1,8,4,39,2,1910032,33,7,7,25,317.0,6757.548498607624,0.3035507000022335
0,step2,13,0,12,10,True,0,10,0,0,2,1,0,20.0,0.0,675.7548498607624,343,1715.0,4669.548498607624,True,0,36.0,10,0,4,0.2854454999906011,1,1,8,5,40,2,1910032,33,7,7,25,317.0,6757.548498607624,0.303237000000081
0,step1,84,0,18,12,True,0,12,0,0,6,1,0,24.0,0.0,502.33549610041496,303,1515.0,4155.025953204982,True,0,54.0,12,0,4,0.26110619999235496,5,1,14,6,43,5,1910033,70,7,6,25,280.0,6028.0259532049795,0.27865659999952186
0,step2,84,0,18,12,True,0,12,0,0,6,1,0,24.0,0.0,502.33549610041496,303,1515.0,4155.025953204982,True,0,54.0,12,0,4,0.26565990000381134,1,1,14,7,44,5,1910033,70,7,6,25,280.0,6028.0259532049795,0.28236460000334773
0,step1,61,0,32,16,True,2,16,1,0,16,1,0,32.0,2.2737367544323206e-13,375.35123740259814,212,1060.0,4634.6197984415685,True,0,96.0,16,0,4,0.3535376000072574,7,1,21,8,45,8,1910034,56,8,7,23,183.0,6005.61979844157,0.3714363999897614
0,step2,61,0,32,16,True,2,16,1,0,16,1,0,32.0,2.2737367544323206e-13,375.35123740259814,212,1060.0,4634.6197984415685,True,0,96.0,16,0,4,0.3480474999960279,4,1,21,12,49,8,1910034,56,8,7,23,183.0,6005.61979844157,0.36591959999350365
0,step1,45,0,11,10,True,0,10,0,0,1,0,0,20.0,0.0,640.3319465479357,317,1585.0,4470.319465479355,True,0,33.0,10,1,4,0.15928120000171475,5,0,13,6,41,5,1910035,28,6,5,25,295.0,6403.319465479357,0.17637480000848882
0,step2,45,0,11,10,True,0,10,0,0,1,0,0,20.0,0.0,640.3319465479357,317,1585.0,4470.319465479355,True,0,33.0,10,1,4,0.16162930001155473,2,0,13,8,43,5,1910035,28,6,5,25,295.0,6403.319465479357,0.17926610000722576
0,step1,51,0,28,10,True,0,10,0,0,18,1,0,20.0,0.0,658.5835405937547,330,1650.0,4526.835405937547,True,0,84.0,10,0,4,0.3265784999966854,4,1,15,7,42,4,1910036,44,5,5,25,305.0,6585.835405937547,0.34524579999560956
0,step2,51,0,28,10,True,0,10,0,0,18,1,0,20.0,0.0,658.5835405937547,330,1650.0,4526.835405937547,True,0,84.0,10,0,4,0.33096439999644645,3,1,15,10,45,4,1910036,44,5,5,25,305.0,6585.835405937547,0.34844909999810625
0,step1,27,0,15,15,True,0,15,0,0,0,0,0,30.0,9.094947017729282e-13,400.5513049268379,269,1345.0,4345.2695739025685,True,0,45.0,15,0,4,0.20122560000163503,5,0,18,8,48,7,1910037,89,8,8,25,243.0,6008.2695739025685,0.21843759999319445
0,step2,27,0,15,15,True,0,15,0,0,0,0,0,30.0,9.094947017729282e-13,400.5513049268379,269,1345.0,4345.2695739025685,True,0,45.0,15,0,4,0.19994509998650756,2,0,18,10,50,7,1910037,89,8,8,25,243.0,6008.2695739025685,0.2174650999950245
0,step1,57,0,13,13,True,0,13,0,0,0,0,0,26.0,0.0,486.38346882002554,313,1565.0,4404.985094660331,True,0,39.0,13,0,4,0.21587889999500476,7,0,20,7,45,8,1910038,92,5,5,25,288.0,6322.985094660332,0.23364800000854302
0,step2,45,0,13,13,True,0,13,0,0,0,0,0,26.0,0.0,485.9431690999741,312,1560.0,4404.261198299662,True,0,39.0,13,0,4,0.20416919999115635,2,0,18,10,48,7,1910038,92,6,6,25,288.0,6317.261198299663,0.22171329999400768
0,step1,11,0,16,14,True,0,14,0,0,2,0,0,28.0,0.0,443.0862182086443,317,1585.0,4247.207054921022,True,0,48.0,14,0,4,0.17851830000290647,5,0,15,5,43,8,1910039,91,8,6,25,295.0,6203.20705492102,0.19543700000212993
0,step2,11,0,16,14,True,0,14,0,0,2,0,0,28.0,0.0,443.0862182086443,317,1585.0,4247.207054921022,True,0,48.0,14,0,4,0.1813620000029914,2,0,15,7,45,8,1910039,91,8,6,25,295.0,6203.20705492102,0.19908820001001004
0,step1,53,0,20,16,True,1,16,1,0,4,1,0,32.0,0.0,405.5635107971997,274,1370.0,4779.016172755194,True,0,60.0,16,0,4,0.2184486000041943,7,1,22,9,47,7,1910040,39,8,8,24,248.0,6489.016172755195,0.23616290000791196
0,step2,53,0,20,16,True,1,16,1,0,4,1,0,32.0,0.0,405.5635107971997,274,1370.0,4779.016172755194,True,0,60.0,16,0,4,0.23174970000400208,3,1,22,12,50,7,1910040,39,8,8,24,248.0,6489.016172755195,0.2487531999940984
0,step1,64,0,15,11,True,0,11,0,0,4,1,0,22.0,0.0,599.3899343484219,329,1645.0,4584.289277832644,True,0,45.0,11,0,4,0.32416669999656733,5,1,16,5,41,5,1910041,47,6,5,25,297.0,6593.28927783264,0.34425829999963753
0,step2,64,0,15,11,True,0,11,0,0,4,1,0,22.0,0.0,599.3899343484219,329,1645.0,4584.289277832644,True,0,45.0,11,0,4,0.31462410000676755,4,1,16,9,45,5,1910041,47,6,5,25,297.0,6593.28927783264,0.33151160000124946
0,step1,15,0,12,12,True,0,12,0,0,0,0,0,24.0,0.0,542.8079900514686,338,1690.0,4446.695880617622,True,0,36.0,12,0,4,0.15141039999434724,4,0,11,6,43,4,1910042,35,8,8,25,317.0,6513.695880617623,0.16927600000053644
0,step2,15,0,12,12,True,0,12,0,0,0,0,0,24.0,0.0,542.8079900514686,338,1690.0,4446.695880617622,True,0,36.0,12,0,4,0.15193739999085665,1,0,11,7,44,4,1910042,35,8,8,25,317.0,6513.695880617623,0.16958500001055654
0,step1,50,0,46,15,True,0,15,0,0,31,2,0,30.0,0.0,447.47181664292407,268,1340.0,4959.077249643867,True,0,138.0,15,0,4,0.421397900005104,6,2,19,9,46,6,1910043,67,8,7,25,245.0,6712.077249643861,0.43861520000791643
0,step2,50,0,46,15,True,0,15,0,0,31,2,0,30.0,0.0,447.47181664292407,268,1340.0,4959.077249643867,True,0,138.0,15,0,4,0.42839200000162236,2,2,19,11,48,6,1910043,67,8,7,25,245.0,6712.077249643861,0.4454618000017945
0,step1,0,0,21,12,True,0,12,0,0,9,1,0,24.0,0.0,533.9700153267352,293,1465.0,4585.64018392082,True,0,63.0,12,0,4,0.2823344000062207,3,1,11,4,39,6,1910044,108,7,5,25,270.0,6407.640183920822,0.30070269999851007
0,step2,0,0,21,12,True,0,12,0,0,9,1,0,24.0,0.0,533.9700153267352,293,1465.0,4585.64018392082,True,0,63.0,12,0,4,0.2843853999947896,0,1,11,4,39,6,1910044,108,7,5,25,270.0,6407.640183920822,0.30247729999246076
0,step1,27,0,15,10,True,0,10,0,0,5,1,0,20.0,0.0,706.2867247697945,401,2005.0,4615.867247697947,True,0,45.0,10,0,4,0.2922184000053676,5,1,14,7,42,5,1910045,12,4,4,25,377.0,7062.8672476979455,0.3089449999970384
0,step2,27,0,15,10,True,0,10,0,0,5,1,0,20.0,0.0,706.2867247697945,401,2005.0,4615.867247697947,True,0,45.0,10,0,4,0.2992158999986714,1,1,14,8,43,5,1910045,12,4,4,25,377.0,7062.8672476979455,0.3162504999927478
0,step1,0,0,15,15,True,0,15,0,0,0,0,0,30.0,0.0,407.9904706815853,271,1355.0,4436.857060223779,True,0,45.0,15,0,4,0.14881239998794626,3,0,10,5,44,5,1910046,70,10,10,25,253.0,6119.85706022378,0.16602840000996366
0,step2,0,0,15,15,True,0,15,0,0,0,0,0,30.0,0.0,407.9904706815853,271,1355.0,4436.857060223779,True,0,45.0,15,0,4,0.14662840000528377,0,0,10,5,44,5,1910046,70,10,10,25,253.0,6119.85706022378,0.164909400002216
0,step1,38,0,14,11,True,0,11,0,0,3,0,0,22.0,9.094947017729282e-13,593.496791665431,349,1745.0,4391.4647083197415,True,0,42.0,11,0,4,0.16715510000358336,6,0,16,6,42,6,1910047,41,8,5,25,328.0,6528.4647083197415,0.18505819998972584
0,step2,38,0,14,11,True,0,11,0,0,3,0,0,22.0,9.094947017729282e-13,593.496791665431,349,1745.0,4391.4647083197415,True,0,42.0,11,0,4,0.16951519998838194,3,0,16,9,45,6,1910047,41,8,5,25,328.0,6528.4647083197415,0.1866186999977799
0,step1,38,0,15,13,True,0,13,0,0,2,0,0,26.0,0.0,448.24325034859976,266,1330.0,4184.162254531797,True,0,45.0,13,0,4,0.17394190000777598,9,0,21,10,48,9,1910048,37,6,4,25,242.0,5827.162254531797,0.19196919999376405
0,step2,38,0,15,13,True,0,13,0,0,2,0,0,26.0,0.0,447.9708437237807,267,1335.0,4173.620968409149,True,0,45.0,13,0,4,0.18463610000617336,2,0,22,12,50,9,1910048,38,6,4,25,244.0,5823.620968409149,0.2023211000050651
0,step1,13,0,13,11,True,0,11,0,0,2,0,0,22.0,0.0,540.4865366917128,330,1650.0,3927.3519036088423,True,0,39.0,11,0,4,0.13607049999700394,3,0,11,4,40,6,1910049,41,7,5,25,307.0,5945.351903608841,0.15394439999363385
0,step2,13,0,13,11,True,0,11,0,0,2,0,0,22.0,0.0,540.4865366917128,330,1650.0,3927.3519036088423,True,0,39.0,11,0,4,0.13810209999792278,1,0,11,5,41,6,1910049,41,7,5,25,307.0,5945.351903608841,0.15805600000021514
0,step1,66,0,15,14,True,0,14,0,0,1,0,0,28.0,0.0,431.7153204568662,280,1400.0,4313.014486396128,True,0,45.0,14,0,4,0.21550079999724403,7,0,20,7,46,9,1910050,24,6,5,25,258.0,6044.014486396127,0.23323149999487214
0,step2,65,0,16,14,True,0,14,0,0,2,0,0,28.0,0.0,432.87219479536594,280,1400.0,4326.210727135124,True,0,48.0,14,0,4,0.21725489999516867,3,0,20,10,49,9,1910050,24,7,5,25,258.0,6060.210727135123,0.2343503000010969
0,step1,41,0,17,16,True,3,16,1,0,1,0,0,32.0,1.1368683772161603e-13,332.999804931092,208,1040.0,4013.996878897471,True,0,51.0,16,0,4,0.22009350000007544,4,0,15,8,44,5,1910051,70,12,11,22,191.0,5327.996878897472,0.23728049999044742
0,step2,41,0,17,16,True,3,16,1,0,1,0,0,32.0,1.1368683772161603e-13,332.999804931092,208,1040.0,4013.996878897471,True,0,51.0,16,0,4,0.22345630000927486,1,0,15,9,45,5,1910051,70,12,11,22,191.0,5327.996878897472,0.2407459999958519
0,step1,104,0,13,13,True,0,13,0,0,0,0,0,26.0,0.0,517.122947252993,348,1740.0,4595.598314288908,True,0,39.0,13,1,4,0.2550634000072023,10,0,26,10,48,11,1910052,29,2,2,25,322.0,6722.598314288909,0.2723016999952961
0,step2,101,0,13,13,True,0,13,0,0,0,0,0,26.0,0.0,515.8569169567168,347,1735.0,4584.139920437317,True,0,39.0,13,0,4,0.24646429999847896,2,0,24,13,51,10,1910052,29,3,3,25,322.0,6706.139920437318,0.2637988999922527
0,step1,28,0,14,14,True,0,14,0,0,0,0,0,28.0,0.0,449.50143501758004,278,1390.0,4585.020090246121,True,0,42.0,14,0,4,0.18613919999916106,3,0,12,5,44,4,1910053,79,10,10,25,248.0,6293.02009024612,0.2034436999965692
0,step2,28,0,14,14,True,0,14,0,0,0,0,0,28.0,0.0,449.50143501758004,278,1390.0,4585.020090246121,True,0,42.0,14,0,4,0.18764639999426436,1,0,12,6,45,4,1910053,79,10,10,25,248.0,6293.02009024612,0.20442409999668598
0,step1,54,0,21,11,True,0,11,0,0,10,1,0,22.0,0.0,587.1885381464267,329,1645.0,4422.0739196106915,True,0,63.0,11,0,4,0.31730480000260286,3,1,11,5,41,3,1910054,43,8,7,25,307.0,6459.073919610693,0.3356698999996297
0,step2,54,0,21,11,True,0,11,0,0,10,1,0,22.0,0.0,587.1885381464267,329,1645.0,4422.0739196106915,True,0,63.0,11,0,4,0.3331657000089763,2,1,11,7,43,3,1910054,43,8,7,25,307.0,6459.073919610693,0.35150879999855533
0,step1,50,0,13,13,True,0,13,0,0,0,0,0,26.0,0.0,485.2696609714643,286,1430.0,4553.505592629035,True,0,39.0,13,0,4,0.1887393999932101,5,0,15,7,45,6,1910055,44,7,7,25,260.0,6308.505592629036,0.2063305999909062
0,step2,50,0,13,13,True,0,13,0,0,0,0,0,26.0,0.0,485.2696609714643,286,1430.0,4553.505592629035,True,0,39.0,13,0,4,0.19474789999367204,1,0,15,8,46,6,1910055,44,7,7,25,260.0,6308.505592629036,0.21246559999417514
0,step1,41,0,11,11,True,0,11,0,0,0,0,0,22.0,0.0,579.0286555536451,340,1700.0,4308.315211090096,True,0,33.0,11,0,4,0.17186769998806994,4,0,14,5,41,4,1910056,43,7,7,25,306.0,6369.3152110900955,0.18955670000286773
0,step2,41,0,11,11,True,0,11,0,0,0,0,0,22.0,0.0,578.0072184396588,340,1700.0,4297.079402836248,True,0,33.0,11,0,4,0.17419649999646936,4,0,14,9,45,4,1910056,44,7,7,25,306.0,6358.079402836247,0.19142200000351295
0,step1,26,0,63,11,True,0,11,0,0,52,2,0,22.0,0.0,647.1692342319736,352,1760.0,4820.8615765517,True,0,189.0,11,0,4,0.4395836000039708,3,2,11,5,41,3,1910057,27,6,6,25,327.0,7118.86157655171,0.4569486999971559
0,step2,26,0,63,11,True,0,11,0,0,52,2,0,22.0,0.0,647.1692342319736,352,1760.0,4820.8615765517,True,0,189.0,11,0,4,0.42896039999322966,1,2,11,6,42,3,1910057,27,6,6,25,327.0,7118.86157655171,0.44688470000983216
0,step1,14,0,16,16,True,2,16,1,0,0,0,0,32.0,0.0,380.0048633262504,288,1440.0,4295.077813220006,True,0,48.0,16,0,4,0.14808179999818094,2,0,10,5,42,4,1910058,58,12,12,23,265.0,6080.077813220007,0.1650655999983428
0,step2,14,0,16,16,True,2,16,1,0,0,0,0,32.0,0.0,380.0048633262504,288,1440.0,4295.077813220006,True,0,48.0,16,0,4,0.15018670000426937,1,0,10,6,43,4,1910058,58,12,12,23,265.0,6080.077813220007,0.16868509999767412
0,step1,13,0,13,12,True,0,12,0,0,1,0,0,24.0,4.547473508864641e-13,493.64217577076147,266,1330.0,4288.7061092491385,True,0,39.0,12,0,4,0.14270559999567922,1,0,5,4,41,1,1910059,108,12,11,25,242.0,5923.706109249138,0.15998180001042783
0,step2,13,0,13,12,True,0,12,0,0,1,0,0,24.0,4.547473508864641e-13,493.64217577076147,266,1330.0,4288.7061092491385,True,0,39.0,12,0,4,0.1490505999972811,0,0,5,4,41,1,1910059,108,12,11,25,242.0,5923.706109249138,0.16763920000812504
