problem,cleared,virtual_time_s,mean_time_s,program_time_s,complete,stations_visited,measure,clear,failed_clear,fallback,mode,seed,total,normal_exit,strategy,move_s,switch_s,measure_s,optical_s,laser_s,candidate_evaluations,deferred_targets,forced_targets,opportunistic_measures,safe_clear_points,belief_decisions,belief_unavailable,route_decisions,planning_time_s
4,10,10028.058375110431,1002.8058375110431,0.14598000000114553,True,31,386,10,0,0,original,720000,10,True,,,,,,,,,,,,,,,
4,10,9405.092095890031,940.5092095890031,0.11893700000655372,True,31,378,10,0,0,reference,720000,10,True,directional_layers_safe,7129.092095890032,336.0,1890.0,30.0,20.0,0,0,0,0,10,,,,
4,10,9405.092095890164,940.5092095890165,0.573143199988408,True,31,378,10,0,0,route,720000,10,True,directional_layers_safe,7129.092095890169,336.0,1890.0,30.0,20.0,0,0,0,0,10,0,0,30,0.0
4,10,9463.266922329181,946.3266922329182,0.4666323000128614,True,31,376,10,0,0,belief,720000,10,True,directional_layers_safe,7197.2669223291805,336.0,1880.0,30.0,20.0,0,0,0,0,10,24,0,0,0.35609149996889755
4,10,9405.092095890031,940.5092095890031,0.10722940000414383,True,31,378,10,0,0,scan,720000,10,True,directional_layers_safe,7129.092095890032,336.0,1890.0,30.0,20.0,0,0,0,0,10,0,0,0,0.0
4,10,9463.266922329314,946.3266922329315,0.9175038000103086,True,31,376,10,0,0,combined,720000,10,True,directional_layers_safe,7197.266922329316,336.0,1880.0,30.0,20.0,0,0,0,0,10,24,0,30,0.34734049999678973
4,14,10265.103474611034,733.221676757931,0.18697579999570735,True,31,268,14,0,0,original,720001,14,True,,,,,,,,,,,,,,,
4,14,9658.731157918155,689.9093684227254,0.3230221999983769,True,31,268,16,2,1,reference,720001,14,True,directional_layers_safe,8015.731157918154,227.0,1340.0,48.0,28.0,0,0,0,0,13,,,,
4,14,9759.548625001895,697.1106160715639,0.7142118000047049,True,31,266,16,2,1,route,720001,14,True,directional_layers_safe,8130.5486250019,223.0,1330.0,48.0,28.0,0,0,0,0,13,0,0,30,0.0
4,14,9632.347750955081,688.0248393539343,0.5902853000006871,True,31,268,14,0,0,belief,720001,14,True,directional_layers_safe,7995.34775095508,227.0,1340.0,42.0,28.0,0,0,0,0,14,31,0,0,0.4430376000527758
4,14,9658.731157918155,689.9093684227254,0.3458801999950083,True,31,268,16,2,1,scan,720001,14,True,directional_layers_safe,8015.731157918154,227.0,1340.0,48.0,28.0,0,0,0,0,13,0,0,0,0.0
4,14,9665.521350390587,690.3943821707562,0.9837727999984054,True,31,263,14,0,0,combined,720001,14,True,directional_layers_safe,8057.521350390592,223.0,1315.0,42.0,28.0,0,0,0,0,14,30,0,30,0.45297309996385593
4,16,6776.7193838659205,423.54496149162003,0.22019300000101794,True,14,189,29,13,1,original,720002,16,True,,,,,,,,,,,,,,,
4,16,6290.751609316296,393.1719755822685,0.3203938999940874,True,14,184,22,6,1,reference,720002,16,True,directional_layers_safe,5114.751609316294,158.0,920.0,66.0,32.0,0,0,0,0,15,,,,
4,16,6039.127777400629,377.44548608753934,0.45589580001251306,True,14,185,16,0,0,route,720002,16,True,directional_layers_safe,4874.127777400628,160.0,925.0,48.0,32.0,0,0,0,0,16,0,0,14,0.0
4,16,6397.229120566661,399.8268200354163,0.6773202000040328,True,14,180,16,0,0,belief,720002,16,True,directional_layers_safe,5259.229120566662,158.0,900.0,48.0,32.0,0,0,0,0,16,31,0,0,0.5262435999902664
4,16,6302.389117686635,393.89931985541466,0.3576489999977639,True,14,184,18,2,1,scan,720002,16,True,directional_layers_safe,5138.389117686633,158.0,920.0,54.0,32.0,0,0,0,0,15,0,0,0,0.0
4,16,6443.631190729376,402.726949420586,1.0661025000008522,True,14,184,16,0,0,combined,720002,16,True,directional_layers_safe,5283.631190729377,160.0,920.0,48.0,32.0,0,0,0,0,16,33,0,14,0.5897977000422543
4,12,10896.829541479172,908.0691284565977,0.16703270000289194,True,31,358,24,12,1,original,720003,12,True,,,,,,,,,,,,,,,
4,12,9958.004813385733,829.833734448811,0.28968639999220613,True,31,319,19,7,1,reference,720003,12,True,directional_layers_safe,8009.004813385731,273.0,1595.0,57.0,24.0,0,0,0,0,11,,,,
4,12,9958.004813385733,829.833734448811,0.7042323999921791,True,31,319,19,7,1,route,720003,12,True,directional_layers_safe,8009.004813385731,273.0,1595.0,57.0,24.0,0,0,0,0,11,0,0,29,0.0
4,12,10252.757366444872,854.3964472037393,0.852977300004568,True,31,322,19,7,1,belief,720003,12,True,directional_layers_safe,8288.75736644487,273.0,1610.0,57.0,24.0,0,0,0,0,11,35,0,0,0.547885799955111
4,12,9958.004813385733,829.833734448811,0.33709929999895394,True,31,319,19,7,1,scan,720003,12,True,directional_layers_safe,8009.004813385731,273.0,1595.0,57.0,24.0,0,0,0,0,11,0,0,0,0.0
4,12,10252.757366444872,854.3964472037393,1.3170042999990983,True,31,322,19,7,1,combined,720003,12,True,directional_layers_safe,8288.75736644487,273.0,1610.0,57.0,24.0,0,0,0,0,11,35,0,29,0.5597647000104189
4,14,10783.492143251815,770.2494388037011,0.18419230000290554,True,31,321,28,14,1,original,720004,14,True,,,,,,,,,,,,,,,
4,14,10097.361088053927,721.2400777181376,0.4744721000024583,True,31,290,22,8,2,reference,720004,14,True,directional_layers_safe,8305.36108805393,248.0,1450.0,66.0,28.0,0,0,0,0,12,,,,
4,14,9888.924315545666,706.3517368246904,0.8854728000005707,True,31,285,22,8,2,route,720004,14,True,directional_layers_safe,8127.924315545664,242.0,1425.0,66.0,28.0,0,0,0,0,12,0,0,29,0.0
4,14,9965.584483524499,711.8274631088927,0.6642406000028132,True,31,286,14,0,0,belief,720004,14,True,directional_layers_safe,8217.584483524503,248.0,1430.0,42.0,28.0,0,0,0,0,14,29,0,0,0.5160094000020763
4,14,10097.361088053927,721.2400777181376,0.5744635000010021,True,31,290,22,8,2,scan,720004,14,True,directional_layers_safe,8305.36108805393,248.0,1450.0,66.0,28.0,0,0,0,0,12,0,0,0,0.0
4,14,9735.771377301244,695.4122412358031,1.0320724000048358,True,31,281,14,0,0,combined,720004,14,True,directional_layers_safe,8018.771377301245,242.0,1405.0,42.0,28.0,0,0,0,0,14,30,0,29,0.48648389997833874
4,16,8925.855143235538,557.8659464522211,0.3351613999984693,True,22,170,27,11,1,original,720005,16,True,,,,,,,,,,,,,,,
4,16,5874.346238566394,367.14663991039964,0.17568970000138506,True,12,134,16,0,0,reference,720005,16,True,directional_layers_safe,5023.346238566393,101.0,670.0,48.0,32.0,0,0,0,0,16,,,,
4,16,6868.2658915442325,429.26661822151453,0.4330424999934621,True,16,160,16,0,0,route,720005,16,True,directional_layers_safe,5865.2658915442325,123.0,800.0,48.0,32.0,0,0,0,0,16,0,0,16,0.0
4,16,6164.839810571933,385.30248816074584,0.7971523000014713,True,12,131,16,0,0,belief,720005,16,True,directional_layers_safe,5328.839810571933,101.0,655.0,48.0,32.0,0,0,0,0,16,38,0,0,0.6194863999990048
4,16,5874.346238566394,367.14663991039964,0.1662125000002561,True,12,134,16,0,0,scan,720005,16,True,directional_layers_safe,5023.346238566393,101.0,670.0,48.0,32.0,0,0,0,0,16,0,0,0,0.0
4,16,7135.644886378684,445.9778053986677,1.0588178000034532,True,16,157,16,0,0,combined,720005,16,True,directional_layers_safe,6147.644886378683,123.0,785.0,48.0,32.0,0,0,0,0,16,38,0,16,0.6140689999883762
4,12,10677.957858200261,889.8298215166884,0.16506859999208245,True,31,379,12,0,0,original,720006,12,True,,,,,,,,,,,,,,,
4,12,10154.112797061445,846.1760664217871,0.1390395000053104,True,31,336,12,0,0,reference,720006,12,True,directional_layers_safe,8121.112797061444,293.0,1680.0,36.0,24.0,0,0,0,0,12,,,,
4,12,10154.112797061445,846.1760664217871,0.5734534000075655,True,31,336,12,0,0,route,720006,12,True,directional_layers_safe,8121.112797061444,293.0,1680.0,36.0,24.0,0,0,0,0,12,0,0,29,0.0
4,12,10222.847706873272,851.9039755727727,0.6245104999979958,True,31,337,12,0,0,belief,720006,12,True,directional_layers_safe,8184.847706873274,293.0,1685.0,36.0,24.0,0,0,0,0,12,31,1,0,0.4763125999161275
4,12,10154.112797061445,846.1760664217871,0.13871579999977257,True,31,336,12,0,0,scan,720006,12,True,directional_layers_safe,8121.112797061444,293.0,1680.0,36.0,24.0,0,0,0,0,12,0,0,0,0.0
4,12,10222.847706873272,851.9039755727727,1.1109246999985771,True,31,337,12,0,0,combined,720006,12,True,directional_layers_safe,8184.847706873274,293.0,1685.0,36.0,24.0,0,0,0,0,12,31,1,29,0.4963127999944845
4,14,10910.59027751991,779.3278769657079,0.19734179999795742,True,31,295,14,0,0,original,720007,14,True,,,,,,,,,,,,,,,
4,14,9362.882177165711,668.7772983689794,0.134509400013485,True,31,266,14,0,0,reference,720007,14,True,directional_layers_safe,7735.88217716571,227.0,1330.0,42.0,28.0,0,0,0,0,14,,,,
4,14,9362.882177165711,668.7772983689794,0.5021452999935718,True,31,266,14,0,0,route,720007,14,True,directional_layers_safe,7735.88217716571,227.0,1330.0,42.0,28.0,0,0,0,0,14,0,0,29,0.0
4,14,9554.22818081886,682.44487005849,0.5948852000001352,True,31,267,14,0,0,belief,720007,14,True,directional_layers_safe,7922.228180818862,227.0,1335.0,42.0,28.0,0,0,0,0,14,29,0,0,0.44729699999152217
4,14,9362.882177165711,668.7772983689794,0.14847780000127386,True,31,266,14,0,0,scan,720007,14,True,directional_layers_safe,7735.88217716571,227.0,1330.0,42.0,28.0,0,0,0,0,14,0,0,0,0.0
4,14,9554.22818081886,682.44487005849,0.958191199999419,True,31,267,14,0,0,combined,720007,14,True,directional_layers_safe,7922.228180818862,227.0,1335.0,42.0,28.0,0,0,0,0,14,29,0,29,0.44560800002363976
4,16,6038.189064061832,377.3868165038645,0.1859563000034541,True,15,157,26,10,1,original,720008,16,True,,,,,,,,,,,,,,,
4,16,5964.685364560321,372.7928352850201,0.653698499998427,True,13,154,29,13,3,reference,720008,16,True,directional_layers_safe,4943.685364560321,132.0,770.0,87.0,32.0,0,0,0,0,13,,,,
4,16,5365.118175405108,335.3198859628192,0.7271565999981249,True,12,147,28,12,2,route,720008,16,True,directional_layers_safe,4388.118175405109,126.0,735.0,84.0,32.0,0,0,0,0,14,0,0,12,0.0
4,16,6815.2534020329285,425.95333762705803,1.1538506000069901,True,13,164,38,22,2,belief,720008,16,True,directional_layers_safe,5717.2534020329285,132.0,820.0,114.0,32.0,0,0,0,0,14,41,0,0,0.6810326000559144
4,16,5963.805779674001,372.7378612296251,0.7724633000034373,True,13,154,27,11,3,scan,720008,16,True,directional_layers_safe,4948.805779674001,132.0,770.0,81.0,32.0,0,0,0,0,13,0,0,0,0.0
4,16,6350.049896127439,396.8781185079649,1.5613331999920774,True,12,160,38,22,2,combined,720008,16,True,directional_layers_safe,5278.049896127439,126.0,800.0,114.0,32.0,0,0,0,0,14,44,0,12,0.7430141999502666
4,15,11215.220383523167,747.6813589015444,0.26205140000092797,True,31,277,15,0,0,original,720009,15,True,,,,,,,,,,,,,,,
4,15,9675.218524029691,645.014568268646,0.1750389999942854,True,31,249,15,0,0,reference,720009,15,True,directional_layers_safe,8152.218524029691,203.0,1245.0,45.0,30.0,0,0,0,0,15,,,,
4,15,9738.129311558554,649.2086207705703,0.5228729999944335,True,31,259,15,0,0,route,720009,15,True,directional_layers_safe,8157.129311558555,211.0,1295.0,45.0,30.0,0,0,0,0,15,0,0,30,0.0
4,15,9547.03007298075,636.4686715320499,0.662619700000505,True,31,245,15,0,0,belief,720009,15,True,directional_layers_safe,8044.030072980751,203.0,1225.0,45.0,30.0,0,0,0,0,15,31,0,0,0.4981134999979986
4,15,9675.218524029691,645.014568268646,0.16230680000444409,True,31,249,15,0,0,scan,720009,15,True,directional_layers_safe,8152.218524029691,203.0,1245.0,45.0,30.0,0,0,0,0,15,0,0,0,0.0
4,15,9645.679639748427,643.0453093165618,1.0485577000072226,True,31,255,15,0,0,combined,720009,15,True,directional_layers_safe,8084.679639748424,211.0,1275.0,45.0,30.0,0,0,0,0,15,32,0,30,0.5261951999709709
4,14,10369.871448495933,740.7051034639952,0.22259170000324957,True,31,267,26,12,1,original,720010,14,True,,,,,,,,,,,,,,,
4,14,10465.798659707503,747.5570471219645,0.3209534000052372,True,31,297,26,12,1,reference,720010,14,True,directional_layers_safe,8629.798659707501,245.0,1485.0,78.0,28.0,0,0,0,0,13,,,,
4,14,10562.644040439749,754.474574317125,0.7505702999915229,True,31,300,26,12,1,route,720010,14,True,directional_layers_safe,8711.644040439747,245.0,1500.0,78.0,28.0,0,0,0,0,13,0,0,29,0.0
4,14,10431.914917224074,745.1367798017196,0.8168416999978945,True,31,291,26,12,1,belief,720010,14,True,directional_layers_safe,8625.91491722407,245.0,1455.0,78.0,28.0,0,0,0,0,13,32,1,0,0.504117300035432
4,14,10502.46026874326,750.1757334816614,0.3482508000015514,True,31,297,24,10,1,scan,720010,14,True,directional_layers_safe,8672.460268743262,245.0,1485.0,72.0,28.0,0,0,0,0,13,0,0,0,0.0
4,14,10592.507615511107,756.6076868222219,1.2933431999990717,True,31,291,29,15,1,combined,720010,14,True,directional_layers_safe,8777.50761551111,245.0,1455.0,87.0,28.0,0,0,0,0,13,32,1,29,0.5211639000481227
4,16,7193.690789663694,449.6056743539809,0.19705030000477564,True,18,229,28,12,2,original,720011,16,True,,,,,,,,,,,,,,,
4,16,9938.063916426021,621.1289947766263,0.2929869000072358,True,29,245,24,8,1,reference,720011,16,True,directional_layers_safe,8411.063916426023,198.0,1225.0,72.0,32.0,0,0,0,0,15,,,,
4,16,7334.433293211329,458.4020808257081,0.7093915000004927,True,18,205,25,9,2,route,720011,16,True,directional_layers_safe,6028.4332932113275,174.0,1025.0,75.0,32.0,0,0,0,0,14,0,0,18,0.0
4,16,9867.916652732478,616.7447907957799,0.8555046999972546,True,29,240,24,8,1,belief,720011,16,True,directional_layers_safe,8365.916652732481,198.0,1200.0,72.0,32.0,0,0,0,0,15,35,1,0,0.5572357999917585
4,16,9938.063916426021,621.1289947766263,0.3198102000023937,True,29,245,24,8,1,scan,720011,16,True,directional_layers_safe,8411.063916426023,198.0,1225.0,72.0,32.0,0,0,0,0,15,0,0,0,0.0
4,16,7403.8580458843,462.74112786776874,1.1962993000051938,True,18,206,24,8,1,combined,720011,16,True,directional_layers_safe,6095.858045884299,174.0,1030.0,72.0,32.0,0,0,0,0,15,35,1,18,0.5698329000442754
4,15,10467.36666607114,697.8244444047427,0.20365370000945404,True,31,255,24,9,1,original,720012,15,True,,,,,,,,,,,,,,,
4,15,10133.159813588087,675.5439875725391,0.3209811999986414,True,31,243,26,11,1,reference,720012,15,True,directional_layers_safe,8614.15981358809,196.0,1215.0,78.0,30.0,0,0,0,0,14,,,,
4,15,10079.248564000027,671.9499042666685,0.7057801999908406,True,31,255,26,11,1,route,720012,15,True,directional_layers_safe,8488.24856400003,208.0,1275.0,78.0,30.0,0,0,0,0,14,0,0,29,0.0
4,15,10489.399339019214,699.2932892679476,0.8988210999959847,True,31,244,24,9,1,belief,720012,15,True,directional_layers_safe,8971.399339019215,196.0,1220.0,72.0,30.0,0,0,0,0,14,36,1,0,0.5708712999621639
4,15,10133.159813588087,675.5439875725391,0.36313450000307057,True,31,243,26,11,1,scan,720012,15,True,directional_layers_safe,8614.15981358809,196.0,1215.0,78.0,30.0,0,0,0,0,14,0,0,0,0.0
4,15,10436.38814177115,695.7592094514099,1.2678351000067778,True,31,256,24,9,1,combined,720012,15,True,directional_layers_safe,8846.388141771153,208.0,1280.0,72.0,30.0,0,0,0,0,14,36,1,29,0.5549151000159327
4,14,10717.510531093016,765.5364665066439,0.2041004999919096,True,31,313,14,0,0,original,720013,14,True,,,,,,,,,,,,,,,
4,14,10659.503892292618,761.3931351637584,0.4823997000057716,True,31,286,29,15,2,reference,720013,14,True,directional_layers_safe,8870.50389229262,244.0,1430.0,87.0,28.0,0,0,0,0,12,,,,
4,14,10898.772827232377,778.4837733737412,0.9168965999997454,True,31,297,29,15,2,route,720013,14,True,directional_layers_safe,9043.772827232375,255.0,1485.0,87.0,28.0,0,0,0,0,12,0,0,29,0.0
4,14,11245.871346013479,803.2765247152485,1.13679950000369,True,31,295,31,17,2,belief,720013,14,True,directional_layers_safe,9405.871346013477,244.0,1475.0,93.0,28.0,0,0,0,0,12,41,0,0,0.6409125999489333
4,14,10659.503892292618,761.3931351637584,0.5883909999975003,True,31,286,29,15,2,scan,720013,14,True,directional_layers_safe,8870.50389229262,244.0,1430.0,87.0,28.0,0,0,0,0,12,0,0,0,0.0
4,14,11582.730078241626,827.3378627315448,1.6708523999986937,True,31,306,32,18,2,combined,720013,14,True,directional_layers_safe,9673.730078241624,255.0,1530.0,96.0,28.0,0,0,0,0,12,41,0,29,0.6488888999592746
4,14,11462.978067121507,818.7841476515362,0.17894840000371914,True,31,329,29,15,1,original,720014,14,True,,,,,,,,,,,,,,,
4,14,9619.032021511484,687.0737158222489,0.3399228999915067,True,31,271,19,5,2,reference,720014,14,True,directional_layers_safe,7950.032021511491,229.0,1355.0,57.0,28.0,0,0,0,0,12,,,,
4,14,9453.518647402518,675.2513319573227,0.7696886000048835,True,31,290,19,5,2,route,720014,14,True,directional_layers_safe,7672.5186474025195,246.0,1450.0,57.0,28.0,0,0,0,0,12,0,0,30,0.0
4,14,9611.752155898086,686.5537254212919,0.6380859000055352,True,31,272,14,0,0,belief,720014,14,True,directional_layers_safe,7952.75215589809,229.0,1360.0,42.0,28.0,0,0,0,0,14,33,0,0,0.49835200008237734
4,14,9619.032021511484,687.0737158222489,0.4120864000142319,True,31,271,19,5,2,scan,720014,14,True,directional_layers_safe,7950.032021511491,229.0,1355.0,57.0,28.0,0,0,0,0,12,0,0,0,0.0
4,14,9391.679710421417,670.8342650301012,1.0151248000038322,True,31,289,14,0,0,combined,720014,14,True,directional_layers_safe,7629.679710421419,247.0,1445.0,42.0,28.0,0,0,0,0,14,32,0,29,0.4616078000399284
4,10,10951.231051627643,1095.1231051627642,0.12756760000775103,True,31,378,21,11,1,original,720015,10,True,,,,,,,,,,,,,,,
4,10,10064.250630783878,1006.4250630783878,0.28555229998892173,True,31,375,18,8,1,reference,720015,10,True,directional_layers_safe,7782.250630783878,333.0,1875.0,54.0,20.0,0,0,0,0,9,,,,
4,10,10111.84783890353,1011.184783890353,0.7910182000050554,True,31,379,18,8,1,route,720015,10,True,directional_layers_safe,7805.847838903532,337.0,1895.0,54.0,20.0,0,0,0,0,9,0,0,29,0.0
4,10,10122.686054922924,1012.2686054922924,0.6765526000090176,True,31,375,19,9,1,belief,720015,10,True,directional_layers_safe,7837.686054922925,333.0,1875.0,57.0,20.0,0,0,0,0,9,25,1,0,0.3835387000726769
4,10,10163.401644957914,1016.3401644957914,0.3284875999961514,True,31,375,17,7,1,scan,720015,10,True,directional_layers_safe,7884.401644957914,333.0,1875.0,51.0,20.0,0,0,0,0,9,0,0,0,0.0
4,10,10139.84252269795,1013.9842522697951,1.1501786000007996,True,31,378,13,3,1,combined,720015,10,True,directional_layers_safe,7853.8425226979525,337.0,1890.0,39.0,20.0,0,0,0,0,9,24,1,29,0.36020500004815403
4,14,11060.268141074068,790.019152933862,0.2028269000002183,True,31,307,14,0,0,original,720016,14,True,,,,,,,,,,,,,,,
4,14,10264.551304706627,733.1822360504733,0.6377091000031214,True,31,298,67,53,3,reference,720016,14,True,directional_layers_safe,8288.55130470663,257.0,1490.0,201.0,28.0,0,0,0,0,11,,,,
4,14,10306.7290060629,736.1949290044929,1.0940124000044307,True,31,315,67,53,3,route,720016,14,True,directional_layers_safe,8228.729006062902,274.0,1575.0,201.0,28.0,0,0,0,0,11,0,0,30,0.0
4,14,9615.43734114228,686.8169529387343,0.6716693999915151,True,31,299,14,0,0,belief,720016,14,True,directional_layers_safe,7791.43734114228,259.0,1495.0,42.0,28.0,0,0,0,0,14,31,0,0,0.5227831999509363
4,14,11243.242136817806,803.0887240584146,0.7876827000000048,True,31,298,137,123,3,scan,720016,14,True,directional_layers_safe,9057.242136817824,257.0,1490.0,411.0,28.0,0,0,0,0,11,0,0,0,0.0
4,14,9416.53067255217,672.6093337537264,1.0715930000005756,True,31,307,14,0,0,combined,720016,14,True,directional_layers_safe,7545.530672552167,266.0,1535.0,42.0,28.0,0,0,0,0,14,32,0,30,0.5043470000236994
4,14,10910.918010606287,779.3512864718776,0.1779643999907421,True,31,360,21,7,1,original,720017,14,True,,,,,,,,,,,,,,,
4,14,10029.537656637222,716.3955469026587,0.48183020000578836,True,31,284,33,19,2,reference,720017,14,True,directional_layers_safe,8243.537656637222,239.0,1420.0,99.0,28.0,0,0,0,0,12,,,,
4,14,10029.537656637222,716.3955469026587,0.8727011000009952,True,31,284,33,19,2,route,720017,14,True,directional_layers_safe,8243.537656637222,239.0,1420.0,99.0,28.0,0,0,0,0,12,0,0,29,0.0
4,14,10842.734731866909,774.4810522762078,1.197189200000139,True,31,298,35,21,2,belief,720017,14,True,directional_layers_safe,8980.734731866913,239.0,1490.0,105.0,28.0,0,0,0,0,12,46,0,0,0.6971087000420084
4,14,10050.841366654533,717.9172404753238,0.571000500000082,True,31,284,31,17,2,scan,720017,14,True,directional_layers_safe,8270.841366654533,239.0,1420.0,93.0,28.0,0,0,0,0,12,0,0,0,0.0
4,14,10809.291132862065,772.0922237758617,1.6787490999995498,True,31,298,25,11,2,combined,720017,14,True,directional_layers_safe,8977.291132862067,239.0,1490.0,75.0,28.0,0,0,0,0,12,46,0,29,0.6965357000444783
4,14,10772.406719626457,769.4576228304612,0.1682730000029551,True,31,314,23,9,1,original,720018,14,True,,,,,,,,,,,,,,,
4,14,9968.385251733127,712.0275179809377,0.13697450001200195,True,31,299,14,0,0,reference,720018,14,True,directional_layers_safe,8149.385251733131,254.0,1495.0,42.0,28.0,0,0,0,0,14,,,,
4,14,10697.100731086033,764.0786236490023,0.5522500000079162,True,31,310,14,0,0,route,720018,14,True,directional_layers_safe,8813.100731086035,264.0,1550.0,42.0,28.0,0,0,0,0,14,0,0,29,0.0
4,14,9932.61809209969,709.4727208642636,0.619108500002767,True,31,296,14,0,0,belief,720018,14,True,directional_layers_safe,8128.618092099694,254.0,1480.0,42.0,28.0,0,0,0,0,14,32,0,0,0.478523400000995
4,14,9968.385251733127,712.0275179809377,0.13998700000229292,True,31,299,14,0,0,scan,720018,14,True,directional_layers_safe,8149.385251733131,254.0,1495.0,42.0,28.0,0,0,0,0,14,0,0,0,0.0
4,14,10701.511512856183,764.3936794897273,1.062470700009726,True,31,306,14,0,0,combined,720018,14,True,directional_layers_safe,8837.511512856183,264.0,1530.0,42.0,28.0,0,0,0,0,14,32,0,29,0.5025096999888774
4,10,9549.133566819786,954.9133566819786,0.14233219999005087,True,31,379,10,0,0,original,720019,10,True,,,,,,,,,,,,,,,
4,10,9239.99977612384,923.9999776123839,0.09874809999018908,True,31,361,10,0,0,reference,720019,10,True,directional_layers_safe,7057.999776123837,327.0,1805.0,30.0,20.0,0,0,0,0,10,,,,
4,10,9100.910122685638,910.0910122685639,0.5688269999955082,True,31,361,10,0,0,route,720019,10,True,directional_layers_safe,6918.910122685637,327.0,1805.0,30.0,20.0,0,0,0,0,10,0,0,29,0.0
4,10,9389.903836453881,938.9903836453881,0.437001499987673,True,31,362,10,0,0,belief,720019,10,True,directional_layers_safe,7202.90383645388,327.0,1810.0,30.0,20.0,0,0,0,0,10,19,0,0,0.32298620002984535
4,10,9239.99977612384,923.9999776123839,0.09762339999724645,True,31,361,10,0,0,scan,720019,10,True,directional_layers_safe,7057.999776123837,327.0,1805.0,30.0,20.0,0,0,0,0,10,0,0,0,0.0
4,10,9250.81418301568,925.081418301568,0.9147166999900946,True,31,362,10,0,0,combined,720019,10,True,directional_layers_safe,7063.81418301568,327.0,1810.0,30.0,20.0,0,0,0,0,10,19,0,29,0.32300040002155583
4,13,11204.941395159076,861.9185688583905,0.16857789999630768,True,31,316,19,6,1,original,720020,13,True,,,,,,,,,,,,,,,
4,13,9928.371218037046,763.7208629259266,0.3002100000012433,True,31,311,26,13,1,reference,720020,13,True,directional_layers_safe,7996.371218037048,273.0,1555.0,78.0,26.0,0,0,0,0,12,,,,
4,13,10246.274152751159,788.1749348270122,0.8929306000063661,True,31,301,37,24,2,route,720020,13,True,directional_layers_safe,8344.274152751153,260.0,1505.0,111.0,26.0,0,0,0,0,11,0,0,29,0.0
4,13,10220.590964021569,786.199304924736,0.8258843999938108,True,31,316,26,13,1,belief,720020,13,True,directional_layers_safe,8263.59096402157,273.0,1580.0,78.0,26.0,0,0,0,0,12,32,0,0,0.5207706000073813
4,13,9949.874735164236,765.3749796280182,0.3415453999914462,True,31,311,25,12,1,scan,720020,13,True,directional_layers_safe,8020.87473516424,273.0,1555.0,75.0,26.0,0,0,0,0,12,0,0,0,0.0
4,13,10851.872563351231,834.7594279500947,1.5498202000017045,True,31,312,25,12,2,combined,720020,13,True,directional_layers_safe,8930.872563351235,260.0,1560.0,75.0,26.0,0,0,0,0,11,40,0,29,0.5909383000107482
4,14,11102.265902351155,793.0189930250825,0.1696728999959305,True,31,358,17,3,1,original,720021,14,True,,,,,,,,,,,,,,,
4,14,9723.540512572012,694.538608040858,0.3780467000033241,True,31,305,24,10,2,reference,720021,14,True,directional_layers_safe,7833.5405125720135,265.0,1525.0,72.0,28.0,0,0,0,0,12,,,,
4,14,9603.292913039542,685.9494937885387,0.6602132999978494,True,31,314,18,4,1,route,720021,14,True,directional_layers_safe,7676.29291303954,275.0,1570.0,54.0,28.0,0,0,0,0,13,0,0,29,0.0
4,14,9681.983261265135,691.5702329475097,0.646351000003051,True,31,305,14,0,0,belief,720021,14,True,directional_layers_safe,7821.983261265135,265.0,1525.0,42.0,28.0,0,0,0,0,14,32,0,0,0.4925633999664569
4,14,9791.74063916852,699.4100456548942,0.4089512999926228,True,31,305,28,14,2,scan,720021,14,True,directional_layers_safe,7889.740639168522,265.0,1525.0,84.0,28.0,0,0,0,0,12,0,0,0,0.0
4,14,9552.139961939667,682.295711567119,1.0654987000016263,True,31,313,14,0,0,combined,720021,14,True,directional_layers_safe,7642.139961939667,275.0,1565.0,42.0,28.0,0,0,0,0,14,32,0,29,0.4889421999687329
4,15,10925.650403385896,728.3766935590597,0.19185459999425802,True,31,318,15,0,0,original,720022,15,True,,,,,,,,,,,,,,,
4,15,10603.139365756577,706.8759577171052,0.40710029999900144,True,31,263,38,23,2,reference,720022,15,True,directional_layers_safe,8924.139365756577,220.0,1315.0,114.0,30.0,0,0,0,0,13,,,,
4,15,10776.293075940843,718.4195383960562,0.7779473999980837,True,31,268,38,23,2,route,720022,15,True,directional_layers_safe,9064.293075940846,228.0,1340.0,114.0,30.0,0,0,0,0,13,0,0,29,0.0
4,15,10486.174699163992,699.0783132775995,0.6684457000083057,True,31,261,15,0,0,belief,720022,15,True,directional_layers_safe,8886.174699163994,220.0,1305.0,45.0,30.0,0,0,0,0,15,31,0,0,0.5084210999775678
4,15,10603.139365756577,706.8759577171052,0.4751781000086339,True,31,263,38,23,2,scan,720022,15,True,directional_layers_safe,8924.139365756577,220.0,1315.0,114.0,30.0,0,0,0,0,13,0,0,0,0.0
4,15,10716.630636698299,714.4420424465533,1.06168240000261,True,31,270,15,0,0,combined,720022,15,True,directional_layers_safe,9063.630636698299,228.0,1350.0,45.0,30.0,0,0,0,0,15,34,0,29,0.534873700060416
4,13,10809.414764756677,831.4934434428213,0.1831462999980431,True,31,318,28,15,1,original,720023,13,True,,,,,,,,,,,,,,,
4,13,9677.42029641488,744.4169458780677,0.46728310000617057,True,31,289,32,19,2,reference,720023,13,True,directional_layers_safe,7862.420296414883,248.0,1445.0,96.0,26.0,0,0,0,0,11,,,,
4,13,9272.257996348586,713.2506151037373,0.8806241999991471,True,31,299,32,19,2,route,720023,13,True,directional_layers_safe,7397.257996348587,258.0,1495.0,96.0,26.0,0,0,0,0,11,0,0,29,0.0
4,13,10179.087971610907,783.0067670469928,0.8605231999972602,True,31,295,28,15,1,belief,720023,13,True,directional_layers_safe,8346.087971610908,248.0,1475.0,84.0,26.0,0,0,0,0,12,34,0,0,0.543837600009283
4,13,9677.42029641488,744.4169458780677,0.5548982000036631,True,31,289,32,19,2,scan,720023,13,True,directional_layers_safe,7862.420296414883,248.0,1445.0,96.0,26.0,0,0,0,0,11,0,0,0,0.0
4,13,9775.220626645301,751.9400482034847,1.328177899995353,True,31,304,28,15,1,combined,720023,13,True,directional_layers_safe,7887.220626645304,258.0,1520.0,84.0,26.0,0,0,0,0,12,33,0,29,0.553316899939091
4,16,7762.450920517721,485.15318253235756,0.25929319999704603,True,18,210,40,24,2,original,720024,16,True,,,,,,,,,,,,,,,
4,16,8314.71437146,519.66964821625,0.16416080000635702,True,22,208,16,0,0,reference,720024,16,True,directional_layers_safe,7023.714371460001,171.0,1040.0,48.0,32.0,0,0,0,0,16,,,,
4,16,6480.936042808103,405.0585026755064,0.5829221000021789,True,14,156,28,12,1,route,720024,16,True,directional_layers_safe,5459.936042808102,125.0,780.0,84.0,32.0,0,0,0,0,15,0,0,14,0.0
4,16,8415.139610063703,525.9462256289814,0.806514399999287,True,22,211,16,0,0,belief,720024,16,True,directional_layers_safe,7109.139610063704,171.0,1055.0,48.0,32.0,0,0,0,0,16,41,0,0,0.6260431999980938
4,16,8314.71437146,519.66964821625,0.1559318999934476,True,22,208,16,0,0,scan,720024,16,True,directional_layers_safe,7023.714371460001,171.0,1040.0,48.0,32.0,0,0,0,0,16,0,0,0,0.0
4,16,6921.437881997414,432.58986762483835,1.3162772999930894,True,14,164,24,8,1,combined,720024,16,True,directional_layers_safe,5872.4378819974145,125.0,820.0,72.0,32.0,0,0,0,0,15,44,1,14,0.6762324999581324
4,13,10801.561647555234,830.8893575042488,0.15629110000736546,True,31,330,34,21,2,original,720025,13,True,,,,,,,,,,,,,,,
4,13,9962.797465952386,766.3690358424913,0.36918959999457,True,31,309,23,10,2,reference,720025,13,True,directional_layers_safe,8056.797465952389,266.0,1545.0,69.0,26.0,0,0,0,0,11,,,,
4,13,9841.562674704146,757.0432826695497,0.7301870000083,True,31,333,18,5,1,route,720025,13,True,directional_layers_safe,7801.56267470415,295.0,1665.0,54.0,26.0,0,0,0,0,12,0,0,31,0.0
4,13,10160.71637576831,781.5935673667931,0.7607552999979816,True,31,314,20,7,1,belief,720025,13,True,directional_layers_safe,8238.716375768314,266.0,1570.0,60.0,26.0,0,0,0,0,12,33,0,0,0.5223464000009699
4,13,9947.394481076868,765.1841908520668,0.4332695000048261,True,31,309,19,6,2,scan,720025,13,True,directional_layers_safe,8053.39448107687,266.0,1545.0,57.0,26.0,0,0,0,0,11,0,0,0,0.0
4,13,9856.090196955172,758.1607843811671,1.0289866999955848,True,31,333,13,0,0,combined,720025,13,True,directional_layers_safe,7831.090196955174,295.0,1665.0,39.0,26.0,0,0,0,0,13,27,0,31,0.445199700028752
4,15,10919.999787861176,727.9999858574117,0.2515821999986656,True,31,243,15,0,0,original,720026,15,True,,,,,,,,,,,,,,,
4,15,11097.41820188854,739.8278801259027,0.47422019999066833,True,31,258,55,40,2,reference,720026,15,True,directional_layers_safe,9404.418201888544,208.0,1290.0,165.0,30.0,0,0,0,0,13,,,,
4,15,10015.072054009204,667.6714702672803,0.4873498999950243,True,31,237,15,0,0,route,720026,15,True,directional_layers_safe,8568.072054009206,187.0,1185.0,45.0,30.0,0,0,0,0,15,0,0,29,0.0
4,15,11034.471997308536,735.6314664872357,0.8867936999886297,True,31,254,27,12,1,belief,720026,15,True,directional_layers_safe,9445.471997308538,208.0,1270.0,81.0,30.0,0,0,0,0,14,34,0,0,0.562086299963994
4,15,10830.171884412046,722.0114589608031,0.5618902999995044,True,31,258,17,2,2,scan,720026,15,True,directional_layers_safe,9251.171884412048,208.0,1290.0,51.0,30.0,0,0,0,0,13,0,0,0,0.0
4,15,10113.019223895339,674.2012815930226,0.9932745000114664,True,31,230,15,0,0,combined,720026,15,True,directional_layers_safe,8701.019223895342,187.0,1150.0,45.0,30.0,0,0,0,0,15,32,0,29,0.5302650000085123
4,16,5774.958089318532,360.93488058240825,0.2450449000025401,True,13,164,16,0,0,original,720027,16,True,,,,,,,,,,,,,,,
4,16,5641.086659815456,352.567916238466,0.17259570000169333,True,10,134,16,0,0,reference,720027,16,True,directional_layers_safe,4788.086659815455,103.0,670.0,48.0,32.0,0,0,0,0,16,,,,
4,16,5641.086659815456,352.567916238466,0.381212600012077,True,10,134,16,0,0,route,720027,16,True,directional_layers_safe,4788.086659815455,103.0,670.0,48.0,32.0,0,0,0,0,16,0,0,10,0.0
4,16,5967.435915469189,372.9647447168243,0.8012486000079662,True,10,134,16,0,0,belief,720027,16,True,directional_layers_safe,5114.435915469189,103.0,670.0,48.0,32.0,0,0,0,0,16,43,0,0,0.6331850999267772
4,16,5641.086659815456,352.567916238466,0.15689959999872372,True,10,134,16,0,0,scan,720027,16,True,directional_layers_safe,4788.086659815455,103.0,670.0,48.0,32.0,0,0,0,0,16,0,0,0,0.0
4,16,5967.435915469189,372.9647447168243,1.0231149000028381,True,10,134,16,0,0,combined,720027,16,True,directional_layers_safe,5114.435915469189,103.0,670.0,48.0,32.0,0,0,0,0,16,43,0,10,0.6389197999669705
4,14,10469.386216292782,747.8133011637701,0.19406680000247434,True,31,295,22,8,1,original,720028,14,True,,,,,,,,,,,,,,,
4,14,10551.840161355594,753.7028686682568,0.4901403000112623,True,31,300,78,64,3,reference,720028,14,True,directional_layers_safe,8534.840161355613,255.0,1500.0,234.0,28.0,0,0,0,0,11,,,,
4,14,11005.213280325263,786.0866628803759,0.7517299999890383,True,31,327,68,54,2,route,720028,14,True,directional_layers_safe,8857.213280325273,281.0,1635.0,204.0,28.0,0,0,0,0,12,0,0,29,0.0
4,14,10320.963217746026,737.2116584104305,0.8812685000011697,True,31,305,22,8,1,belief,720028,14,True,directional_layers_safe,8446.963217746026,255.0,1525.0,66.0,28.0,0,0,0,0,13,39,0,0,0.5648976000084076
4,14,10305.895402216891,736.1353858726351,0.5963710000069113,True,31,300,37,23,3,scan,720028,14,True,directional_layers_safe,8411.895402216893,255.0,1500.0,111.0,28.0,0,0,0,0,11,0,0,0,0.0
4,14,10541.836384994434,752.9883132138882,1.123374300004798,True,31,325,14,0,0,combined,720028,14,True,directional_layers_safe,8565.836384994434,281.0,1625.0,42.0,28.0,0,0,0,0,14,34,0,29,0.5346463000314543
4,13,12106.656334173167,931.281256474859,0.18597640001098625,True,31,339,118,105,2,original,720029,13,True,,,,,,,,,,,,,,,
4,13,9853.58658932003,757.9681991784638,0.3376343999989331,True,31,311,46,33,1,reference,720029,13,True,directional_layers_safe,7868.586589320034,266.0,1555.0,138.0,26.0,0,0,0,0,12,,,,
4,13,10079.604414494117,775.3541857303167,0.6780504999915138,True,31,280,46,33,1,route,720029,13,True,directional_layers_safe,8279.60441449412,236.0,1400.0,138.0,26.0,0,0,0,0,12,0,0,29,0.0
4,13,9937.879649274271,764.4522807134055,0.8466543999966234,True,31,314,18,5,1,belief,720029,13,True,directional_layers_safe,8021.879649274273,266.0,1570.0,54.0,26.0,0,0,0,0,12,35,0,0,0.5398993000126211
4,13,9853.58658932003,757.9681991784638,0.3377543999959016,True,31,311,46,33,1,scan,720029,13,True,directional_layers_safe,7868.586589320034,266.0,1555.0,138.0,26.0,0,0,0,0,12,0,0,0,0.0
4,13,10443.865548705171,803.3742729773209,1.26502230000915,True,31,287,37,24,1,combined,720029,13,True,directional_layers_safe,8635.865548705176,236.0,1435.0,111.0,26.0,0,0,0,0,12,37,0,29,0.5483617999852868
4,15,11534.67980901841,768.9786539345606,0.2636153000057675,True,31,239,28,13,1,original,720030,15,True,,,,,,,,,,,,,,,
4,15,10378.486207216274,691.899080481085,0.32731940000667237,True,31,239,21,6,1,reference,720030,15,True,directional_layers_safe,8902.486207216274,188.0,1195.0,63.0,30.0,0,0,0,0,14,,,,
4,15,9966.204517062191,664.4136344708128,0.648088000001735,True,31,241,21,6,1,route,720030,15,True,directional_layers_safe,8479.204517062191,189.0,1205.0,63.0,30.0,0,0,0,0,14,0,0,30,0.0
4,15,10515.269037909278,701.0179358606185,0.7371788000018569,True,31,236,15,0,0,belief,720030,15,True,directional_layers_safe,9072.269037909278,188.0,1180.0,45.0,30.0,0,0,0,0,15,38,0,0,0.5706933000183199
4,15,10399.961544645903,693.3307696430602,0.36406009999336675,True,31,239,21,6,1,scan,720030,15,True,directional_layers_safe,8923.961544645903,188.0,1195.0,63.0,30.0,0,0,0,0,14,0,0,0,0.0
4,15,10128.02091630364,675.2013944202427,1.0256773999863071,True,31,237,15,0,0,combined,720030,15,True,directional_layers_safe,8679.020916303643,189.0,1185.0,45.0,30.0,0,0,0,0,15,36,0,30,0.5531918000488076
4,14,11104.942035515975,793.2101453939982,0.19636519999767188,True,31,317,14,0,0,original,720031,14,True,,,,,,,,,,,,,,,
4,14,10415.48478318533,743.9631987989521,0.1436927999893669,True,31,288,14,0,0,reference,720031,14,True,directional_layers_safe,8664.48478318533,241.0,1440.0,42.0,28.0,0,0,0,0,14,,,,
4,14,9436.418294289486,674.0298781635347,0.5382194999983767,True,31,282,14,0,0,route,720031,14,True,directional_layers_safe,7716.41829428949,240.0,1410.0,42.0,28.0,0,0,0,0,14,0,0,30,0.0
4,14,10342.407528558,738.743394897,0.6380024999962188,True,31,283,14,0,0,belief,720031,14,True,directional_layers_safe,8616.407528558006,241.0,1415.0,42.0,28.0,0,0,0,0,14,31,0,0,0.4867062000266742
4,14,10415.48478318533,743.9631987989521,0.14584569999715313,True,31,288,14,0,0,scan,720031,14,True,directional_layers_safe,8664.48478318533,241.0,1440.0,42.0,28.0,0,0,0,0,14,0,0,0,0.0
4,14,10457.381626784541,746.9558304846101,1.0734579999989364,True,31,319,14,0,0,combined,720031,14,True,directional_layers_safe,8516.381626784541,276.0,1595.0,42.0,28.0,0,0,0,0,14,32,0,29,0.49420760000066366
4,16,6356.468500049601,397.27928125310007,0.1929431000025943,True,15,224,16,0,0,original,720032,16,True,,,,,,,,,,,,,,,
4,16,5498.3957124997605,343.64973203123503,0.13760899999761023,True,12,167,16,0,0,reference,720032,16,True,directional_layers_safe,4437.39571249976,146.0,835.0,48.0,32.0,0,0,0,0,16,,,,
4,16,5491.180625182473,343.19878907390455,0.4341742999968119,True,12,177,16,0,0,route,720032,16,True,directional_layers_safe,4372.180625182472,154.0,885.0,48.0,32.0,0,0,0,0,16,0,0,12,0.0
4,16,5792.969634901672,362.0606021813545,0.766204799991101,True,12,173,16,0,0,belief,720032,16,True,directional_layers_safe,4701.969634901672,146.0,865.0,48.0,32.0,0,0,0,0,16,39,0,0,0.6142170999955852
4,16,5498.3957124997605,343.64973203123503,0.13571390000288375,True,12,167,16,0,0,scan,720032,16,True,directional_layers_safe,4437.39571249976,146.0,835.0,48.0,32.0,0,0,0,0,16,0,0,0,0.0
4,16,5731.961577453976,358.2475985908735,1.1079600999946706,True,12,185,16,0,0,combined,720032,16,True,directional_layers_safe,4572.961577453974,154.0,925.0,48.0,32.0,0,0,0,0,16,44,0,12,0.6508273000799818
4,10,10764.519563839964,1076.4519563839963,0.14174710000224877,True,31,382,10,0,0,original,720033,10,True,,,,,,,,,,,,,,,
4,10,9748.523296268158,974.8523296268158,0.11299779999535531,True,31,374,10,0,0,reference,720033,10,True,directional_layers_safe,7494.523296268161,334.0,1870.0,30.0,20.0,0,0,0,0,10,,,,
4,10,9978.621704482248,997.8621704482248,0.5783475999924121,True,31,370,10,0,0,route,720033,10,True,directional_layers_safe,7747.621704482247,331.0,1850.0,30.0,20.0,0,0,0,0,10,0,0,29,0.0
4,10,10111.124093180015,1011.1124093180015,0.46793369999795686,True,31,371,10,0,0,belief,720033,10,True,directional_layers_safe,7875.124093180014,331.0,1855.0,30.0,20.0,0,0,0,0,10,23,0,0,0.3557870999648003
4,10,9748.523296268158,974.8523296268158,0.11725290000322275,True,31,374,10,0,0,scan,720033,10,True,directional_layers_safe,7494.523296268161,334.0,1870.0,30.0,20.0,0,0,0,0,10,0,0,0,0.0
4,10,10111.124093180015,1011.1124093180015,0.9502957000077004,True,31,371,10,0,0,combined,720033,10,True,directional_layers_safe,7875.124093180014,331.0,1855.0,30.0,20.0,0,0,0,0,10,23,0,29,0.3571927999437321
4,13,10444.071950847443,803.390150065188,0.16861409999546595,True,31,353,13,0,0,original,720034,13,True,,,,,,,,,,,,,,,
4,13,9697.487296123652,745.960561240281,0.29445750000013504,True,31,288,15,2,1,reference,720034,13,True,directional_layers_safe,7942.487296123654,244.0,1440.0,45.0,26.0,0,0,0,0,12,,,,
4,13,9697.487296123652,745.960561240281,0.6661389000073541,True,31,288,15,2,1,route,720034,13,True,directional_layers_safe,7942.487296123654,244.0,1440.0,45.0,26.0,0,0,0,0,12,0,0,29,0.0
4,13,9464.692843341521,728.0532956416555,0.5426713999913773,True,31,283,13,0,0,belief,720034,13,True,directional_layers_safe,7740.692843341521,244.0,1415.0,39.0,26.0,0,0,0,0,13,25,0,0,0.4092332000291208
4,13,9686.176709105888,745.0905160850683,0.3288580000080401,True,31,288,14,1,1,scan,720034,13,True,directional_layers_safe,7934.17670910589,244.0,1440.0,42.0,26.0,0,0,0,0,12,0,0,0,0.0
4,13,9464.692843341521,728.0532956416555,0.917324699999881,True,31,283,13,0,0,combined,720034,13,True,directional_layers_safe,7740.692843341521,244.0,1415.0,39.0,26.0,0,0,0,0,13,25,0,29,0.4149323000165168
4,13,11263.207552656235,866.4005809735565,0.14897710000514053,True,31,353,27,14,2,original,720035,13,True,,,,,,,,,,,,,,,
4,13,9989.006703991734,768.3851310762873,0.5707303999952273,True,31,355,38,25,3,reference,720035,13,True,directional_layers_safe,7758.006703991735,316.0,1775.0,114.0,26.0,0,0,0,0,10,,,,
4,13,9989.006703991734,768.3851310762873,1.035086699994281,True,31,355,38,25,3,route,720035,13,True,directional_layers_safe,7758.006703991735,316.0,1775.0,114.0,26.0,0,0,0,0,10,0,0,29,0.0
4,13,10126.526518769611,778.9635783668932,0.9475219000014476,True,31,361,33,20,2,belief,720035,13,True,directional_layers_safe,7880.526518769615,316.0,1805.0,99.0,26.0,0,0,0,0,11,32,1,0,0.5370414000062738
4,13,9973.264886226412,767.1742220174164,0.6854872999974759,True,31,355,32,19,3,scan,720035,13,True,directional_layers_safe,7760.264886226414,316.0,1775.0,96.0,26.0,0,0,0,0,10,0,0,0,0.0
4,13,10126.526518769611,778.9635783668932,1.447925700005726,True,31,361,33,20,2,combined,720035,13,True,directional_layers_safe,7880.526518769615,316.0,1805.0,99.0,26.0,0,0,0,0,11,32,1,29,0.5422147000354016
4,10,10796.521684966601,1079.6521684966601,0.12128099999972619,True,31,424,10,0,0,original,720036,10,True,,,,,,,,,,,,,,,
4,10,9892.222934005838,989.2222934005838,0.27484610000101384,True,31,393,39,29,1,reference,720036,10,True,directional_layers_safe,7434.222934005843,356.0,1965.0,117.0,20.0,0,0,0,0,9,,,,
4,10,9893.414793314132,989.3414793314132,0.7508084000000963,True,31,393,39,29,1,route,720036,10,True,directional_layers_safe,7435.414793314135,356.0,1965.0,117.0,20.0,0,0,0,0,9,0,0,29,0.0
4,10,9565.423263685803,956.5423263685803,0.42473130000871606,True,31,389,10,0,0,belief,720036,10,True,directional_layers_safe,7214.423263685805,356.0,1945.0,30.0,20.0,0,0,0,0,10,19,0,0,0.32103030002326705
4,10,9892.222934005838,989.2222934005838,0.3113874999980908,True,31,393,39,29,1,scan,720036,10,True,directional_layers_safe,7434.222934005843,356.0,1965.0,117.0,20.0,0,0,0,0,9,0,0,0,0.0
4,10,9538.44848859004,953.8448488590041,0.906349600001704,True,31,389,10,0,0,combined,720036,10,True,directional_layers_safe,7187.448488590039,356.0,1945.0,30.0,20.0,0,0,0,0,10,19,0,29,0.32538329997623805
4,16,6644.978697632178,415.31116860201115,0.19108289999712724,True,15,181,43,27,3,original,720037,16,True,,,,,,,,,,,,,,,
4,16,7820.670170841927,488.7918856776204,0.5441672000015387,True,19,213,38,22,3,reference,720037,16,True,directional_layers_safe,6430.6701708419205,179.0,1065.0,114.0,32.0,0,0,0,0,13,,,,
4,16,5975.553330791413,373.4720831744633,0.8023160000011558,True,12,176,33,17,3,route,720037,16,True,directional_layers_safe,4814.553330791415,150.0,880.0,99.0,32.0,0,0,0,0,13,0,0,12,0.0
4,16,8134.427433953291,508.4017146220807,1.178536499995971,True,19,219,37,21,2,belief,720037,16,True,directional_layers_safe,6717.427433953291,179.0,1095.0,111.0,32.0,0,0,0,0,14,44,0,0,0.6886624999606283
4,16,7778.230988054629,486.1394367534143,0.6356330999988131,True,19,213,26,10,3,scan,720037,16,True,directional_layers_safe,6424.230988054627,179.0,1065.0,78.0,32.0,0,0,0,0,13,0,0,0,0.0
4,16,6497.0255671926425,406.06409794954016,1.5318410999898333,True,12,184,22,6,2,combined,720037,16,True,directional_layers_safe,5329.025567192643,150.0,920.0,66.0,32.0,0,0,0,0,14,45,0,12,0.7036991000059061
4,14,11098.394956260383,792.7424968757416,0.18541499999992084,True,31,313,14,0,0,original,720038,14,True,,,,,,,,,,,,,,,
4,14,9830.299563434619,702.1642545310442,0.1367787000053795,True,31,295,14,0,0,reference,720038,14,True,directional_layers_safe,8032.29956343462,253.0,1475.0,42.0,28.0,0,0,0,0,14,,,,
4,14,9621.013764883613,687.2152689202582,0.548508200008655,True,31,310,14,0,0,route,720038,14,True,directional_layers_safe,7731.013764883611,270.0,1550.0,42.0,28.0,0,0,0,0,14,0,0,30,0.0
4,14,9747.895015147402,696.2782153676716,0.604762999995728,True,31,294,14,0,0,belief,720038,14,True,directional_layers_safe,7954.895015147404,253.0,1470.0,42.0,28.0,0,0,0,0,14,32,0,0,0.4544148000277346
4,14,9830.299563434619,702.1642545310442,0.13415269998949952,True,31,295,14,0,0,scan,720038,14,True,directional_layers_safe,8032.29956343462,253.0,1475.0,42.0,28.0,0,0,0,0,14,0,0,0,0.0
4,14,9602.937351225939,685.9240965161385,0.979660299999523,True,31,309,14,0,0,combined,720038,14,True,directional_layers_safe,7717.937351225938,270.0,1545.0,42.0,28.0,0,0,0,0,14,30,0,30,0.42433300001721364
4,16,8134.851618771159,508.42822617319746,0.20573620000504889,True,17,247,46,30,3,original,720039,16,True,,,,,,,,,,,,,,,
4,16,9530.166319024756,595.6353949390473,0.46814870000525843,True,29,241,31,15,2,reference,720039,16,True,directional_layers_safe,8004.166319024761,196.0,1205.0,93.0,32.0,0,0,0,0,14,,,,
4,16,9378.373998627081,586.1483749141926,0.8191831000003731,True,28,234,31,15,2,route,720039,16,True,directional_layers_safe,7892.373998627087,191.0,1170.0,93.0,32.0,0,0,0,0,14,0,0,28,0.0
4,16,9401.63837714701,587.6023985716881,0.8872540000011213,True,29,242,26,10,1,belief,720039,16,True,directional_layers_safe,7885.638377147013,196.0,1210.0,78.0,32.0,0,0,0,0,15,38,1,0,0.5832062999979826
4,16,9505.849450208127,594.1155906380079,0.5429660999943735,True,29,241,24,8,2,scan,720039,16,True,directional_layers_safe,8000.849450208131,196.0,1205.0,72.0,32.0,0,0,0,0,14,0,0,0,0.0
4,16,9263.324360307359,578.9577725192099,1.2414073999971151,True,28,236,26,10,1,combined,720039,16,True,directional_layers_safe,7782.324360307361,191.0,1180.0,78.0,32.0,0,0,0,0,15,38,1,28,0.5785915000014938
4,16,7880.51762929371,492.5323518308569,0.20732739999948535,True,20,200,29,13,2,original,720040,16,True,,,,,,,,,,,,,,,
4,16,9601.06316197361,600.0664476233507,0.46332019999681506,True,28,253,66,50,2,reference,720040,16,True,directional_layers_safe,7895.063161973608,211.0,1265.0,198.0,32.0,0,0,0,0,14,,,,
4,16,9413.768261740226,588.3605163587641,0.6410207000008086,True,28,245,28,12,1,route,720040,16,True,directional_layers_safe,7875.768261740224,197.0,1225.0,84.0,32.0,0,0,0,0,15,0,0,28,0.0
4,16,9368.890045087146,585.5556278179466,0.8448428999981843,True,28,257,26,10,1,belief,720040,16,True,directional_layers_safe,7762.890045087146,211.0,1285.0,78.0,32.0,0,0,0,0,15,39,0,0,0.5476108000439126
4,16,9638.056835479663,602.378552217479,0.5370350000011967,True,28,253,63,47,2,scan,720040,16,True,directional_layers_safe,7941.0568354796615,211.0,1265.0,189.0,32.0,0,0,0,0,14,0,0,0,0.0
4,16,7034.215727929901,439.6384829956188,1.2272698000015225,True,18,205,28,12,1,combined,720040,16,True,directional_layers_safe,5723.215727929902,170.0,1025.0,84.0,32.0,0,0,0,0,15,39,0,18,0.5769613000011304
4,13,11201.634125066477,861.6641634666521,0.16438560000096913,True,31,345,27,14,2,original,720041,13,True,,,,,,,,,,,,,,,
4,13,9750.542975562903,750.0417673509926,0.43185349999112077,True,31,318,22,9,2,reference,720041,13,True,directional_layers_safe,7790.542975562911,278.0,1590.0,66.0,26.0,0,0,0,0,11,,,,
4,13,9521.337428456587,732.4105714197375,0.8610731000080705,True,31,315,22,9,2,route,720041,13,True,directional_layers_safe,7579.337428456586,275.0,1575.0,66.0,26.0,0,0,0,0,11,0,0,30,0.0
4,13,10329.476458240995,794.5751121723843,0.8942043999995803,True,31,316,33,20,2,belief,720041,13,True,directional_layers_safe,8351.476458240995,273.0,1580.0,99.0,26.0,0,0,0,0,11,29,1,0,0.45934590001706965
4,13,10744.25585015537,826.4812192427208,0.5010727000044426,True,31,318,103,90,2,scan,720041,13,True,directional_layers_safe,8541.255850155449,278.0,1590.0,309.0,26.0,0,0,0,0,11,0,0,0,0.0
4,13,11520.606489716838,886.2004992089876,1.5117414999986067,True,31,329,111,98,2,combined,720041,13,True,directional_layers_safe,9236.606489716856,280.0,1645.0,333.0,26.0,0,0,0,0,11,34,1,27,0.5384871000278508
4,12,11156.438597474216,929.7032164561847,0.1912294999929145,True,31,367,12,0,0,original,720042,12,True,,,,,,,,,,,,,,,
4,12,10170.107243427947,847.5089369523289,0.13213090000499506,True,31,312,12,0,0,reference,720042,12,True,directional_layers_safe,8279.107243427949,271.0,1560.0,36.0,24.0,0,0,0,0,12,,,,
4,12,10236.312611700276,853.0260509750229,0.5296522999997251,True,31,320,12,0,0,route,720042,12,True,directional_layers_safe,8298.312611700276,278.0,1600.0,36.0,24.0,0,0,0,0,12,0,0,29,0.0
4,12,10184.907244258664,848.7422703548887,0.5299915000068722,True,31,310,12,0,0,belief,720042,12,True,directional_layers_safe,8303.907244258666,271.0,1550.0,36.0,24.0,0,0,0,0,12,26,0,0,0.38924390004831366
4,12,10170.107243427947,847.5089369523289,0.1340727000060724,True,31,312,12,0,0,scan,720042,12,True,directional_layers_safe,8279.107243427949,271.0,1560.0,36.0,24.0,0,0,0,0,12,0,0,0,0.0
4,12,10214.200370588542,851.1833642157118,0.9415364999877056,True,31,318,12,0,0,combined,720042,12,True,directional_layers_safe,8286.200370588544,278.0,1590.0,36.0,24.0,0,0,0,0,12,26,0,29,0.3987658999976702
4,12,10233.08927202779,852.7574393356491,0.1620939999993425,True,31,345,12,0,0,original,720043,12,True,,,,,,,,,,,,,,,
4,12,10444.232753172213,870.3527294310178,0.29095049999887124,True,31,341,25,13,1,reference,720043,12,True,directional_layers_safe,8347.232753172215,293.0,1705.0,75.0,24.0,0,0,0,0,11,,,,
4,12,10389.81425285893,865.8178544049109,0.7257796999911079,True,31,337,25,13,1,route,720043,12,True,directional_layers_safe,8313.814252858934,292.0,1685.0,75.0,24.0,0,0,0,0,11,0,0,29,0.0
4,12,10665.67093456496,888.8059112137466,0.8555234000086784,True,31,347,26,14,1,belief,720043,12,True,directional_layers_safe,8535.67093456496,293.0,1735.0,78.0,24.0,0,0,0,0,11,39,0,0,0.5527179000055185
4,12,10444.232753172213,870.3527294310178,0.3370615000021644,True,31,341,25,13,1,scan,720043,12,True,directional_layers_safe,8347.232753172215,293.0,1705.0,75.0,24.0,0,0,0,0,11,0,0,0,0.0
4,12,10582.76651027276,881.8972091893967,1.2612197999987984,True,31,342,16,4,1,combined,720043,12,True,directional_layers_safe,8508.766510272762,292.0,1710.0,48.0,24.0,0,0,0,0,11,36,0,29,0.5109986000024946
4,11,10135.176047740068,921.3796407036425,0.129356799996458,True,31,368,11,0,0,original,720044,11,True,,,,,,,,,,,,,,,
4,11,10048.637395935022,913.5124905395475,0.10655389999737963,True,31,356,11,0,0,reference,720044,11,True,directional_layers_safe,7895.637395935023,318.0,1780.0,33.0,22.0,0,0,0,0,11,,,,
4,11,9902.867432804362,900.2606757094874,0.7378295999951661,True,31,350,12,1,1,route,720044,11,True,directional_layers_safe,7781.867432804361,313.0,1750.0,36.0,22.0,0,0,0,0,10,0,0,28,0.0
4,11,10134.195981681012,921.290543789183,0.49455760000273585,True,31,354,11,0,0,belief,720044,11,True,directional_layers_safe,7991.195981681014,318.0,1770.0,33.0,22.0,0,0,0,0,11,23,0,0,0.3792290000274079
4,11,10048.637395935022,913.5124905395475,0.10941049999382813,True,31,356,11,0,0,scan,720044,11,True,directional_layers_safe,7895.637395935023,318.0,1780.0,33.0,22.0,0,0,0,0,11,0,0,0,0.0
4,11,9926.31547964695,902.3923163315409,0.9481265000067651,True,31,348,11,0,0,combined,720044,11,True,directional_layers_safe,7818.315479646951,313.0,1740.0,33.0,22.0,0,0,0,0,11,22,0,28,0.36961619996873196
4,13,10190.644328380917,783.8957175677629,0.18630649999249727,True,31,305,17,4,1,original,720045,13,True,,,,,,,,,,,,,,,
4,13,10486.242668991654,806.6340514608964,0.4661851000128081,True,31,296,70,57,2,reference,720045,13,True,directional_layers_safe,8519.242668991657,251.0,1480.0,210.0,26.0,0,0,0,0,11,,,,
4,13,10559.81610139297,812.2935462609977,0.8624264999962179,True,31,291,70,57,2,route,720045,13,True,directional_layers_safe,8621.816101392975,247.0,1455.0,210.0,26.0,0,0,0,0,11,0,0,30,0.0
4,13,11558.456898280116,889.1120690984704,0.8819337999884738,True,31,297,29,16,1,belief,720045,13,True,directional_layers_safe,9716.456898280116,244.0,1485.0,87.0,26.0,0,0,0,0,12,38,0,0,0.572229099998367
4,13,10486.242668991654,806.6340514608964,0.5448929999984102,True,31,296,70,57,2,scan,720045,13,True,directional_layers_safe,8519.242668991657,251.0,1480.0,210.0,26.0,0,0,0,0,11,0,0,0,0.0
4,13,11637.672625821257,895.2055866016351,1.3225604000035673,True,31,326,19,6,1,combined,720045,13,True,directional_layers_safe,9647.672625821258,277.0,1630.0,57.0,26.0,0,0,0,0,12,35,0,29,0.5589922999497503
4,10,9848.679385344763,984.8679385344764,0.11427599999296945,True,31,382,10,0,0,original,720046,10,True,,,,,,,,,,,,,,,
4,10,10464.465473407767,1046.4465473407768,0.10531439998885617,True,31,377,10,0,0,reference,720046,10,True,directional_layers_safe,8193.465473407769,336.0,1885.0,30.0,20.0,0,0,0,0,10,,,,
4,10,10370.551229206087,1037.0551229206087,0.6123990999913076,True,31,389,10,0,0,route,720046,10,True,directional_layers_safe,8028.5512292060885,347.0,1945.0,30.0,20.0,0,0,0,0,10,0,0,30,0.0
4,10,10362.907217628352,1036.2907217628351,0.45794380000734236,True,31,373,10,0,0,belief,720046,10,True,directional_layers_safe,8111.907217628354,336.0,1865.0,30.0,20.0,0,0,0,0,10,21,0,0,0.34784430004947353
4,10,10464.465473407767,1046.4465473407768,0.10474199999589473,True,31,377,10,0,0,scan,720046,10,True,directional_layers_safe,8193.465473407769,336.0,1885.0,30.0,20.0,0,0,0,0,10,0,0,0,0.0
4,10,10212.092271140611,1021.2092271140612,0.9510331000055885,True,31,383,10,0,0,combined,720046,10,True,directional_layers_safe,7900.092271140614,347.0,1915.0,30.0,20.0,0,0,0,0,10,20,0,30,0.3370221000222955
4,15,10428.505427864919,695.2336951909946,0.20641600000089966,True,31,243,27,12,1,original,720047,15,True,,,,,,,,,,,,,,,
4,15,10043.513426578522,669.5675617719014,0.4693625000072643,True,31,242,26,11,2,reference,720047,15,True,directional_layers_safe,8528.513426578522,197.0,1210.0,78.0,30.0,0,0,0,0,13,,,,
4,15,10042.083137163503,669.4722091442335,0.789985000010347,True,31,241,26,11,2,route,720047,15,True,directional_layers_safe,8532.083137163509,197.0,1205.0,78.0,30.0,0,0,0,0,13,0,0,27,0.0
4,15,10333.624645162141,688.908309677476,0.9775346000096761,True,31,250,22,7,1,belief,720047,15,True,directional_layers_safe,8790.624645162141,197.0,1250.0,66.0,30.0,0,0,0,0,14,42,0,0,0.6598328999825753
4,15,10258.977620549307,683.9318413699538,0.5546331999939866,True,31,243,44,29,2,scan,720047,15,True,directional_layers_safe,8684.977620549309,197.0,1215.0,132.0,30.0,0,0,0,0,13,0,0,0,0.0
4,15,10348.672590188206,689.9115060125471,1.3386324000020977,True,31,250,22,7,1,combined,720047,15,True,directional_layers_safe,8805.67259018821,197.0,1250.0,66.0,30.0,0,0,0,0,14,42,0,27,0.6539113999606343
4,10,10658.981991475906,1065.8981991475907,0.1357787000015378,True,31,381,10,0,0,original,720048,10,True,,,,,,,,,,,,,,,
4,10,9909.884245316076,990.9884245316076,0.11153090000152588,True,31,372,10,0,0,reference,720048,10,True,directional_layers_safe,7665.884245316076,334.0,1860.0,30.0,20.0,0,0,0,0,10,,,,
4,10,9651.89760012948,965.189760012948,0.5759021999983815,True,31,368,10,0,0,route,720048,10,True,directional_layers_safe,7430.897600129477,331.0,1840.0,30.0,20.0,0,0,0,0,10,0,0,30,0.0
4,10,9798.444441019796,979.8444441019795,0.3847297000029357,True,31,367,10,0,0,belief,720048,10,True,directional_layers_safe,7579.444441019797,334.0,1835.0,30.0,20.0,0,0,0,0,10,18,0,0,0.27776769998308737
4,10,9909.884245316076,990.9884245316076,0.11124060000292957,True,31,372,10,0,0,scan,720048,10,True,directional_layers_safe,7665.884245316076,334.0,1860.0,30.0,20.0,0,0,0,0,10,0,0,0,0.0
4,10,9688.3776395102,968.83776395102,0.8610264000017196,True,31,365,10,0,0,combined,720048,10,True,directional_layers_safe,7482.377639510202,331.0,1825.0,30.0,20.0,0,0,0,0,10,19,0,30,0.29294840001966804
4,10,10581.407809701133,1058.1407809701134,0.13202460001048166,True,31,373,10,0,0,original,720049,10,True,,,,,,,,,,,,,,,
4,10,9634.020882147977,963.4020882147977,0.0991912999888882,True,31,391,10,0,0,reference,720049,10,True,directional_layers_safe,7274.020882147978,355.0,1955.0,30.0,20.0,0,0,0,0,10,,,,
4,10,9750.691717531292,975.0691717531292,0.6368819000053918,True,31,422,10,0,0,route,720049,10,True,directional_layers_safe,7206.691717531296,384.0,2110.0,30.0,20.0,0,0,0,0,10,0,0,30,0.0
4,10,9640.468160631664,964.0468160631665,0.43555200000992045,True,31,391,10,0,0,belief,720049,10,True,directional_layers_safe,7280.468160631665,355.0,1955.0,30.0,20.0,0,0,0,0,10,21,0,0,0.3239122999657411
4,10,9634.020882147977,963.4020882147977,0.10013099999923725,True,31,391,10,0,0,scan,720049,10,True,directional_layers_safe,7274.020882147978,355.0,1955.0,30.0,20.0,0,0,0,0,10,0,0,0,0.0
4,10,9744.254320674894,974.4254320674894,0.9821924999996554,True,31,423,10,0,0,combined,720049,10,True,directional_layers_safe,7195.254320674898,384.0,2115.0,30.0,20.0,0,0,0,0,10,23,0,30,0.33978059998480603
4,14,10977.868801046327,784.1334857890233,0.17698279999603983,True,31,330,25,11,1,original,720050,14,True,,,,,,,,,,,,,,,
4,14,10314.567714375831,736.7548367411308,0.3273524000105681,True,31,286,91,77,2,reference,720050,14,True,directional_layers_safe,8340.567714375864,243.0,1430.0,273.0,28.0,0,0,0,0,12,,,,
4,14,9582.169442187575,684.4406744419696,0.6523736999952234,True,31,281,17,3,1,route,720050,14,True,directional_layers_safe,7860.169442187579,238.0,1405.0,51.0,28.0,0,0,0,0,13,0,0,31,0.0
4,14,9817.693194578978,701.2637996127842,0.6352103000099305,True,31,284,23,9,1,belief,720050,14,True,directional_layers_safe,8057.693194578977,243.0,1420.0,69.0,28.0,0,0,0,0,13,28,1,0,0.4319839999952819
4,14,9879.523690777152,705.6802636269394,0.4120118000137154,True,31,286,31,17,2,scan,720050,14,True,directional_layers_safe,8085.523690777153,243.0,1430.0,93.0,28.0,0,0,0,0,12,0,0,0,0.0
4,14,9609.626888525096,686.4019206089354,1.0448670000041602,True,31,278,14,0,0,combined,720050,14,True,directional_layers_safe,7911.626888525099,238.0,1390.0,42.0,28.0,0,0,0,0,14,29,0,31,0.4824804000236327
4,14,10731.656393392896,766.5468852423497,0.2207258999987971,True,31,317,14,0,0,original,720051,14,True,,,,,,,,,,,,,,,
4,14,10154.502324652422,725.3215946180301,0.32962960000440944,True,31,282,20,6,1,reference,720051,14,True,directional_layers_safe,8422.502324652423,234.0,1410.0,60.0,28.0,0,0,0,0,13,,,,
4,14,10109.628546269283,722.1163247335202,0.5551564000052167,True,31,282,14,0,0,route,720051,14,True,directional_layers_safe,8395.628546269285,234.0,1410.0,42.0,28.0,0,0,0,0,14,0,0,29,0.0
4,14,10057.156424156461,718.3683160111758,0.696305499994196,True,31,278,14,0,0,belief,720051,14,True,directional_layers_safe,8363.156424156463,234.0,1390.0,42.0,28.0,0,0,0,0,14,32,0,0,0.5311807000543922
4,14,10154.502324652422,725.3215946180301,0.3783045000018319,True,31,282,20,6,1,scan,720051,14,True,directional_layers_safe,8422.502324652423,234.0,1410.0,60.0,28.0,0,0,0,0,13,0,0,0,0.0
4,14,10158.823089788953,725.630220699211,1.1127348000009079,True,31,280,14,0,0,combined,720051,14,True,directional_layers_safe,8454.823089788955,234.0,1400.0,42.0,28.0,0,0,0,0,14,34,0,29,0.5522892000153661
4,14,11070.19673972651,790.7283385518937,0.2504948000132572,True,31,302,19,5,1,original,720052,14,True,,,,,,,,,,,,,,,
4,14,9918.01428925557,708.4295920896836,0.3335069000022486,True,31,259,30,16,1,reference,720052,14,True,directional_layers_safe,8289.01428925557,216.0,1295.0,90.0,28.0,0,0,0,0,13,,,,
4,14,9349.744937696683,667.8389241211917,0.6934387000073912,True,31,255,30,16,1,route,720052,14,True,directional_layers_safe,7744.744937696682,212.0,1275.0,90.0,28.0,0,0,0,0,13,0,0,29,0.0
4,14,10180.232483341057,727.1594630957898,0.9135337000043364,True,31,265,28,14,1,belief,720052,14,True,directional_layers_safe,8527.232483341057,216.0,1325.0,84.0,28.0,0,0,0,0,13,37,0,0,0.5833773000049405
4,14,9918.01428925557,708.4295920896836,0.3629524999996647,True,31,259,30,16,1,scan,720052,14,True,directional_layers_safe,8289.01428925557,216.0,1295.0,90.0,28.0,0,0,0,0,13,0,0,0,0.0
4,14,9572.886686540094,683.7776204671496,1.3292570999910822,True,31,261,18,4,1,combined,720052,14,True,directional_layers_safe,7973.886686540096,212.0,1305.0,54.0,28.0,0,0,0,0,13,37,0,29,0.5896623999869917
4,11,10447.203243888212,949.7457494443829,0.14173199998913333,True,31,363,11,0,0,original,720053,11,True,,,,,,,,,,,,,,,
4,11,9289.381606060222,844.4892369145656,0.11626159999286756,True,31,352,11,0,0,reference,720053,11,True,directional_layers_safe,7157.3816060602185,317.0,1760.0,33.0,22.0,0,0,0,0,11,,,,
4,11,9385.879296608337,853.2617542371215,0.6041815000062343,True,31,371,11,0,0,route,720053,11,True,directional_layers_safe,7140.879296608341,335.0,1855.0,33.0,22.0,0,0,0,0,11,0,0,31,0.0
4,11,9693.77674157658,881.2524310524163,0.5316173999890452,True,31,358,11,0,0,belief,720053,11,True,directional_layers_safe,7531.776741576578,317.0,1790.0,33.0,22.0,0,0,0,0,11,28,0,0,0.4047061999735888
4,11,9289.381606060222,844.4892369145656,0.1157593999960227,True,31,352,11,0,0,scan,720053,11,True,directional_layers_safe,7157.3816060602185,317.0,1760.0,33.0,22.0,0,0,0,0,11,0,0,0,0.0
4,11,9796.63786422562,890.6034422023291,1.0325496000004932,True,31,377,11,0,0,combined,720053,11,True,directional_layers_safe,7521.637864225622,335.0,1885.0,33.0,22.0,0,0,0,0,11,28,0,31,0.4229907000117237
4,10,11183.36054901182,1118.336054901182,0.14543189998948947,True,31,422,20,10,1,original,720054,10,True,,,,,,,,,,,,,,,
4,10,9812.344181290091,981.2344181290091,0.27691120000963565,True,31,380,18,8,1,reference,720054,10,True,directional_layers_safe,7494.344181290092,344.0,1900.0,54.0,20.0,0,0,0,0,9,,,,
4,10,9397.667186429378,939.7667186429378,0.7725483999965945,True,31,386,18,8,1,route,720054,10,True,directional_layers_safe,7045.667186429376,348.0,1930.0,54.0,20.0,0,0,0,0,9,0,0,29,0.0
4,10,10056.852801946363,1005.6852801946363,0.6227202000009129,True,31,382,20,10,1,belief,720054,10,True,directional_layers_safe,7722.852801946366,344.0,1910.0,60.0,20.0,0,0,0,0,9,22,1,0,0.3462891000090167
4,10,10941.811620792336,1094.1811620792337,0.31901880000077654,True,31,380,112,102,1,scan,720054,10,True,directional_layers_safe,8341.811620792338,344.0,1900.0,336.0,20.0,0,0,0,0,9,0,0,0,0.0
4,10,9556.577788387816,955.6577788387816,1.2192667000053916,True,31,390,11,1,1,combined,720054,10,True,directional_layers_safe,7205.5777883878145,348.0,1950.0,33.0,20.0,0,0,0,0,9,25,0,29,0.39396600001782645
4,15,10762.875266582809,717.5250177721872,0.22657359999720939,True,31,253,15,0,0,original,720055,15,True,,,,,,,,,,,,,,,
4,15,10226.536157476941,681.7690771651294,0.3218055000033928,True,31,247,54,39,1,reference,720055,15,True,directional_layers_safe,8599.53615747694,200.0,1235.0,162.0,30.0,0,0,0,0,14,,,,
4,15,10044.195143181065,669.6130095454043,0.5074382000020705,True,31,242,15,0,0,route,720055,15,True,directional_layers_safe,8567.195143181068,192.0,1210.0,45.0,30.0,0,0,0,0,15,0,0,29,0.0
4,15,9529.687662562927,635.3125108375284,0.693094199988991,True,31,240,15,0,0,belief,720055,15,True,directional_layers_safe,8061.687662562927,193.0,1200.0,45.0,30.0,0,0,0,0,15,35,0,0,0.5393119000073057
4,15,10381.701340915117,692.1134227276744,0.36599269999715034,True,31,247,54,39,1,scan,720055,15,True,directional_layers_safe,8754.701340915117,200.0,1235.0,162.0,30.0,0,0,0,0,14,0,0,0,0.0
4,15,9529.687662563021,635.3125108375348,1.0655931999936001,True,31,240,15,0,0,combined,720055,15,True,directional_layers_safe,8061.687662563025,193.0,1200.0,45.0,30.0,0,0,0,0,15,35,0,29,0.5410387000156334
4,13,10905.288921354533,838.8683785657333,0.1770297000039136,True,31,354,13,0,0,original,720056,13,True,,,,,,,,,,,,,,,
4,13,9802.394653909647,754.0303579930497,0.3109049999911804,True,31,295,56,43,1,reference,720056,13,True,directional_layers_safe,7880.394653909649,253.0,1475.0,168.0,26.0,0,0,0,0,12,,,,
4,13,9744.684846199156,749.5911420153196,0.7102534000005107,True,31,303,56,43,1,route,720056,13,True,directional_layers_safe,7774.684846199158,261.0,1515.0,168.0,26.0,0,0,0,0,12,0,0,29,0.0
4,13,9668.07900566329,743.6983850510223,0.6874723999935668,True,31,294,13,0,0,belief,720056,13,True,directional_layers_safe,7880.079005663291,253.0,1470.0,39.0,26.0,0,0,0,0,13,29,0,0,0.5277168000757229
4,13,9802.394653909647,754.0303579930497,0.3548854999971809,True,31,295,56,43,1,scan,720056,13,True,directional_layers_safe,7880.394653909649,253.0,1475.0,168.0,26.0,0,0,0,0,12,0,0,0,0.0
4,13,9670.044973633978,743.8496133564598,1.0594419999979436,True,31,302,13,0,0,combined,720056,13,True,directional_layers_safe,7834.044973633979,261.0,1510.0,39.0,26.0,0,0,0,0,13,28,0,29,0.4919300000037765
4,13,10824.585594415661,832.6604303396663,0.19516490001115017,True,31,294,22,9,1,original,720057,13,True,,,,,,,,,,,,,,,
4,13,10492.503072626332,807.1156209712564,0.3121372000023257,True,31,283,25,12,1,reference,720057,13,True,directional_layers_safe,8738.503072626332,238.0,1415.0,75.0,26.0,0,0,0,0,12,,,,
4,13,10353.41341918833,796.4164168606408,0.684844699993846,True,31,283,25,12,1,route,720057,13,True,directional_layers_safe,8599.413419188333,238.0,1415.0,75.0,26.0,0,0,0,0,12,0,0,29,0.0
4,13,10711.563110806599,823.9663931389691,0.8721810999995796,True,31,287,23,10,1,belief,720057,13,True,directional_layers_safe,8943.5631108066,238.0,1435.0,69.0,26.0,0,0,0,0,12,36,0,0,0.5579560999904061
4,13,10492.503072626332,807.1156209712564,0.35362620001251344,True,31,283,25,12,1,scan,720057,13,True,directional_layers_safe,8738.503072626332,238.0,1415.0,75.0,26.0,0,0,0,0,12,0,0,0,0.0
4,13,10572.473457368596,813.2671890283535,1.2943282000051113,True,31,287,23,10,1,combined,720057,13,True,directional_layers_safe,8804.473457368602,238.0,1435.0,69.0,26.0,0,0,0,0,12,36,0,29,0.5653535000019474
4,16,8032.29576366253,502.0184852289081,0.2326518999907421,True,21,201,31,15,1,original,720058,16,True,,,,,,,,,,,,,,,
4,16,5834.756546650255,364.6722841656409,0.16808610000589397,True,12,143,16,0,0,reference,720058,16,True,directional_layers_safe,4924.756546650256,115.0,715.0,48.0,32.0,0,0,0,0,16,,,,
4,16,6415.95367409369,400.99710463085563,0.46175689999654423,True,14,170,16,0,0,route,720058,16,True,directional_layers_safe,5346.953674093689,139.0,850.0,48.0,32.0,0,0,0,0,16,0,0,14,0.0
4,16,6293.400053527912,393.3375033454945,0.7310033999965526,True,12,161,16,0,0,belief,720058,16,True,directional_layers_safe,5271.400053527911,137.0,805.0,48.0,32.0,0,0,0,0,16,34,0,0,0.5759247000678442
4,16,5834.756546650255,364.6722841656409,0.15884180000284687,True,12,143,16,0,0,scan,720058,16,True,directional_layers_safe,4924.756546650256,115.0,715.0,48.0,32.0,0,0,0,0,16,0,0,0,0.0
4,16,6293.400053527912,393.3375033454945,1.0166121999936877,True,12,161,16,0,0,combined,720058,16,True,directional_layers_safe,5271.400053527911,137.0,805.0,48.0,32.0,0,0,0,0,16,34,0,12,0.582215999966138
4,11,10500.163713824682,954.5603376204257,0.12981650000438094,True,31,385,11,0,0,original,720059,11,True,,,,,,,,,,,,,,,
4,11,9309.95463809265,846.3595125538773,0.307254200000898,True,31,361,16,5,2,reference,720059,11,True,directional_layers_safe,7113.95463809265,321.0,1805.0,48.0,22.0,0,0,0,0,9,,,,
4,11,9449.044291530885,859.0040265028077,0.7883502000040608,True,31,361,16,5,2,route,720059,11,True,directional_layers_safe,7253.044291530888,321.0,1805.0,48.0,22.0,0,0,0,0,9,0,0,30,0.0
4,11,9231.707759016406,839.2461599105824,0.5363464999973075,True,31,362,11,0,0,belief,720059,11,True,directional_layers_safe,7045.707759016406,321.0,1810.0,33.0,22.0,0,0,0,0,11,28,0,0,0.41363420002744533
4,11,9309.95463809265,846.3595125538773,0.35273959999904037,True,31,361,16,5,2,scan,720059,11,True,directional_layers_safe,7113.95463809265,321.0,1805.0,48.0,22.0,0,0,0,0,9,0,0,0,0.0
4,11,9370.797412454644,851.8906738595131,0.9983517000073334,True,31,362,11,0,0,combined,720059,11,True,directional_layers_safe,7184.7974124546445,321.0,1810.0,33.0,22.0,0,0,0,0,11,28,0,30,0.4102625999948941
