arm,candidate_evaluations,clear,cleared,complete,deferred_targets,failed_clear,fallback,forced_targets,laser_s,max_step_time_error_s,mean_time_s,measure,measure_s,move_s,negative_constraints,negative_observations,negative_region_fallbacks,normal_exit,opportunistic_measures,optical_s,paired_total_sources,problem,program_time_s,route_replans,safe_clear_points,scheduling_policy,seed,skipped_known_measurements,stations_visited,switch_s,virtual_time_s,wall_s
baseline,363,16,16,True,16,0,0,0,32.0,1.1368683772161603e-13,226.88574917626073,97,485.0,2976.171986820172,0,0,0,True,15,48.0,16,3,0.2892901999875903,21,13,joint_route,990025,2,6,89.0,3630.1719868201717,0.2893766999914078
guard,354,16,16,True,16,0,0,2,32.0,1.1368683772161603e-13,244.5384617227431,110,550.0,3182.615387563889,126,62,0,True,24,48.0,16,3,0.3317505000013625,20,14,joint_route,990025,9,7,100.0,3912.6153875638897,0.3318448000063654
tight,354,16,16,True,16,0,0,2,32.0,1.1368683772161603e-13,244.5384617227431,110,550.0,3182.615387563889,223,62,0,True,24,48.0,16,3,0.33814810001058504,20,14,joint_route,990025,9,7,100.0,3912.6153875638897,0.33823530000518076
measure,363,16,16,True,16,0,0,0,32.0,1.1368683772161603e-13,223.89942397069626,97,485.0,2928.39078353114,59,54,0,True,15,48.0,16,3,0.316208899996127,21,13,joint_route,990025,2,6,89.0,3582.39078353114,0.3162919000023976
baseline,272,12,12,True,12,0,0,1,24.0,0.0,288.52481814144653,119,595.0,2696.2978176973593,0,0,0,True,10,36.0,12,3,0.2315655999991577,15,12,joint_route,990000,2,7,111.0,3462.2978176973584,0.23164230000111274
guard,260,12,12,True,12,0,0,1,24.0,2.2737367544323206e-13,278.7440575587471,118,590.0,2583.928690704966,70,87,0,True,10,36.0,12,3,0.2242670999985421,15,12,joint_route,990000,2,7,111.0,3344.928690704965,0.2243490999971982
tight,260,12,12,True,12,0,0,1,24.0,2.2737367544323206e-13,278.7440575587471,118,590.0,2583.928690704966,147,87,0,True,10,36.0,12,3,0.2183634999964852,15,12,joint_route,990000,2,7,111.0,3344.928690704965,0.2184486000041943
measure,260,12,12,True,12,0,0,1,24.0,0.0,279.1830716868918,118,590.0,2589.1968602427028,58,87,0,True,10,36.0,12,3,0.21611500000290107,15,12,joint_route,990000,2,7,111.0,3350.196860242702,0.21620149999216665
baseline,375,16,16,True,16,0,0,4,32.0,4.547473508864641e-13,250.1209518240142,122,610.0,3197.9352291842256,0,0,0,True,22,48.0,16,3,0.32494029999361373,18,15,joint_route,990001,3,7,114.0,4001.9352291842274,0.32502029999159276
guard,364,16,16,True,16,0,0,1,32.0,5.684341886080802e-14,236.72438992438356,117,585.0,3013.590238790137,124,72,0,True,21,48.0,16,3,0.331571000002441,20,15,joint_route,990001,1,7,109.0,3787.590238790137,0.3317801000084728
tight,364,16,16,True,16,0,0,1,32.0,5.684341886080802e-14,236.72438992438356,117,585.0,3013.590238790137,236,72,0,True,21,48.0,16,3,0.3560250000009546,20,15,joint_route,990001,1,7,109.0,3787.590238790137,0.3561211999913212
measure,387,16,16,True,16,0,0,4,32.0,5.684341886080802e-14,247.2656064811812,123,615.0,3147.2497036988993,115,75,0,True,22,48.0,16,3,0.37821249999979045,18,15,joint_route,990001,3,7,114.0,3956.2497036988993,0.3783034999942174
baseline,219,10,10,True,10,0,0,1,20.0,0.0,329.4186906413558,125,625.0,2501.1869064135585,0,0,0,True,16,30.0,10,3,0.211534500005655,15,7,joint_route,990002,6,7,118.0,3294.186906413558,0.21160010001040064
guard,219,10,10,True,10,0,0,1,20.0,0.0,329.4186906413558,125,625.0,2501.1869064135585,86,95,0,True,16,30.0,10,3,0.20827070000814274,15,7,joint_route,990002,6,7,118.0,3294.186906413558,0.20835109999461565
tight,219,10,10,True,10,0,0,1,20.0,0.0,329.4186906413558,125,625.0,2501.1869064135585,133,95,0,True,16,30.0,10,3,0.2140106000006199,15,7,joint_route,990002,6,7,118.0,3294.186906413558,0.21409639999910723
measure,219,10,10,True,10,0,0,1,20.0,0.0,329.4186906413558,125,625.0,2501.1869064135585,64,95,0,True,16,30.0,10,3,0.21207170000707265,15,7,joint_route,990002,6,7,118.0,3294.186906413558,0.2121973000030266
baseline,318,13,13,True,13,0,0,0,26.0,0.0,279.96049088354243,117,585.0,2881.486381486053,0,0,0,True,15,39.0,13,3,0.2600772999867331,18,12,joint_route,990003,4,7,108.0,3639.486381486052,0.26013970001076814
guard,318,13,13,True,13,0,0,0,26.0,0.0,281.04686784053945,117,585.0,2895.6092819270134,86,81,0,True,15,39.0,13,3,0.2808441000088351,18,12,joint_route,990003,4,7,108.0,3653.6092819270125,0.2809248999983538
tight,318,13,13,True,13,0,0,0,26.0,0.0,281.04686784053945,117,585.0,2895.6092819270134,158,81,0,True,15,39.0,13,3,0.34461580000061076,18,12,joint_route,990003,4,7,108.0,3653.6092819270125,0.344697400010773
measure,318,13,13,True,13,0,0,0,26.0,0.0,281.04686784053945,117,585.0,2895.6092819270134,67,81,0,True,15,39.0,13,3,0.27308699999412056,18,12,joint_route,990003,4,7,108.0,3653.6092819270125,0.27316810000047553
baseline,261,11,11,True,11,0,0,0,22.0,0.0,303.8619384511031,120,600.0,2575.4813229621345,0,0,0,True,17,33.0,11,3,0.2257957000110764,16,11,joint_route,990004,4,7,112.0,3342.481322962134,0.22585940000135452
guard,273,11,11,True,11,0,0,0,22.0,0.0,306.83586182594473,121,605.0,2603.1944800853917,92,90,0,True,17,33.0,11,3,0.2871727999881841,16,11,joint_route,990004,4,7,112.0,3375.194480085392,0.28725580000900663
tight,273,11,11,True,11,0,0,0,22.0,0.0,306.83586182594473,121,605.0,2603.1944800853917,169,90,0,True,17,33.0,11,3,0.243916999999783,16,11,joint_route,990004,4,7,112.0,3375.194480085392,0.24400730000343174
measure,261,11,11,True,11,0,0,0,22.0,0.0,300.3356929863709,120,600.0,2536.6926228500793,62,90,0,True,17,33.0,11,3,0.23404080000182148,16,11,joint_route,990004,4,7,112.0,3303.6926228500797,0.23411980000673793
baseline,343,16,16,True,16,0,0,6,32.0,1.1368683772161603e-13,218.59243713810517,120,600.0,2703.478994209682,0,0,0,True,40,48.0,16,3,0.35314539998944383,16,16,joint_route,990005,8,7,114.0,3497.4789942096827,0.35321819999080617
guard,331,16,16,True,16,0,0,6,32.0,1.1368683772161603e-13,218.91919822451305,119,595.0,2713.707171592208,165,71,0,True,40,48.0,16,3,0.3402263999887509,16,16,joint_route,990005,8,7,114.0,3502.707171592209,0.3403214999998454
tight,331,16,16,True,16,0,0,6,32.0,1.1368683772161603e-13,218.91919822451305,119,595.0,2713.707171592208,290,71,0,True,40,48.0,16,3,0.34395629999926314,16,16,joint_route,990005,8,7,114.0,3502.707171592209,0.34406759998819325
measure,331,16,16,True,16,0,0,6,32.0,1.1368683772161603e-13,218.1727775054624,119,595.0,2701.7644400873974,93,71,0,True,40,48.0,16,3,0.3663215999986278,16,16,joint_route,990005,8,7,114.0,3490.7644400873983,0.3665692999929888
