a_m,b_m,score_per_radian
775,625,2729.7821797669126
850,525,2744.764193300717
825,550,2753.553571014379
750,650,2753.584656874635
800,575,2764.624105561016
725,675,2778.4196804191547
775,600,2778.834064032908
750,625,2800.1738352625266
700,700,2804.2273284485063
875,475,2821.377575462177
850,500,2821.632400521248
725,650,2822.7466556308714
825,525,2825.1493222173954
675,725,2830.953282952034
800,550,2831.538058587956
775,575,2840.4768958834948
700,675,2846.469663869893
750,600,2852.5878874737177
650,750,2858.5480173436276
675,700,2871.2689923410762
725,625,2872.490022457638
625,775,2886.966138065028
700,650,2893.7649006014317
650,725,2897.078349051418
825,500,2906.8436069448803
800,525,2907.5596957058715
850,475,2909.7699710897664
775,550,2911.469794541293
675,675,2916.3126565544717
875,450,2916.8903286286786
750,575,2918.2048459088687
625,750,2923.8378786820167
725,600,2928.330739195088
900,425,2928.892076488356
650,700,2940.0449011570295
700,625,2946.7230203082327
600,775,2951.493239970172
625,725,2964.882878125688
675,650,2966.633150470511
575,800,2979.994852276664
650,675,2987.9436385845033
600,750,2990.7559836097953
775,525,2991.9711391700293
750,550,2993.328119357752
800,500,2994.136302419558
725,575,2997.790221230146
825,475,3000.3309156455234
700,600,3006.055028620833
550,825,3009.297275505465
625,700,3010.5510450688803
850,450,3011.179488244363
575,775,3017.6005673090335
675,625,3022.8667346748307
875,425,3027.4608874957653
600,725,3034.3636968535056
525,850,3039.3586959227587
650,650,3041.3465429054904
550,800,3045.3589539263644
900,400,3050.160545519807
575,750,3059.2998523595697
625,675,3061.358763258003
525,825,3073.9786384260146
725,550,3077.0953160164745
750,525,3078.363020897698
700,575,3079.2177430818874
925,375,3080.5452923183207
600,700,3082.78441582547
775,500,3083.48635811594
550,775,3085.286215788717
675,600,3085.754937621145
800,475,3093.0320685370352
650,625,3100.91657041331
575,725,3105.5184897799927
825,450,3107.6982553145294
525,800,3112.2567248941377
625,650,3117.9014881373646
850,425,3128.3559256757744
550,750,3129.467742208592
600,675,3136.5552680644223
500,825,3140.151554588991
525,775,3154.548916206033
875,400,3156.1073079453627
575,700,3156.742931977491
675,575,3162.474336951187
700,550,3162.7563001982835
725,525,3166.7178675629384
650,600,3167.4262718058944
750,500,3174.873452239862
550,725,3178.3457362173217
500,800,3180.6872873335487
625,625,3180.869308177562
775,475,3187.84970144844
900,375,3192.369358989876
600,650,3196.295566351043
525,750,3201.258594017432
800,450,3206.4188157786966
475,825,3207.815469328033
575,675,3213.5313888016976
500,775,3225.3879889831755
825,425,3231.5444632118215
550,700,3232.4253666682957
925,350,3238.996047756897
650,575,3247.54889940639
675,550,3250.298334066146
475,800,3250.6502733572042
625,600,3251.0663187353903
525,725,3252.84464927716
700,525,3257.0210105769506
600,625,3262.7229867510573
850,400,3264.4461771783367
725,500,3268.2806299562044
500,750,3274.6719805532302
575,650,3276.5274295385375
750,475,3284.764146493197
550,675,3292.2862773282795
475,775,3297.803300206913
875,375,3306.691484148145
775,450,3307.3182762084116
525,700,3309.8312784096893
450,800,3322.1457875129877
500,725,3329.015117372651
625,575,3334.4320830150205
600,600,3336.6737137246796
800,425,3336.9997663096824
650,550,3339.7107633020837
575,625,3346.4767914577315
675,525,3349.2602626426137
475,750,3349.7080568698034
550,650,3358.5967082624425
900,350,3360.3306714756186
700,500,3363.6939029643427
450,775,3371.7952193913893
525,675,3372.8199233135747
825,400,3375.145843284493
725,475,3383.7592970230135
500,700,3388.9609451379733
425,800,3395.1743707125934
475,725,3406.8576484298605
750,450,3410.3780368076614
600,575,3423.1160988914016
850,375,3423.4749054858617
575,600,3424.248313637127
450,750,3426.3675129397884
925,325,3428.0989877547327
625,550,3430.9847766657394
550,625,3432.1309489856885
525,650,3442.5039236083235
650,525,3443.4256233457245
775,425,3444.7003013029184
425,775,3447.364579123435
500,675,3455.1330802182333
675,500,3461.101886877833
475,700,3469.815301741669
875,350,3484.2336786632977
700,475,3484.822158169398
450,725,3486.3733169666657
800,400,3488.1813242131143
425,750,3504.6515286689005
575,575,3513.5945361819604
950,300,3513.7289590979635
550,600,3513.7910788404906
725,450,3515.583230561273
525,625,3519.6866287832268
600,550,3524.113187056528
400,775,3524.5126366974046
500,650,3528.250404467993
475,675,3539.2271956279055
625,525,3539.509012275577
825,375,3542.6905988706335
450,700,3552.3958811669936
750,425,3554.6290297669993
900,325,3560.4177740025775
650,500,3560.4954741614847
425,725,3567.563714129092
400,750,3584.5617313681355
675,475,3587.9424437445687
775,400,3603.533073117873
525,600,3605.3039633254075
550,575,3605.862197640869
500,625,3609.145851049371
850,350,3610.6713309316187
475,650,3615.8382101866114
575,550,3619.090232880713
700,450,3622.9222234271224
450,675,3625.1043459772372
425,700,3636.704759137728
600,525,3637.504027964288
400,725,3650.4309007194865
925,300,3656.1119792625545
625,500,3661.8675401628584
800,375,3664.3161387097985
375,750,3666.100155715034
725,425,3666.772784853614
650,475,3693.112215923211
875,325,3695.379198030405
500,600,3698.789812853517
525,575,3700.4527778644538
475,625,3700.5114012346776
450,650,3705.27005852099
425,675,3712.767175632021
550,550,3715.911398422194
750,400,3721.186194926297
400,700,3722.7445024705908
675,450,3732.386170324629
375,725,3734.977363206049
575,525,3737.4057308327256
825,350,3739.61793338868
600,500,3765.212679691338
950,275,3777.0332213835
700,425,3781.121721076363
775,375,3788.3347069402043
450,625,3793.786750887349
475,600,3794.2522709036593
425,650,3796.549258790685
500,575,3798.319558533404
625,475,3800.325564092341
900,300,3801.250343211327
400,675,3802.2188402437882
375,700,3810.518120923539
525,550,3814.5732518713935
350,725,3821.2059726675448
850,325,3832.953913755929
550,525,3839.2104483033972
725,400,3841.129760542351
650,450,3843.9686217464005
575,500,3870.5269716073394
800,350,3871.0545719726965
425,625,3888.975984620242
400,650,3889.6796500541686
450,600,3891.6956921132073
375,675,3893.462954250376
675,425,3897.6688300693054
475,575,3898.2392726172084
350,700,3900.0290224807327
600,475,3909.5783193380103
750,375,3914.7342330980723
500,550,3915.07329966484
925,275,3934.487883651784
525,525,3942.9156002655513
875,300,3949.1107378582697
625,450,3957.665176034025
700,400,3963.3562077653423
825,325,3973.1207980048503
550,500,3977.807768957202
375,650,3984.6655441066423
400,625,3986.0837329322435
350,675,3986.5035423658924
425,600,3991.1250628623757
325,700,3991.2809719526904
450,575,4000.217306582881
775,350,4004.96802858143
650,425,4016.409515290638
475,550,4017.409855816484
575,475,4020.867801193862
725,375,4043.5066493753457
500,525,4048.5195431387174
600,450,4073.473172656912
325,675,4081.3449948822235
350,650,4081.5116730714103
375,625,4085.1151105893564
525,500,4087.0535123038208
675,400,4087.8608188739277
400,600,4092.5459286179853
900,275,4094.775884711239
850,300,4099.669844932009
950,250,4104.034223318038
425,575,4104.259693710857
800,325,4115.865573518911
450,550,4121.581924971218
550,475,4134.192593478216
625,425,4137.341219179173
750,350,4141.349850034757
475,525,4156.0214308654295
700,375,4174.647246154068
300,675,4177.992026590182
325,650,4180.223141341129
350,625,4186.0756602539595
575,450,4191.391422175359
375,600,4195.96432763555
500,500,4198.263564042656
400,575,4210.373035905408
650,400,4214.641265754964
425,550,4229.870132414503
525,475,4249.552346272046
825,300,4252.912582921053
875,275,4257.871969748544
600,425,4260.463096839783
775,325,4261.179639594979
450,525,4265.421091262745
925,250,4279.580257619169
725,350,4280.19554973587
300,650,4280.8053816167785
325,625,4288.971301042625
350,600,4301.38673061209
675,375,4308.154115098765
550,450,4311.419968928819
475,500,4311.438061645918
375,575,4318.5644327187665
400,550,4341.106861742564
625,400,4343.697214388818
500,475,4366.947601325207
425,525,4376.718916268589
275,650,4383.264114789374
575,425,4385.77573090246
300,625,4393.808281691701
325,600,4408.81998588364
800,300,4408.830631676505
750,325,4409.059079291597
700,350,4421.503923576673
850,275,4423.760793496679
450,500,4426.577787935582
350,575,4428.841417072176
525,450,4433.559882849405
650,375,4444.027668401694
375,550,4454.509793566095
900,250,4458.043403824529
600,400,4475.029981396124
475,475,4486.379638412517
400,525,4489.915764727918
275,625,4500.593138013972
550,425,4513.280882746834
300,600,4518.2712697695015
950,225,4530.063802430814
325,575,4541.211897170927
425,500,4543.68405664319
500,450,4557.813077147591
725,325,4559.503816633916
675,350,4565.276464084996
775,300,4567.421193621957
350,550,4570.087676785438
625,375,4582.270224176288
825,275,4592.435051477428
375,525,4605.695044976006
450,475,4607.850340387978
575,400,4608.64223618393
250,625,4609.332654337765
275,600,4629.748041677764
875,250,4639.409079318923
525,425,4642.981275797839
300,575,4655.684104129649
400,500,4662.758611666657
475,450,4684.182148944587
325,550,4687.849629104856
650,350,4711.516859004198
700,325,4712.516901209211
925,225,4715.5740575313985
600,375,4722.885649261717
350,525,4727.0840282796535
750,300,4728.685953036274
425,475,4731.3620749005895
250,600,4743.258003602412
550,400,4744.537742990947
800,275,4763.8939303186
275,575,4772.266544846702
500,425,4774.880407072236
375,500,4783.80353857941
300,550,4807.805082098884
450,450,4812.670240230318
850,250,4823.672228380976
325,525,4850.756850829972
400,475,4856.917590936252
225,600,4858.80906366031
625,350,4860.2305624261235
575,375,4865.87905183245
675,325,4868.103900978927
525,400,4882.721137818928
250,575,4890.967959691502
725,300,4892.630201270923
350,500,4906.82118708348
475,425,4908.9823835875495
900,225,4916.24835940271
275,550,4929.963732027943
775,275,4938.141820896053
425,450,4943.280916805442
300,525,4976.724312293921
375,475,4984.519928536244
825,250,5010.835381220237
550,375,5011.256517204999
600,350,5011.42442827962
225,575,5011.797284594627
500,400,5023.197735851212
650,325,5026.272387075826
325,500,5032.357631267785
450,425,5045.291780634627
250,550,5054.3354958953505
700,300,5059.262101142698
400,450,5076.018063120376
950,200,5089.855929891317
275,525,5104.997461628667
350,475,5114.172340213175
750,275,5115.187248378043
875,225,5119.929575290247
200,575,5134.763617157206
525,375,5159.024881109116
300,500,5164.945766455373
575,350,5165.106397429769
475,400,5165.973365504018
225,550,5180.930472273267
425,425,5183.813519264287
625,325,5187.031496857514
800,250,5200.907062959915
375,450,5210.885791154298
675,300,5228.592068232345
250,525,5235.587551740308
325,475,5245.8782227406655
925,200,5279.8079312385335
725,275,5295.04198167983
275,500,5299.953205541722
500,375,5309.191535453472
200,550,5309.758906459901
450,400,5311.0542257367115
550,350,5321.285230892221
400,425,5324.552760649924
850,225,5326.625728171933
350,450,5347.888361684145
600,325,5350.391563605061
975,200,5363.861692987979
225,525,5368.5059992754595
300,475,5379.641058133747
775,250,5393.900486712535
650,300,5400.632250548268
250,500,5437.392722071242
425,400,5458.446763669496
475,375,5461.764262278389
375,425,5467.51481526439
700,275,5477.720291687865
525,350,5479.970282737301
325,450,5487.030116478984
200,525,5503.764349051471
900,200,5508.256673038434
575,325,5516.363803041208
275,475,5517.955406741225
825,225,5536.351657915533
625,300,5575.396091102556
225,500,5577.277231243028
750,250,5589.832478101621
400,400,5608.157569927362
350,425,5612.705065054423
450,375,5616.751092162171
300,450,5628.315420120889
500,350,5641.1713071733175
175,525,5641.374242672351
250,475,5662.976380484688
675,275,5663.238333168209
550,325,5684.960048345762
200,500,5719.619753885154
875,200,5739.826854977334
800,225,5749.127430877009
600,300,5752.897960500112
325,425,5760.1288970122305
375,400,5760.19328945292
275,450,5771.748610300993
425,375,5774.1601838441875
725,250,5788.722589027677
475,350,5804.898295079713
225,475,5810.572500170338
950,175,5834.318825752442
650,275,5851.613629775015
525,325,5856.192526609988
175,500,5864.4333848620745
300,425,5909.791646734772
350,400,5914.560545814044
250,450,5917.333955570865
575,300,5933.152848752905
400,375,5933.999722256884
200,475,5960.75846960619
775,225,5964.977047580197
450,350,5971.161335927017
850,200,5974.5430262107275
700,250,5990.592366740242
150,500,6011.731265458788
500,325,6030.073670734979
925,175,6033.124231428071
625,275,6042.864645223233
275,425,6061.69855072965
325,400,6071.265877279258
225,450,6072.453387378971
375,375,6096.277832529733
175,475,6113.549039821856
550,300,6116.176107277553
425,350,6139.970501589495
975,175,6153.776195701754
750,225,6183.927390445769
675,250,6195.464750824409
475,325,6206.615961673631
825,200,6212.435403365763
250,425,6215.854706374642
300,400,6230.3156831498045
200,450,6231.370942798916
600,275,6237.010426650647
350,375,6261.002507848375
150,475,6268.958981736497
900,175,6297.332795657764
525,300,6301.9832334804905
400,350,6311.335749041901
225,425,6372.265038568628
450,325,6385.831796669443
275,400,6391.7161790256705
175,450,6393.043117400081
650,250,6403.363575907859
725,225,6406.007365779901
325,375,6428.181549329173
575,275,6434.07030860186
800,200,6453.538331418123
375,350,6485.266839346814
500,300,6490.58969153446
200,425,6536.625527176065
250,400,6555.473359847375
150,450,6557.486548458843
875,175,6564.783066331375
425,325,6567.7333797810215
300,375,6597.822516308813
625,250,6614.313162033138
700,225,6631.247203708619
550,275,6634.063668029034
350,350,6661.773270694078
475,300,6682.010763946898
775,200,6697.889047107078
175,425,6708.247135032594
225,400,6721.592969699122
125,450,6724.717839672595
400,325,6752.332631518342
275,375,6769.932685655957
600,250,6828.337977945969
850,175,6835.520600729741
525,275,6837.009722307787
325,350,6840.864223558061
675,225,6859.6778871079705
950,150,6867.328698846639
450,300,6876.261429351341
150,425,6882.81196580831
200,400,6890.080477484417
375,325,6939.641114871425
250,375,6944.519018891567
750,200,6945.526683518209
300,350,7022.548516299391
500,275,7042.927363581248
575,250,7045.462365201029
125,425,7060.338740576051
175,400,7065.815271915588
425,300,7073.356262646425
925,150,7081.824147119937
650,225,7091.33068632879
825,175,7109.595004046809
225,375,7121.588136060298
350,325,7129.669975397805
725,200,7196.491468059348
275,350,7206.834569762021
975,150,7250.290303344933
150,400,7251.7986779370995
475,275,7251.8350238261955
550,250,7265.71031312017
400,300,7273.30935418778
200,375,7301.14629543077
325,325,7322.4298933630025
625,225,7326.236781024048
800,175,7387.058500499608
250,350,7393.730379609549
900,150,7393.857629060768
125,400,7440.942773371733
700,200,7450.824076389315
450,275,7463.750565927309
375,300,7476.134245225755
175,375,7483.199378220046
525,250,7489.105276362036
300,325,7517.931046207445
600,225,7564.426953941175
225,350,7583.243495310951
100,400,7633.268617931423
775,175,7667.964799988701
150,375,7673.127502988847
425,275,7678.691196783879
350,300,7681.843877192242
675,200,7708.5651127626015
875,150,7709.240386142281
500,250,7715.67002826115
275,325,7716.1830798516785
200,350,7775.381004829592
575,225,7805.931344357684
125,375,7875.483050380832
325,300,7890.450552786712
400,275,7896.6733990870525
250,325,7917.195087555683
475,250,7945.426544234759
750,175,7952.368198298564
650,200,7969.754693336214
175,350,7970.149524193539
850,150,8028.045350014167
550,225,8050.779251080965
100,375,8081.252174799509
300,300,8101.965907104684
375,275,8117.712878917125
225,325,8120.97559522299
150,350,8167.555191232815
450,250,8178.395910488791
625,200,8234.4321136966
725,175,8240.32286310577
525,225,8298.998976728182
275,300,8316.400887301204
200,325,8327.532552190429
350,275,8341.824526738372
825,150,8350.347263492566
125,350,8375.454606337249
950,125,8388.646241374166
425,250,8414.598254021288
600,200,8502.635585537126
700,175,8531.882268753461
250,300,8533.765739493754
175,325,8536.873326673722
500,225,8550.617706446488
325,275,8569.022389728138
100,350,8596.651941823804
925,125,8629.899196829481
400,250,8654.052690554641
800,150,8676.221429751682
150,325,8749.00470515057
225,300,8754.070001789974
575,200,8774.402030297475
300,275,8799.319653679446
475,225,8805.661415401957
75,350,8821.559881309891
675,175,8827.098750819086
975,125,8866.525273370242
375,250,8896.777287552679
125,325,8963.932895059255
200,300,8977.32250248036
775,150,9005.742737304874
900,125,9009.24900477691
275,275,9032.728632972057
550,200,9049.766919850086
450,225,9064.15480031517
650,175,9126.023157639926
350,250,9142.789039915227
100,325,9194.95101668512
175,300,9203.531362568641
250,275,9269.260767323442
425,225,9326.121231097168
525,200,9328.764156124766
750,150,9338.984901315172
875,125,9391.980699150514
325,250,9392.103856307496
625,175,9428.70458066553
150,300,9432.704001926764
75,325,9438.069344501278
225,275,9508.9266242154
400,225,9591.58271927639
500,200,9611.425983005533
300,250,9644.736554387662
125,300,9664.847148459216
725,150,9676.019875871556
600,175,9735.190149139826
200,275,9751.735906048909
850,125,9778.205061324607
375,225,9860.55990043258
475,200,9897.782924993766
100,300,9899.966849746366
275,250,9900.700863453325
175,275,9997.697461213911
700,150,10016.917402293597
575,175,10045.524877443027
350,225,10133.072028289056
250,250,10160.009433245192
75,300,10161.254644871087
825,125,10168.031527752126
450,200,10187.863748069596
150,275,10246.819298375685
550,175,10359.75155563934
675,150,10361.744666312035
325,225,10409.13697847717
225,250,10422.67384783042
425,200,10481.695438946255
125,275,10499.108603377943
800,125,10561.567199548643
525,175,10677.910675525676
200,250,10688.704643644785
300,225,10688.771260289835
650,150,10710.566042839402
100,275,10754.571758247745
400,200,10779.303199535709
950,100,10837.740920664808
175,250,10958.111330906284
775,125,10958.916094652443
275,225,10971.990034995179
500,175,11000.040385867
75,275,11020.07991341678
625,150,11063.44291150492
375,200,11080.710453956739
925,100,11124.786048424925
150,250,11230.902417726913
250,225,11258.807139495784
50,275,11314.937280329481
475,175,11326.176471616462
750,125,11360.178589071715
350,200,11385.938865840337
600,150,11420.433529548547
975,100,11472.69653528519
125,250,11507.08543634698
225,225,11549.235114300123
900,100,11605.926920122925
450,175,11656.352352815118
325,200,11695.008364039211
725,125,11765.45100666073
575,150,11781.592951314778
100,250,11786.666971000303
200,225,11843.2852349264
425,175,11990.599099592588
300,200,12007.937175141751
75,250,12069.652686990647
875,100,12090.192531915496
175,225,12140.96754598988
550,150,12146.972985649794
700,125,12174.82532634152
275,200,12324.74186143698
400,175,12328.945460283183
50,250,12381.263142488791
150,225,12442.290897336392
525,150,12516.62218412765
850,100,12577.753355113531
675,125,12588.388982704655
250,200,12645.437363183923
375,175,12671.417900158469
125,225,12747.262981679947
500,150,12890.58585431632
225,200,12970.037044213816
650,125,13006.224741174878
350,175,13018.04064867912
100,225,13055.890373284448
825,100,13068.773634817007
475,150,13268.906093320526
200,200,13298.552740041763
75,225,13368.178567299488
325,175,13368.835753502071
625,125,13428.410632897501
800,100,13563.410783764944
175,200,13630.994807790474
450,150,13651.621837663728
50,225,13689.481162635691
300,175,13723.823139757094
600,125,13855.01993753282
150,200,13967.372177336236
425,150,14038.768926240326
775,100,14061.814971205706
275,175,14083.020673339895
575,125,14286.121204482339
125,200,14307.692403179008
400,150,14430.38017361471
250,175,14446.444227164791
750,100,14564.12886260492
100,200,14651.961716617265
550,125,14721.778304888378
225,175,14814.107749485887
375,150,14826.485451391594
75,200,15000.185077875693
725,100,15070.487476778595
525,125,15162.05050817615
200,175,15186.023333535974
350,150,15227.111775752415
50,200,15352.36622789174
950,75,15407.440225640827
175,175,15562.20128785188
700,100,15581.018134880778
500,125,15606.992578037984
325,150,15632.283399559781
25,200,15751.306395148935
925,75,15775.115147866973
150,175,15942.65020675705
300,150,16042.021907689275
475,125,16056.654883662974
675,100,16095.84048145521
125,175,16327.377040559015
975,75,16351.189507180747
900,75,16427.183371050985
275,150,16456.346314463342
450,125,16511.083522743316
650,100,16615.06656207075
100,175,16716.387165094213
250,150,16875.273162244255
425,125,16970.320453379718
875,75,17080.96366357133
75,175,17109.68445031647
625,100,17138.800945312003
225,150,17298.81662039681
400,125,17434.403632492234
50,175,17507.271327680355
600,100,17667.140879377133
200,150,17726.988583962695
850,75,17736.75277576891
375,125,17903.36715874164
25,175,17931.155072532325
175,150,18159.79877149955
575,100,18200.176475448287
350,125,18377.241418297166
825,75,18394.83148847128
150,150,18597.254821633276
550,100,18737.990911491157
325,125,18856.05323206283
125,150,19039.362387953475
800,75,19055.464712753936
525,100,19280.660651315993
300,125,19339.82600320614
100,150,19486.12523195161
775,75,19718.901713579722
500,100,19828.255674666976
275,125,19828.57986402855
75,150,19937.545313761573
250,125,20322.331821382668
475,100,20380.839714858867
750,75,20385.37642577955
50,150,20393.62288051329
225,125,20821.09589998167
25,150,20854.35655215443
450,100,20938.4705010894
725,75,21055.107838545697
200,125,21324.88328306666
425,100,21501.20000305484
700,75,21728.300430208732
175,125,21833.702449999928
400,100,22069.074675907756
150,125,22347.55931043975
675,75,22405.144639193186
375,100,22642.135703938075
125,125,22866.457334827595
650,75,23085.817360126654
350,100,23220.41924164471
100,125,23390.397680982776
625,75,23770.482456406804
325,100,23803.95665110594
75,125,23919.379316654624
300,100,24392.77473476008
50,125,24453.39913792943
600,75,24459.2912823165
275,100,24986.89596288126
25,125,24992.452083429565
575,75,25152.38320916458
250,100,25586.338695181974
550,75,25849.886151019462
225,100,26191.11739609997
525,75,26551.917086470487
200,100,26801.242843434495
950,50,26868.902762083242
500,75,27258.582573549735
925,50,27367.98050498791
175,100,27416.72233008856
475,75,27969.979255514372
150,100,28037.55985875277
900,50,28350.240109930546
125,100,28663.756329432872
975,50,28682.669800295527
450,75,28686.19435565554
100,100,29295.309719780722
875,50,29326.87177013862
425,75,29407.306159685115
75,100,29932.215258236552
400,75,30133.384484573413
850,50,30298.684409597383
50,100,30574.465590031275
375,75,30864.49113298012
25,100,31222.050936132495
825,50,31266.43075024833
350,75,31600.680332648328
800,50,32230.810579046974
325,75,32341.999160323434
300,75,33088.48794992121
775,50,33192.47386475439
275,75,33840.180684807485
750,50,34152.023724057806
250,75,34597.105374168605
725,50,35110.019239084795
225,75,35359.28441355028
700,50,36066.97812993799
200,75,36126.73492972567
175,75,36899.469110122955
675,50,37023.379286837684
150,75,37677.49451710034
650,50,37979.665167018444
125,75,38460.814387403756
625,50,38936.244061819416
100,75,39249.427917180976
600,50,39893.49223952372
75,75,40043.33053295647
50,75,40842.51414899495
575,50,40851.75596950287
25,75,41646.96741149935
550,50,41811.35343314667
525,50,42772.5765269363
500,50,43735.692562864926
475,50,44700.9458712414
450,50,45668.55931073238
425,50,46638.7356903167
400,50,47611.65910764226
375,50,48587.496208094715
350,50,49566.39736870989
325,50,50548.49781088746
300,50,51533.91864569473
275,50,52522.7678553839
250,50,53515.141214587115
225,50,54511.12315449739
200,50,55510.78757319363
175,50,56514.19859512183
150,50,57521.41128260294
125,50,58532.4723021015
100,50,59547.42054785651
75,50,60566.287725348346
50,50,61589.09889695231
25,50,62615.87299200992
900,25,105196.66832421199
875,25,105213.36939392309
925,25,105254.00447818618
850,25,105296.560034616
825,25,105439.89145580743
800,25,105637.97415436253
775,25,105886.19375624311
750,25,106180.56789995848
725,25,106517.63389314461
700,25,106894.35970596256
950,25,107237.50554714086
675,25,107308.07284781487
650,25,107756.40308119313
625,25,108237.23593809843
600,25,108748.67474029606
575,25,109289.0093657785
550,25,109856.69040583051
525,25,110450.30765864017
500,25,111068.57213362852
475,25,111710.30091485842
450,25,112374.40436588739
425,25,113059.87526228248
400,25,113765.77951907487
375,25,114491.24824411306
350,25,115235.47089862335
325,25,115997.6893863238
300,25,116777.19292445958
275,25,117573.31357587203
250,25,118385.42234201352
225,25,119212.92573371068
975,25,119257.54224216734
200,25,120055.26275024914
175,25,120911.90220863566
150,25,121782.3403741703
125,25,122666.09885112026
100,25,123562.72269863487
75,25,124471.77874231861
50,25,125392.85405628345
25,25,126325.55459418723
