problem,cleared,virtual_time_s,mean_time_s,program_time_s,complete,stations_visited,measure,clear,failed_clear,fallback,scenario,seed,strategy,total,normal_exit,max_step_time_error_s,move_s,switch_s,measure_s,optical_s,laser_s,candidate_evaluations,deferred_targets,forced_targets,opportunistic_measures,safe_clear_points
3,11,4171.408083654741,379.2189166958855,0.11391129999537952,True,7,124,11,0,0,plus_r1000,510000,baseline,11,True,5.684341886080802e-14,,,,,,,,,,
3,11,4781.921827128162,434.72016610256014,0.185173499994562,True,7,127,11,0,0,plus_r1000,510000,joint_safe,11,True,5.684341886080802e-14,3975.9218271281607,116.0,635.0,33.0,22.0,304,11,3,6,11
3,13,4665.994212000189,358.9226316923222,0.18075490000774153,True,7,113,13,0,0,plus_r1000,510001,baseline,13,True,0.0,,,,,,,,,,
3,13,3881.662125845422,298.5893942958017,0.18107160000363365,True,7,116,13,0,0,plus_r1000,510001,joint_safe,13,True,0.0,3128.662125845422,108.0,580.0,39.0,26.0,304,13,5,16,13
3,13,4363.691429293919,335.6685714841476,0.15776079999341164,True,7,128,13,0,0,plus_r1000,510002,baseline,13,True,0.0,,,,,,,,,,
3,13,4778.9341337259675,367.6103179789206,0.21319979999680072,True,7,137,13,0,0,plus_r1000,510002,joint_safe,13,True,0.0,3903.9341337259657,125.0,685.0,39.0,26.0,352,13,4,13,13
3,13,4018.8586616892903,309.14297397609926,0.15779789999942295,True,7,105,13,0,0,plus_r1000,510003,baseline,13,True,2.842170943040401e-14,,,,,,,,,,
3,13,4152.39870680037,319.41528513849,0.1895267999934731,True,7,121,13,0,0,plus_r1000,510003,joint_safe,13,True,5.684341886080802e-14,3371.39870680037,111.0,605.0,39.0,26.0,327,13,7,21,13
3,15,4715.7902352203855,314.386015681359,0.2161545999988448,True,7,91,15,0,0,plus_r1000,510004,baseline,15,True,0.0,,,,,,,,,,
3,15,4116.9912518150295,274.4660834543353,0.19481679999444168,True,7,104,15,0,0,plus_r1000,510004,joint_safe,15,True,0.0,3426.991251815029,95.0,520.0,45.0,30.0,358,15,4,9,15
3,15,4337.214303522884,289.1476202348589,0.16468079999322072,True,7,115,15,0,0,plus_r1000,510005,baseline,15,True,2.2737367544323206e-13,,,,,,,,,,
3,15,4303.042702102647,286.8695134735098,0.19836410001153126,True,7,114,15,0,0,plus_r1000,510005,joint_safe,15,True,0.0,3553.042702102647,105.0,570.0,45.0,30.0,347,15,3,5,15
3,13,4857.956317867502,373.68894752826935,0.13026400000671856,True,7,123,13,0,0,plus_r1000,510006,baseline,13,True,0.0,,,,,,,,,,
3,13,3924.697785535396,301.89982965656895,0.17893840000033379,True,7,124,13,0,0,plus_r1000,510006,joint_safe,13,True,0.0,3123.697785535396,116.0,620.0,39.0,26.0,302,13,1,3,13
3,15,4248.539166335041,283.23594442233605,0.20736430000397377,True,7,100,15,0,0,plus_r1000,510007,baseline,15,True,0.0,,,,,,,,,,
3,15,4009.534269666363,267.3022846444242,0.21435490000294521,True,7,117,15,0,0,plus_r1000,510007,joint_safe,15,True,0.0,3242.5342696663633,107.0,585.0,45.0,30.0,361,15,7,18,15
3,12,4222.547062355521,351.8789218629601,0.18020010000327602,True,7,105,12,0,0,plus_r1000,510008,baseline,12,True,2.842170943040401e-14,,,,,,,,,,
3,12,3992.1781289428973,332.68151074524144,0.20309969999652822,True,7,120,12,0,0,plus_r1000,510008,joint_safe,12,True,2.842170943040401e-14,3223.178128942898,109.0,600.0,36.0,24.0,336,12,4,12,12
3,11,3837.1515269315114,348.83195699377376,0.13933029999316204,True,7,113,11,0,0,plus_r1000,510009,baseline,11,True,0.0,,,,,,,,,,
3,11,3779.9403641310937,343.6309421937358,0.17537759999686386,True,7,123,11,0,0,plus_r1000,510009,joint_safe,11,True,5.684341886080802e-14,2992.9403641310937,117.0,615.0,33.0,22.0,234,11,4,3,11
3,16,4424.675555504092,276.54222221900574,0.31702500001119915,True,7,103,16,0,0,plus_r1000,510010,baseline,16,True,0.0,,,,,,,,,,
3,16,3475.7532006993547,217.23457504370967,0.27067860000533983,True,6,102,16,0,0,plus_r1000,510010,joint_safe,16,True,0.0,2796.7532006993547,89.0,510.0,48.0,32.0,419,16,0,10,16
3,14,4693.797159627193,335.2712256876566,0.2309252999984892,True,7,117,14,0,0,plus_r1000,510011,baseline,14,True,5.684341886080802e-14,,,,,,,,,,
3,14,4104.9426105209295,293.2101864657807,0.24585979999392293,True,7,123,14,0,0,plus_r1000,510011,joint_safe,14,True,0.0,3307.9426105209286,112.0,615.0,42.0,28.0,370,14,6,18,14
3,11,4199.797251441771,381.7997501310701,0.14628519999678247,True,7,125,11,0,0,minus_r1000,510000,baseline,11,True,5.684341886080802e-14,,,,,,,,,,
3,11,4790.4856380425,435.4986943675,0.19588980000116862,True,7,127,11,0,0,minus_r1000,510000,joint_safe,11,True,4.547473508864641e-13,3984.485638042499,116.0,635.0,33.0,22.0,304,11,3,6,11
3,13,4009.755229358383,308.4427099506448,0.20132819999707863,True,7,104,13,0,0,minus_r1000,510001,baseline,13,True,0.0,,,,,,,,,,
3,13,3950.191162479105,303.86085865223885,0.23638559998653363,True,7,120,13,0,0,minus_r1000,510001,joint_safe,13,True,2.2737367544323206e-13,3177.191162479105,108.0,600.0,39.0,26.0,360,13,4,13,13
3,13,4405.966976859106,338.9205366814697,0.19037870000465773,True,7,127,13,0,0,minus_r1000,510002,baseline,13,True,0.0,,,,,,,,,,
3,13,4786.47794575107,368.1906112116208,0.27176000000326894,True,7,137,13,0,0,minus_r1000,510002,joint_safe,13,True,0.0,3911.4779457510704,125.0,685.0,39.0,26.0,352,13,4,13,13
3,13,4101.905615856293,315.53120121971483,0.18506229999184143,True,7,102,13,0,0,minus_r1000,510003,baseline,13,True,0.0,,,,,,,,,,
3,13,3808.65107613641,292.9731597028008,0.267088300010073,True,7,103,13,0,0,minus_r1000,510003,joint_safe,13,True,0.0,3137.6510761364107,91.0,515.0,39.0,26.0,339,13,1,0,13
3,15,4805.72638975863,320.381759317242,0.2823204000014812,True,7,92,15,0,0,minus_r1000,510004,baseline,15,True,0.0,,,,,,,,,,
3,15,4033.003730727655,268.8669153818436,0.25449269999808166,True,7,97,15,0,0,minus_r1000,510004,joint_safe,15,True,0.0,3385.003730727655,88.0,485.0,45.0,30.0,360,15,0,6,15
3,15,4379.794700482283,291.9863133654855,0.18208129999402445,True,7,115,15,0,0,minus_r1000,510005,baseline,15,True,0.0,,,,,,,,,,
3,15,4178.852657997881,278.5901771998587,0.2712459000031231,True,7,114,15,0,0,minus_r1000,510005,joint_safe,15,True,0.0,3428.852657997881,105.0,570.0,45.0,30.0,347,15,3,5,15
3,13,4927.398098354023,379.03062295030946,0.19810579999466427,True,7,124,13,0,0,minus_r1000,510006,baseline,13,True,0.0,,,,,,,,,,
3,13,3922.454283468873,301.72725257452873,0.20213580000563525,True,7,124,13,0,0,minus_r1000,510006,joint_safe,13,True,0.0,3121.4542834688737,116.0,620.0,39.0,26.0,302,13,1,3,13
3,15,4328.152104904282,288.5434736602855,0.23652839999704156,True,7,99,15,0,0,minus_r1000,510007,baseline,15,True,0.0,,,,,,,,,,
3,15,3974.9828379792893,264.998855865286,0.27845639998849947,True,7,117,15,0,0,minus_r1000,510007,joint_safe,15,True,1.1368683772161603e-13,3207.9828379792893,107.0,585.0,45.0,30.0,361,15,7,18,15
3,12,4210.414016157668,350.86783467980564,0.1918790999916382,True,7,104,12,0,0,minus_r1000,510008,baseline,12,True,5.684341886080802e-14,,,,,,,,,,
3,12,4044.835431099285,337.06961925827375,0.2045771999983117,True,7,120,12,0,0,minus_r1000,510008,joint_safe,12,True,5.684341886080802e-14,3275.835431099285,109.0,600.0,36.0,24.0,336,12,4,12,12
3,11,3961.2113808865283,360.11012553513893,0.1345350000046892,True,7,122,11,0,0,minus_r1000,510009,baseline,11,True,5.684341886080802e-14,,,,,,,,,,
3,11,3752.825631581172,341.16596650737927,0.2040871000062907,True,7,114,11,0,0,minus_r1000,510009,joint_safe,11,True,0.0,3023.8256315811723,104.0,570.0,33.0,22.0,301,11,1,3,11
3,16,4723.262349785117,295.20389686156983,0.23372920000110753,True,7,107,16,0,0,minus_r1000,510010,baseline,16,True,0.0,,,,,,,,,,
3,16,3876.148103053524,242.25925644084526,0.28790419999859296,True,7,104,16,0,0,minus_r1000,510010,joint_safe,16,True,0.0,3185.148103053524,91.0,520.0,48.0,32.0,407,16,1,6,16
3,14,4647.596593553625,331.97118525383036,0.21183369999926072,True,7,114,14,0,0,minus_r1000,510011,baseline,14,True,0.0,,,,,,,,,,
3,14,4089.5683822638257,292.112027304559,0.2783927999989828,True,7,124,14,0,0,minus_r1000,510011,joint_safe,14,True,0.0,3287.5683822638257,112.0,620.0,42.0,28.0,382,14,6,18,14
3,11,4308.384757664551,391.6713416058683,0.14272439999331255,True,7,130,11,0,0,boundary_outward,510000,baseline,11,True,0.0,,,,,,,,,,
3,11,4987.644026512755,453.4221842284323,0.19770259999495465,True,7,137,11,0,0,boundary_outward,510000,joint_safe,11,True,0.0,4119.644026512756,128.0,685.0,33.0,22.0,258,11,6,10,11
3,13,4453.781417439219,342.5985705722476,0.18464459999813698,True,7,130,13,0,0,boundary_outward,510001,baseline,13,True,4.547473508864641e-13,,,,,,,,,,
3,13,4141.691538774627,318.59165682881746,0.2284085999999661,True,7,128,13,0,0,boundary_outward,510001,joint_safe,13,True,0.0,3320.6915387746253,116.0,640.0,39.0,26.0,340,13,2,0,13
3,13,4453.781417439219,342.5985705722476,0.19733159999304917,True,7,130,13,0,0,boundary_outward,510002,baseline,13,True,4.547473508864641e-13,,,,,,,,,,
3,13,4140.691538774627,318.51473375189437,0.25681839999742806,True,7,128,13,0,0,boundary_outward,510002,joint_safe,13,True,0.0,3320.6915387746253,115.0,640.0,39.0,26.0,340,13,2,0,13
3,13,4454.781417439219,342.6754936491707,0.20471450001059566,True,7,130,13,0,0,boundary_outward,510003,baseline,13,True,4.547473508864641e-13,,,,,,,,,,
3,13,4141.691538774627,318.59165682881746,0.2629302999994252,True,7,128,13,0,0,boundary_outward,510003,joint_safe,13,True,0.0,3320.6915387746253,116.0,640.0,39.0,26.0,340,13,2,0,13
3,15,4784.646231413058,318.9764154275372,0.246984599987627,True,7,131,15,0,0,boundary_outward,510004,baseline,15,True,0.0,,,,,,,,,,
3,15,4440.022756733659,296.00151711557726,0.2960333999944851,True,7,127,15,0,0,boundary_outward,510004,joint_safe,15,True,0.0,3617.022756733658,113.0,635.0,45.0,30.0,396,15,2,0,15
3,15,4782.646231413058,318.84308209420385,0.26112429999921005,True,7,131,15,0,0,boundary_outward,510005,baseline,15,True,0.0,,,,,,,,,,
3,15,4440.022756733659,296.00151711557726,0.2865663999982644,True,7,127,15,0,0,boundary_outward,510005,joint_safe,15,True,0.0,3617.022756733658,113.0,635.0,45.0,30.0,396,15,2,0,15
3,13,4453.781417439219,342.5985705722476,0.20888469999772497,True,7,130,13,0,0,boundary_outward,510006,baseline,13,True,4.547473508864641e-13,,,,,,,,,,
3,13,4140.691538774627,318.51473375189437,0.2526164000009885,True,7,128,13,0,0,boundary_outward,510006,joint_safe,13,True,0.0,3320.6915387746253,115.0,640.0,39.0,26.0,340,13,2,0,13
3,15,4783.646231413058,318.9097487608705,0.23139359999913722,True,7,131,15,0,0,boundary_outward,510007,baseline,15,True,0.0,,,,,,,,,,
3,15,4441.022756733659,296.0681837822439,0.29069900000467896,True,7,127,15,0,0,boundary_outward,510007,joint_safe,15,True,0.0,3617.022756733658,114.0,635.0,45.0,30.0,396,15,2,0,15
3,12,3813.1422359473463,317.7618529956122,0.1721760000073118,True,7,128,12,0,0,boundary_outward,510008,baseline,12,True,0.0,,,,,,,,,,
3,12,3614.9505613950314,301.24588011625264,0.19630820000020321,True,7,123,12,0,0,boundary_outward,510008,joint_safe,12,True,4.547473508864641e-13,2825.950561395032,114.0,615.0,36.0,24.0,270,12,1,0,12
3,11,4307.384757664551,391.5804325149592,0.14875300000130665,True,7,130,11,0,0,boundary_outward,510009,baseline,11,True,0.0,,,,,,,,,,
3,11,4987.644026512755,453.4221842284323,0.19564249999530148,True,7,137,11,0,0,boundary_outward,510009,joint_safe,11,True,0.0,4119.644026512756,128.0,685.0,33.0,22.0,258,11,6,10,11
3,16,5309.671851127727,331.8544906954829,0.22708510000666138,True,7,130,16,0,0,boundary_outward,510010,baseline,16,True,0.0,,,,,,,,,,
3,16,4260.6194735366125,266.2887170960383,0.28143390000332147,True,7,125,16,0,0,boundary_outward,510010,joint_safe,16,True,0.0,3443.619473536612,112.0,625.0,48.0,32.0,418,16,2,0,16
3,14,4653.290804472445,332.3779146051747,0.23458419999224134,True,7,131,14,0,0,boundary_outward,510011,baseline,14,True,0.0,,,,,,,,,,
3,14,4293.260293987111,306.66144957050795,0.267458300004364,True,7,128,14,0,0,boundary_outward,510011,joint_safe,14,True,1.1368683772161603e-13,3468.2602939871126,115.0,640.0,42.0,28.0,374,14,2,0,14
3,11,4308.384757664551,391.6713416058683,0.16300610000325833,True,7,130,11,0,0,boundary_tangent,510000,baseline,11,True,0.0,,,,,,,,,,
3,11,4987.644026512755,453.4221842284323,0.19016650000412483,True,7,137,11,0,0,boundary_tangent,510000,joint_safe,11,True,0.0,4119.644026512756,128.0,685.0,33.0,22.0,258,11,6,10,11
3,13,4453.781417439219,342.5985705722476,0.1864690999937011,True,7,130,13,0,0,boundary_tangent,510001,baseline,13,True,4.547473508864641e-13,,,,,,,,,,
3,13,4141.691538774627,318.59165682881746,0.2519639000092866,True,7,128,13,0,0,boundary_tangent,510001,joint_safe,13,True,0.0,3320.6915387746253,116.0,640.0,39.0,26.0,340,13,2,0,13
3,13,4453.781417439219,342.5985705722476,0.1945447000034619,True,7,130,13,0,0,boundary_tangent,510002,baseline,13,True,4.547473508864641e-13,,,,,,,,,,
3,13,4140.691538774627,318.51473375189437,0.26006780000170693,True,7,128,13,0,0,boundary_tangent,510002,joint_safe,13,True,0.0,3320.6915387746253,115.0,640.0,39.0,26.0,340,13,2,0,13
3,13,4454.781417439219,342.6754936491707,0.19348149999859743,True,7,130,13,0,0,boundary_tangent,510003,baseline,13,True,4.547473508864641e-13,,,,,,,,,,
3,13,4141.691538774627,318.59165682881746,0.2482631000020774,True,7,128,13,0,0,boundary_tangent,510003,joint_safe,13,True,0.0,3320.6915387746253,116.0,640.0,39.0,26.0,340,13,2,0,13
3,15,4784.646231413058,318.9764154275372,0.22263039999234024,True,7,131,15,0,0,boundary_tangent,510004,baseline,15,True,0.0,,,,,,,,,,
3,15,4440.022756733659,296.00151711557726,0.2869178999972064,True,7,127,15,0,0,boundary_tangent,510004,joint_safe,15,True,0.0,3617.022756733658,113.0,635.0,45.0,30.0,396,15,2,0,15
3,15,4782.646231413058,318.84308209420385,0.23757889999251347,True,7,131,15,0,0,boundary_tangent,510005,baseline,15,True,0.0,,,,,,,,,,
3,15,4440.022756733659,296.00151711557726,0.2693187999975635,True,7,127,15,0,0,boundary_tangent,510005,joint_safe,15,True,0.0,3617.022756733658,113.0,635.0,45.0,30.0,396,15,2,0,15
3,13,4453.781417439219,342.5985705722476,0.18967700000212062,True,7,130,13,0,0,boundary_tangent,510006,baseline,13,True,4.547473508864641e-13,,,,,,,,,,
3,13,4140.691538774627,318.51473375189437,0.24741150000772905,True,7,128,13,0,0,boundary_tangent,510006,joint_safe,13,True,0.0,3320.6915387746253,115.0,640.0,39.0,26.0,340,13,2,0,13
3,15,4783.646231413058,318.9097487608705,0.2548076000093715,True,7,131,15,0,0,boundary_tangent,510007,baseline,15,True,0.0,,,,,,,,,,
3,15,4441.022756733659,296.0681837822439,0.2840754999924684,True,7,127,15,0,0,boundary_tangent,510007,joint_safe,15,True,0.0,3617.022756733658,114.0,635.0,45.0,30.0,396,15,2,0,15
3,12,3813.1422359473463,317.7618529956122,0.18001060000096913,True,7,128,12,0,0,boundary_tangent,510008,baseline,12,True,0.0,,,,,,,,,,
3,12,3614.9505613950314,301.24588011625264,0.1934495000023162,True,7,123,12,0,0,boundary_tangent,510008,joint_safe,12,True,4.547473508864641e-13,2825.950561395032,114.0,615.0,36.0,24.0,270,12,1,0,12
3,11,4307.384757664551,391.5804325149592,0.14059310000448022,True,7,130,11,0,0,boundary_tangent,510009,baseline,11,True,0.0,,,,,,,,,,
3,11,4987.644026512755,453.4221842284323,0.20477039999968838,True,7,137,11,0,0,boundary_tangent,510009,joint_safe,11,True,0.0,4119.644026512756,128.0,685.0,33.0,22.0,258,11,6,10,11
3,16,5309.671851127727,331.8544906954829,0.23679850000189617,True,7,130,16,0,0,boundary_tangent,510010,baseline,16,True,0.0,,,,,,,,,,
3,16,4260.6194735366125,266.2887170960383,0.25344300000870135,True,7,125,16,0,0,boundary_tangent,510010,joint_safe,16,True,0.0,3443.619473536612,112.0,625.0,48.0,32.0,418,16,2,0,16
3,14,4653.290804472445,332.3779146051747,0.19713460000639316,True,7,131,14,0,0,boundary_tangent,510011,baseline,14,True,0.0,,,,,,,,,,
3,14,4293.260293987111,306.66144957050795,0.27038239999092184,True,7,128,14,0,0,boundary_tangent,510011,joint_safe,14,True,1.1368683772161603e-13,3468.2602939871126,115.0,640.0,42.0,28.0,374,14,2,0,14
3,11,4653.855493601189,423.0777721455626,0.2857524999999441,True,7,104,11,0,0,grid_and_near,510000,baseline,11,True,0.0,,,,,,,,,,
3,11,3472.5518824883193,315.6865347716654,0.21068560000276193,True,7,115,11,0,0,grid_and_near,510000,joint_safe,11,True,0.0,2740.551882488319,102.0,575.0,33.0,22.0,326,10,5,21,10
3,13,5041.389446284496,387.7991881757305,0.36577000000397675,True,7,98,13,0,0,grid_and_near,510001,baseline,13,True,1.1368683772161603e-13,,,,,,,,,,
3,13,3562.527693832699,274.0405918332845,0.2505038999952376,True,7,110,13,0,0,grid_and_near,510001,joint_safe,13,True,4.547473508864641e-13,2852.527693832699,95.0,550.0,39.0,26.0,394,12,6,24,12
3,13,5041.389446284496,387.7991881757305,0.3816480999958003,True,7,98,13,0,0,grid_and_near,510002,baseline,13,True,1.1368683772161603e-13,,,,,,,,,,
3,13,3561.527693832699,273.96366875636147,0.26777739998942707,True,7,110,13,0,0,grid_and_near,510002,joint_safe,13,True,4.547473508864641e-13,2852.527693832699,94.0,550.0,39.0,26.0,394,12,6,24,12
3,13,5041.389446284496,387.7991881757305,0.3859576999966521,True,7,98,13,0,0,grid_and_near,510003,baseline,13,True,1.1368683772161603e-13,,,,,,,,,,
3,13,3562.527693832699,274.0405918332845,0.264926200004993,True,7,110,13,0,0,grid_and_near,510003,joint_safe,13,True,4.547473508864641e-13,2852.527693832699,95.0,550.0,39.0,26.0,394,12,6,24,12
3,15,5424.332430548131,361.6221620365421,0.4894093999901088,True,7,92,15,0,0,grid_and_near,510004,baseline,15,True,4.547473508864641e-13,,,,,,,,,,
3,15,3660.2219906658966,244.01479937772643,0.31278879998717457,True,7,107,15,0,0,grid_and_near,510004,joint_safe,15,True,0.0,2960.2219906658966,90.0,535.0,45.0,30.0,462,14,7,29,14
3,15,5424.332430548131,361.6221620365421,0.4472358000057284,True,7,92,15,0,0,grid_and_near,510005,baseline,15,True,4.547473508864641e-13,,,,,,,,,,
3,15,3660.2219906658966,244.01479937772643,0.29000660000019707,True,7,107,15,0,0,grid_and_near,510005,joint_safe,15,True,0.0,2960.2219906658966,90.0,535.0,45.0,30.0,462,14,7,29,14
3,13,5041.389446284496,387.7991881757305,0.3432306000031531,True,7,98,13,0,0,grid_and_near,510006,baseline,13,True,0.0,,,,,,,,,,
3,13,3570.831867338196,274.67937441063043,0.2840645000105724,True,7,110,13,0,0,grid_and_near,510006,joint_safe,13,True,0.0,2861.831867338196,94.0,550.0,39.0,26.0,394,12,6,24,12
3,15,5424.332430548131,361.6221620365421,0.45050439999613445,True,7,92,15,0,0,grid_and_near,510007,baseline,15,True,0.0,,,,,,,,,,
3,15,3675.3726590611113,245.0248439374074,0.327963899995666,True,7,108,15,0,0,grid_and_near,510007,joint_safe,15,True,0.0,2969.372659061112,91.0,540.0,45.0,30.0,462,14,8,30,14
3,12,4846.37776661225,403.86481388435413,0.3348216999875149,True,7,101,12,0,0,grid_and_near,510008,baseline,12,True,5.684341886080802e-14,,,,,,,,,,
3,12,3502.6099535856683,291.8841627988057,0.24140179999812972,True,7,111,12,0,0,grid_and_near,510008,joint_safe,12,True,0.0,2791.609953585669,96.0,555.0,36.0,24.0,360,11,5,21,11
3,11,4653.855493601188,423.0777721455625,0.29525029999786057,True,7,104,11,0,0,grid_and_near,510009,baseline,11,True,9.094947017729282e-13,,,,,,,,,,
3,11,3443.7014832934296,313.0637712084936,0.20849390000512358,True,7,112,11,0,0,grid_and_near,510009,joint_safe,11,True,0.0,2729.70148329343,99.0,560.0,33.0,22.0,326,10,4,18,10
3,16,3799.453502237334,237.46584388983337,0.5219224000029499,True,1,65,16,0,0,grid_and_near,510010,baseline,16,True,0.0,,,,,,,,,,
3,16,2911.3426140644,181.958913379025,0.3296120000013616,True,4,94,16,0,0,grid_and_near,510010,joint_safe,16,True,0.0,2283.3426140644,78.0,470.0,48.0,32.0,496,15,8,32,15
3,14,5231.810157537069,373.70072553836206,0.4007051000080537,True,7,95,14,0,0,grid_and_near,510011,baseline,14,True,9.094947017729282e-13,,,,,,,,,,
3,14,3611.1378156337087,257.93841540240777,0.26583850001043174,True,7,109,14,0,0,grid_and_near,510011,joint_safe,14,True,0.0,2903.1378156337087,93.0,545.0,42.0,28.0,428,13,7,27,13
4,11,10558.748954744486,959.886268613135,0.12548210000386462,True,31,441,28,17,2,plus_r1000,510000,baseline,11,True,0.0,,,,,,,,,,
4,11,10157.654749760028,923.4231590690935,0.7075846000079764,True,31,399,60,49,4,plus_r1000,510000,directional_layers_safe,11,True,0.0,7596.654749760023,364.0,1995.0,180.0,22.0,0,0,0,0,7
4,13,9979.418811167765,767.6476008590588,0.17734529999142978,True,31,380,28,15,1,plus_r1000,510001,baseline,13,True,0.0,,,,,,,,,,
4,13,10332.167224221295,794.7820941708688,0.35459429999173153,True,31,345,52,39,1,plus_r1000,510001,directional_layers_safe,13,True,0.0,8119.167224221301,306.0,1725.0,156.0,26.0,0,0,0,0,12
4,13,9753.903573909805,750.3002749161388,0.18206279999867547,True,31,309,27,14,1,plus_r1000,510002,baseline,13,True,1.1368683772161603e-13,,,,,,,,,,
4,13,11231.623947612446,863.9710728932652,1.0526310999994166,True,31,337,134,121,5,plus_r1000,510002,directional_layers_safe,13,True,1.8189894035458565e-12,8823.623947612446,295.0,1685.0,402.0,26.0,0,0,0,0,8
4,13,10593.550284503874,814.8884834233749,0.19499869999708608,True,31,373,35,22,2,plus_r1000,510003,baseline,13,True,0.0,,,,,,,,,,
4,13,9737.673279079941,749.051790698457,0.34353959999862127,True,31,322,18,5,1,plus_r1000,510003,directional_layers_safe,13,True,0.0,7769.673279079943,278.0,1610.0,54.0,26.0,0,0,0,0,12
4,15,10715.335475957496,714.3556983971664,0.2243455999996513,True,31,289,58,43,4,plus_r1000,510004,baseline,15,True,2.2737367544323206e-13,,,,,,,,,,
4,15,10652.891073587198,710.1927382391465,0.8955012000078568,True,31,253,105,90,4,plus_r1000,510004,directional_layers_safe,15,True,0.0,8835.891073587216,207.0,1265.0,315.0,30.0,0,0,0,0,11
4,15,10617.345521987252,707.8230347991502,0.2137494000053266,True,31,324,34,19,2,plus_r1000,510005,baseline,15,True,0.0,,,,,,,,,,
4,15,10869.211669957607,724.6141113305072,0.8892786999931559,True,31,328,68,53,4,plus_r1000,510005,directional_layers_safe,15,True,4.547473508864641e-13,8706.21166995761,289.0,1640.0,204.0,30.0,0,0,0,0,11
4,13,9961.273352680468,766.251796360036,0.1646723000012571,True,31,385,16,3,1,plus_r1000,510006,baseline,13,True,0.0,,,,,,,,,,
4,13,10479.832813036708,806.1409856182083,0.5386001000006218,True,31,355,88,75,2,plus_r1000,510006,directional_layers_safe,13,True,1.1368683772161603e-13,8098.83281303668,316.0,1775.0,264.0,26.0,0,0,0,0,11
4,15,9773.574729705224,651.571648647015,0.22265699999115895,True,31,240,33,18,2,plus_r1000,510007,baseline,15,True,0.0,,,,,,,,,,
4,15,9953.484499524418,663.5656333016279,0.6379332000069553,True,31,262,86,71,2,plus_r1000,510007,directional_layers_safe,15,True,4.547473508864641e-13,8139.484499524422,216.0,1310.0,258.0,30.0,0,0,0,0,13
4,12,11068.946350732484,922.4121958943737,0.16449899999133777,True,31,370,30,18,2,plus_r1000,510008,baseline,12,True,0.0,,,,,,,,,,
4,12,10838.744478456052,903.2287065380043,0.5668941000039922,True,31,348,53,41,2,plus_r1000,510008,directional_layers_safe,12,True,0.0,8612.74447845606,303.0,1740.0,159.0,24.0,0,0,0,0,10
4,11,10956.392143731464,996.035649430133,0.16090980000444688,True,31,427,43,32,4,plus_r1000,510009,baseline,11,True,0.0,,,,,,,,,,
4,11,10602.40948622792,963.8554078389018,0.9896726000006311,True,31,364,108,97,4,plus_r1000,510009,directional_layers_safe,11,True,0.0,8112.409486227918,324.0,1820.0,324.0,22.0,0,0,0,0,7
4,16,7505.234380968356,469.07714881052226,0.22565300000132993,True,19,221,59,43,4,plus_r1000,510010,baseline,16,True,0.0,,,,,,,,,,
4,16,6169.802944173904,385.612684010869,0.9747401000058744,True,12,149,110,94,4,plus_r1000,510010,directional_layers_safe,16,True,4.547473508864641e-13,4942.802944173898,120.0,745.0,330.0,32.0,0,0,0,0,12
4,14,9838.433989669013,702.745284976358,0.19454969999787863,True,31,370,14,0,0,plus_r1000,510011,baseline,14,True,0.0,,,,,,,,,,
4,14,10018.937693152873,715.6384066537767,0.6058494000026258,True,31,304,93,79,2,plus_r1000,510011,directional_layers_safe,14,True,0.0,7922.937693152866,269.0,1520.0,279.0,28.0,0,0,0,0,12
4,11,10559.110207907223,959.9191098097475,0.13833750000048894,True,31,441,28,17,2,minus_r1000,510000,baseline,11,True,0.0,,,,,,,,,,
4,11,9797.87101632608,890.7155469387345,0.7436305000010179,True,31,398,23,12,4,minus_r1000,510000,directional_layers_safe,11,True,5.684341886080802e-14,7352.871016326078,364.0,1990.0,69.0,22.0,0,0,0,0,7
4,13,10614.544543615852,816.5034264319886,0.14991459999873769,True,31,377,111,98,1,minus_r1000,510001,baseline,13,True,0.0,,,,,,,,,,
4,13,10054.80274517555,773.4463650135039,0.4266308000078425,True,31,346,13,0,1,minus_r1000,510001,directional_layers_safe,13,True,0.0,7953.802745175552,306.0,1730.0,39.0,26.0,0,0,0,0,12
4,13,10466.146069713037,805.0881592086952,0.15978780000295956,True,31,312,111,98,1,minus_r1000,510002,baseline,13,True,5.684341886080802e-14,,,,,,,,,,
4,13,11029.750844915348,848.442372685796,1.0487715999915963,True,31,340,105,92,5,minus_r1000,510002,directional_layers_safe,13,True,0.0,8693.75084491535,295.0,1700.0,315.0,26.0,0,0,0,0,8
4,13,11976.780479205305,921.2908060927158,0.16874350000580307,True,31,366,215,202,2,minus_r1000,510003,baseline,13,True,0.0,,,,,,,,,,
4,13,9816.577195348762,755.1213227191355,0.4123587000067346,True,31,319,47,34,1,minus_r1000,510003,directional_layers_safe,13,True,0.0,7776.5771953487665,278.0,1595.0,141.0,26.0,0,0,0,0,12
4,15,12275.178105989138,818.3452070659425,0.20709769999666605,True,31,285,239,224,5,minus_r1000,510004,baseline,15,True,0.0,,,,,,,,,,
4,15,10199.78392657627,679.9855951050847,1.0842737999919336,True,31,255,53,38,5,minus_r1000,510004,directional_layers_safe,15,True,1.1368683772161603e-13,8528.783926576272,207.0,1275.0,159.0,30.0,0,0,0,0,10
4,15,11196.580282833675,746.438685522245,0.1643393999984255,True,31,307,120,105,2,minus_r1000,510005,baseline,15,True,0.0,,,,,,,,,,
4,15,11005.405605234277,733.6937070156184,0.6344745000096736,True,31,326,92,77,3,minus_r1000,510005,directional_layers_safe,15,True,0.0,8780.405605234278,289.0,1630.0,276.0,30.0,0,0,0,0,12
4,13,9963.70370201055,766.4387463085039,0.14724270001170225,True,31,386,16,3,1,minus_r1000,510006,baseline,13,True,0.0,,,,,,,,,,
4,13,9827.105606265086,755.9312004819296,0.4570819000073243,True,31,354,14,1,2,minus_r1000,510006,directional_layers_safe,13,True,1.1368683772161603e-13,7673.105606265084,316.0,1770.0,42.0,26.0,0,0,0,0,11
4,15,10502.404987786178,700.1603325190786,0.19079979999514762,True,31,238,127,112,2,minus_r1000,510007,baseline,15,True,5.684341886080802e-14,,,,,,,,,,
4,15,9449.994614804828,629.9996409869885,0.5104764999996405,True,31,262,27,12,2,minus_r1000,510007,directional_layers_safe,15,True,0.0,7812.994614804827,216.0,1310.0,81.0,30.0,0,0,0,0,13
4,12,11147.376392832179,928.9480327360149,0.1361317999981111,True,31,349,119,107,2,minus_r1000,510008,baseline,12,True,0.0,,,,,,,,,,
4,12,10908.681439552949,909.0567866294124,0.4787897000060184,True,31,350,47,35,2,minus_r1000,510008,directional_layers_safe,12,True,9.094947017729282e-13,8690.681439552956,303.0,1750.0,141.0,24.0,0,0,0,0,10
4,11,12798.283061449856,1163.4802783136233,0.1297179000102915,True,31,399,216,205,3,minus_r1000,510009,baseline,11,True,0.0,,,,,,,,,,
4,11,9864.204323729879,896.7458476118071,0.6696801999933086,True,31,360,39,28,3,minus_r1000,510009,directional_layers_safe,11,True,0.0,7601.204323729875,324.0,1800.0,117.0,22.0,0,0,0,0,8
4,16,10303.453803415709,643.9658627134818,0.19148439999844413,True,19,223,325,309,5,minus_r1000,510010,baseline,16,True,0.0,,,,,,,,,,
4,16,5448.032009939641,340.5020006212276,0.6446228999993764,True,12,145,43,27,3,minus_r1000,510010,directional_layers_safe,16,True,0.0,4442.03200993964,120.0,725.0,129.0,32.0,0,0,0,0,13
4,14,9895.22507483222,706.8017910594443,0.16310079999675509,True,31,369,14,0,0,minus_r1000,510011,baseline,14,True,0.0,,,,,,,,,,
4,14,9765.059957877069,697.5042827055049,0.48448329999519046,True,31,306,59,45,2,minus_r1000,510011,directional_layers_safe,14,True,1.8189894035458565e-12,7761.059957877066,269.0,1530.0,177.0,28.0,0,0,0,0,12
4,11,11126.669726181563,1011.5154296528693,0.09069880000606645,True,31,494,11,0,3,boundary_outward,510000,baseline,11,True,0.0,,,,,,,,,,
4,11,11656.705544296867,1059.7005040269878,0.5715546999999788,True,31,544,69,58,8,boundary_outward,510000,directional_layers_safe,11,True,0.0,8195.705544296872,512.0,2720.0,207.0,22.0,0,0,0,0,3
4,13,11522.882957315596,886.3756121011997,0.1058708999917144,True,31,463,13,0,4,boundary_outward,510001,baseline,13,True,0.0,,,,,,,,,,
4,13,12247.46823943794,942.1129414952261,0.5631846000032965,True,31,530,113,100,7,boundary_outward,510001,directional_layers_safe,13,True,0.0,8734.468239437985,498.0,2650.0,339.0,26.0,0,0,0,0,6
4,13,11521.882957315596,886.2986890242767,0.11109390000638086,True,31,463,13,0,4,boundary_outward,510002,baseline,13,True,0.0,,,,,,,,,,
4,13,12246.46823943794,942.036018418303,0.5971541000035359,True,31,530,113,100,7,boundary_outward,510002,directional_layers_safe,13,True,0.0,8734.468239437985,497.0,2650.0,339.0,26.0,0,0,0,0,6
4,13,11522.882957315596,886.3756121011997,0.10570590000133961,True,31,463,13,0,4,boundary_outward,510003,baseline,13,True,0.0,,,,,,,,,,
4,13,12247.46823943794,942.1129414952261,0.563511499989545,True,31,530,113,100,7,boundary_outward,510003,directional_layers_safe,13,True,0.0,8734.468239437985,498.0,2650.0,339.0,26.0,0,0,0,0,6
4,15,11587.375727857843,772.4917151905229,0.12221459999273065,True,31,441,15,0,3,boundary_outward,510004,baseline,15,True,9.094947017729282e-13,,,,,,,,,,
4,15,12660.973007652641,844.0648671768428,0.7438466000021435,True,31,510,89,74,8,boundary_outward,510004,directional_layers_safe,15,True,0.0,9339.973007652648,474.0,2550.0,267.0,30.0,0,0,0,0,7
4,15,11587.375727857843,772.4917151905229,0.13221389999671374,True,31,441,15,0,3,boundary_outward,510005,baseline,15,True,9.094947017729282e-13,,,,,,,,,,
4,15,12659.973007652641,843.998200510176,0.7013966999948025,True,31,510,89,74,8,boundary_outward,510005,directional_layers_safe,15,True,0.0,9339.973007652648,473.0,2550.0,267.0,30.0,0,0,0,0,7
4,13,11520.882957315596,886.2217659473536,0.10405880000325851,True,31,463,13,0,4,boundary_outward,510006,baseline,13,True,0.0,,,,,,,,,,
4,13,12246.46823943794,942.036018418303,0.5701948000059929,True,31,530,113,100,7,boundary_outward,510006,directional_layers_safe,13,True,0.0,8734.468239437985,497.0,2650.0,339.0,26.0,0,0,0,0,6
4,15,11586.375727857843,772.4250485238562,0.11980509999557398,True,31,441,15,0,3,boundary_outward,510007,baseline,15,True,9.094947017729282e-13,,,,,,,,,,
4,15,12661.973007652641,844.1315338435094,0.6991074999968987,True,31,510,89,74,8,boundary_outward,510007,directional_layers_safe,15,True,0.0,9339.973007652648,475.0,2550.0,267.0,30.0,0,0,0,0,7
4,12,11680.607144736867,973.3839287280722,0.10146890000032727,True,31,500,12,0,6,boundary_outward,510008,baseline,12,True,0.0,,,,,,,,,,
4,12,12778.4471170603,1064.8705930883582,1.1547171999991406,True,31,536,130,118,12,boundary_outward,510008,directional_layers_safe,12,True,0.0,9180.447117060321,504.0,2680.0,390.0,24.0,0,0,0,0,0
4,11,11127.669726181563,1011.6063387437785,0.08571479999227449,True,31,494,11,0,3,boundary_outward,510009,baseline,11,True,0.0,,,,,,,,,,
4,11,11656.705544296867,1059.7005040269878,0.5490811000054237,True,31,544,69,58,8,boundary_outward,510009,directional_layers_safe,11,True,0.0,8195.705544296872,512.0,2720.0,207.0,22.0,0,0,0,0,3
4,16,11357.92718261047,709.8704489131544,0.14927429999806918,True,29,388,16,0,4,boundary_outward,510010,baseline,16,True,0.0,,,,,,,,,,
4,16,13845.549134756006,865.3468209222503,0.930748599988874,True,30,500,254,238,12,boundary_outward,510010,directional_layers_safe,16,True,0.0,10085.549134756027,466.0,2500.0,762.0,32.0,0,0,0,0,4
4,14,11902.038971751186,850.1456408393705,0.1391377999971155,True,31,421,14,0,2,boundary_outward,510011,baseline,14,True,2.2737367544323206e-13,,,,,,,,,,
4,14,13153.990904272714,939.5707788766224,0.5185650000057649,True,31,510,206,192,7,boundary_outward,510011,directional_layers_safe,14,True,0.0,9479.990904272723,478.0,2550.0,618.0,28.0,0,0,0,0,7
4,11,9627.375340319028,875.2159400290025,0.11058029999549035,True,31,402,11,0,0,boundary_tangent,510000,baseline,11,True,0.0,,,,,,,,,,
4,11,9605.717915627189,873.2470832388353,0.10572370000591036,True,31,398,11,0,0,boundary_tangent,510000,directional_layers_safe,11,True,0.0,7195.7179156271895,365.0,1990.0,33.0,22.0,0,0,0,0,11
4,13,9747.404971471398,749.8003824208768,0.12598419999994803,True,31,420,13,0,2,boundary_tangent,510001,baseline,13,True,9.094947017729282e-13,,,,,,,,,,
4,13,9653.998632764606,742.6152794434312,0.12240010000823531,True,31,351,13,0,0,boundary_tangent,510001,directional_layers_safe,13,True,4.547473508864641e-13,7518.99863276461,315.0,1755.0,39.0,26.0,0,0,0,0,13
4,13,9746.404971471398,749.7234593439537,0.12775639999017585,True,31,420,13,0,2,boundary_tangent,510002,baseline,13,True,9.094947017729282e-13,,,,,,,,,,
4,13,9653.998632764606,742.6152794434312,0.12177599999995437,True,31,351,13,0,0,boundary_tangent,510002,directional_layers_safe,13,True,4.547473508864641e-13,7518.99863276461,315.0,1755.0,39.0,26.0,0,0,0,0,13
4,13,9746.404971471398,749.7234593439537,0.12639859999762848,True,31,420,13,0,2,boundary_tangent,510003,baseline,13,True,9.094947017729282e-13,,,,,,,,,,
4,13,9653.998632764606,742.6152794434312,0.1232507000095211,True,31,351,13,0,0,boundary_tangent,510003,directional_layers_safe,13,True,4.547473508864641e-13,7518.99863276461,315.0,1755.0,39.0,26.0,0,0,0,0,13
4,15,9553.207807329492,636.8805204886328,0.13907900000049267,True,31,302,15,0,3,boundary_tangent,510004,baseline,15,True,4.547473508864641e-13,,,,,,,,,,
4,15,10486.094521308847,699.0729680872565,0.12947949999943376,True,31,340,15,0,0,boundary_tangent,510004,directional_layers_safe,15,True,4.547473508864641e-13,8404.094521308847,307.0,1700.0,45.0,30.0,0,0,0,0,15
4,15,9550.207807329492,636.6805204886329,0.1394877999991877,True,31,302,15,0,3,boundary_tangent,510005,baseline,15,True,4.547473508864641e-13,,,,,,,,,,
4,15,10486.094521308847,699.0729680872565,0.12802109999756794,True,31,340,15,0,0,boundary_tangent,510005,directional_layers_safe,15,True,4.547473508864641e-13,8404.094521308847,307.0,1700.0,45.0,30.0,0,0,0,0,15
4,13,9745.404971471398,749.6465362670307,0.12469649998820387,True,31,420,13,0,2,boundary_tangent,510006,baseline,13,True,9.094947017729282e-13,,,,,,,,,,
4,13,9653.998632764606,742.6152794434312,0.12405399999988731,True,31,351,13,0,0,boundary_tangent,510006,directional_layers_safe,13,True,4.547473508864641e-13,7518.99863276461,315.0,1755.0,39.0,26.0,0,0,0,0,13
4,15,9551.207807329492,636.7471871552995,0.13841369999863673,True,31,302,15,0,3,boundary_tangent,510007,baseline,15,True,4.547473508864641e-13,,,,,,,,,,
4,15,10487.094521308847,699.1396347539231,0.13056740000320133,True,31,340,15,0,0,boundary_tangent,510007,directional_layers_safe,15,True,4.547473508864641e-13,8404.094521308847,308.0,1700.0,45.0,30.0,0,0,0,0,15
4,12,9154.156626417422,762.8463855347851,0.12330690000089817,True,31,362,12,0,0,boundary_tangent,510008,baseline,12,True,0.0,,,,,,,,,,
4,12,9541.471748274926,795.1226456895771,0.10733380001329351,True,31,366,12,0,0,boundary_tangent,510008,directional_layers_safe,12,True,0.0,7322.471748274927,329.0,1830.0,36.0,24.0,0,0,0,0,12
4,11,9627.375340319028,875.2159400290025,0.10685539999394678,True,31,402,11,0,0,boundary_tangent,510009,baseline,11,True,0.0,,,,,,,,,,
4,11,9604.717915627189,873.1561741479262,0.10621270000410732,True,31,398,11,0,0,boundary_tangent,510009,directional_layers_safe,11,True,0.0,7195.7179156271895,364.0,1990.0,33.0,22.0,0,0,0,0,11
4,16,4593.644053747188,287.10275335919926,0.14234859999851324,True,13,197,16,0,2,boundary_tangent,510010,baseline,16,True,0.0,,,,,,,,,,
4,16,5212.473448168636,325.7795905105398,0.11821149999741465,True,13,205,16,0,0,boundary_tangent,510010,directional_layers_safe,16,True,0.0,3920.473448168637,187.0,1025.0,48.0,32.0,0,0,0,0,16
4,14,9719.22798765522,694.2305705468015,0.13866019999841228,True,31,327,14,0,1,boundary_tangent,510011,baseline,14,True,0.0,,,,,,,,,,
4,14,9767.513350150362,697.6795250107401,0.12308939998911228,True,31,344,14,0,0,boundary_tangent,510011,directional_layers_safe,14,True,4.547473508864641e-13,7667.513350150363,310.0,1720.0,42.0,28.0,0,0,0,0,14
4,11,10029.333515978315,911.7575923616649,0.15417800001159776,True,31,325,11,0,0,grid_and_near,510000,baseline,11,True,1.1368683772161603e-13,,,,,,,,,,
4,11,10176.431075660728,925.130097787339,0.11036580000654794,True,31,322,11,0,0,grid_and_near,510000,directional_layers_safe,11,True,0.0,8238.431075660732,273.0,1610.0,33.0,22.0,0,0,0,0,10
4,13,10188.606609319648,783.7389699476652,0.22833519999403507,True,31,278,13,0,0,grid_and_near,510001,baseline,13,True,4.547473508864641e-13,,,,,,,,,,
4,13,9741.530547783,749.3485036756155,0.1348844000021927,True,31,278,13,0,0,grid_and_near,510001,directional_layers_safe,13,True,0.0,8056.530547783003,230.0,1390.0,39.0,26.0,0,0,0,0,12
4,13,10039.10007787381,772.2384675287547,0.18369339998753276,True,31,323,13,0,0,grid_and_near,510002,baseline,13,True,0.0,,,,,,,,,,
4,13,9299.865670548832,715.3742823499101,0.1172756999876583,True,31,293,13,0,0,grid_and_near,510002,directional_layers_safe,13,True,0.0,7515.865670548833,254.0,1465.0,39.0,26.0,0,0,0,0,11
4,13,9872.614280469514,759.4318677284241,0.16445560001011472,True,31,280,13,0,0,grid_and_near,510003,baseline,13,True,5.684341886080802e-14,,,,,,,,,,
4,13,10181.427060728936,783.1866969791489,0.12155710000661202,True,31,284,13,0,0,grid_and_near,510003,directional_layers_safe,13,True,1.1368683772161603e-13,8462.427060728935,234.0,1420.0,39.0,26.0,0,0,0,0,11
4,15,9523.930319635632,634.9286879757088,0.26920919999247417,True,31,229,15,0,0,grid_and_near,510004,baseline,15,True,4.547473508864641e-13,,,,,,,,,,
4,15,9422.322299868572,628.1548199912381,0.1417072000040207,True,31,217,15,0,0,grid_and_near,510004,directional_layers_safe,15,True,0.0,8091.32229986857,171.0,1085.0,45.0,30.0,0,0,0,0,13
4,15,8222.904570827042,548.1936380551361,0.09713019999617245,True,31,219,15,0,0,grid_and_near,510005,baseline,15,True,0.0,,,,,,,,,,
4,15,8426.3320717037,561.7554714469134,0.10465199999453034,True,31,245,15,0,0,grid_and_near,510005,directional_layers_safe,15,True,0.0,6920.332071703699,206.0,1225.0,45.0,30.0,0,0,0,0,10
4,13,10014.032091299625,770.3101608692019,0.12533879998954944,True,31,303,13,0,0,grid_and_near,510006,baseline,13,True,5.684341886080802e-14,,,,,,,,,,
4,13,9250.45994771733,711.5738421321023,0.09495050000259653,True,31,283,13,0,0,grid_and_near,510006,directional_layers_safe,13,True,0.0,7528.459947717331,242.0,1415.0,39.0,26.0,0,0,0,0,8
4,15,11162.327360331084,744.1551573554057,0.2451844000024721,True,31,281,15,0,0,grid_and_near,510007,baseline,15,True,0.0,,,,,,,,,,
4,15,9801.37355614835,653.4249037432234,0.13059389998670667,True,31,241,15,0,0,grid_and_near,510007,directional_layers_safe,15,True,0.0,8331.373556148352,190.0,1205.0,45.0,30.0,0,0,0,0,12
4,12,8689.766550900127,724.1472125750106,0.11107990000164136,True,31,352,12,0,0,grid_and_near,510008,baseline,12,True,0.0,,,,,,,,,,
4,12,8634.843062954136,719.570255246178,0.07173520000651479,True,31,315,12,0,0,grid_and_near,510008,directional_layers_safe,12,True,1.1368683772161603e-13,6720.843062954135,279.0,1575.0,36.0,24.0,0,0,0,0,6
4,11,9830.271387025117,893.6610351841016,0.0839449000050081,True,31,344,11,0,0,grid_and_near,510009,baseline,11,True,5.684341886080802e-14,,,,,,,,,,
4,11,9007.106912914749,818.8279011740681,0.08892799999739509,True,31,338,11,0,0,grid_and_near,510009,directional_layers_safe,11,True,0.0,6963.106912914748,299.0,1690.0,33.0,22.0,0,0,0,0,8
4,16,6477.607895702683,404.8504934814177,0.2978099000029033,True,16,146,16,0,0,grid_and_near,510010,baseline,16,True,0.0,,,,,,,,,,
4,16,5172.730425082063,323.29565156762897,0.1392597000085516,True,10,117,16,0,0,grid_and_near,510010,directional_layers_safe,16,True,0.0,4427.7304250820625,80.0,585.0,48.0,32.0,0,0,0,0,14
4,14,9856.253652843712,704.0181180602651,0.17131820000940934,True,31,278,14,0,0,grid_and_near,510011,baseline,14,True,5.684341886080802e-14,,,,,,,,,,
4,14,8842.574006239736,631.612429017124,0.11360909999348223,True,31,261,14,0,0,grid_and_near,510011,directional_layers_safe,14,True,1.1368683772161603e-13,7247.574006239735,220.0,1305.0,42.0,28.0,0,0,0,0,11
