candidate_evaluations,clear,cleared,complete,coverage_sites_cancelled,deferred_targets,discovery_closed,failed_clear,fallback,forced_targets,laser_s,mean_time_s,measure,measure_s,move_s,opportunistic_measures,optical_s,paper_measurements_selected,problem,program_time_s,reschedule_fallbacks,reschedule_steps,rescheduled_targets,route_replans,safe_clear_points,seed,skipped_known_measurements,small_region_probes,small_region_successes,stations_visited,switch_s,virtual_time_s
70,63,16,True,3,16,1,47,3,0,32.0,428.76252986281764,238,1190.0,5236.200477805083,0,189.0,1,4,0.783475099990028,0,0,0,38,8,1900011,40,5,5,22,213.0,6860.200477805082
113,19,16,True,5,16,1,3,1,0,32.0,388.0157221061475,280,1400.0,4464.251553698359,0,57.0,3,4,0.44324710000364576,0,0,0,36,9,1900112,62,6,6,20,255.0,6208.25155369836
52,11,10,True,0,10,0,1,0,0,20.0,632.0167677933705,324,1620.0,4349.167677933703,0,33.0,0,4,0.17917029999080114,0,0,0,35,7,1910000,35,4,3,25,298.0,6320.167677933705
67,17,15,True,0,15,0,2,0,0,30.0,425.9345834272998,279,1395.0,4661.018751409497,0,51.0,0,4,0.261041000005207,0,0,0,40,11,1910001,37,6,4,25,252.0,6389.018751409497
59,16,16,True,13,16,1,0,0,0,32.0,252.14103428953558,163,815.0,2996.256548632569,0,48.0,1,4,0.2520288999949116,0,0,0,28,10,1910002,24,6,6,12,143.0,4034.2565486325693
67,15,10,True,0,10,0,5,1,0,20.0,695.7434535046361,379,1895.0,4645.434535046363,0,45.0,0,4,0.29588930000318214,0,0,0,35,6,1910003,2,4,3,25,352.0,6957.434535046362
106,12,10,True,0,10,0,2,0,0,20.0,644.3092990609225,318,1590.0,4508.092990609224,0,36.0,1,4,0.2554574999958277,0,0,0,35,7,1910004,23,5,3,25,289.0,6443.092990609225
53,15,14,True,0,14,0,1,0,0,28.0,432.9794910634593,260,1300.0,4452.71287488843,0,45.0,0,4,0.23600119999900926,0,0,0,39,11,1910005,26,4,3,25,236.0,6061.712874888431
73,26,13,True,0,13,0,13,1,0,26.0,518.5758613156364,320,1600.0,4744.486197103272,0,78.0,0,4,0.4458634000038728,0,0,0,38,8,1910006,23,6,4,25,293.0,6741.486197103273
58,16,16,True,4,16,1,0,0,0,32.0,356.8849852683569,274,1370.0,4011.1597642937113,0,48.0,1,4,0.28054390000761487,0,0,0,37,7,1910007,69,9,9,21,249.0,5710.15976429371
45,10,10,True,0,10,0,0,0,0,20.0,619.2430094465506,336,1680.0,4148.430094465505,0,30.0,1,4,0.20443499999237247,0,0,0,35,6,1910008,27,4,4,25,314.0,6192.430094465505
84,17,16,True,8,16,1,1,0,0,32.0,328.3742828362296,212,1060.0,3916.9885253796756,0,51.0,0,4,0.33479029999580234,0,0,0,33,8,1910009,40,9,8,17,194.0,5253.988525379674
52,11,11,True,0,11,0,0,0,0,22.0,577.6111673024315,361,1805.0,4161.722840326745,0,33.0,0,4,0.25384599999233615,0,0,0,36,5,1910010,25,6,6,25,332.0,6353.722840326745
27,39,15,True,0,15,0,24,1,0,30.0,423.5896360370453,225,1125.0,4878.844540555689,0,117.0,0,4,0.573747700007516,0,0,0,40,6,1910011,140,11,8,25,203.0,6353.8445405556795
108,16,15,True,0,15,0,1,0,0,30.0,417.09096971520273,257,1285.0,4661.364545728043,0,48.0,0,4,0.6787273000081768,0,0,0,40,11,1910012,42,5,4,25,232.0,6256.364545728041
33,10,10,True,0,10,0,0,0,0,20.0,628.6977518034647,322,1610.0,4332.977518034646,0,30.0,1,4,0.20591249999415595,0,0,0,35,7,1910013,18,3,3,25,294.0,6286.977518034647
38,13,12,True,0,12,0,1,0,0,24.0,520.4005968022796,357,1785.0,4066.8071616273546,0,39.0,0,4,0.415693500006455,0,0,0,37,7,1910014,44,6,5,25,330.0,6244.807161627355
47,68,15,True,0,15,0,53,2,0,30.0,461.9317180303313,294,1470.0,4956.9757704549675,0,204.0,1,4,1.1802861999894958,0,0,0,40,7,1910015,69,7,6,25,268.0,6928.975770454969
14,11,10,True,0,10,0,1,0,0,20.0,603.5265651753654,341,1705.0,3961.265651753654,0,33.0,2,4,0.2970759000018006,0,0,0,35,4,1910016,43,7,6,25,316.0,6035.265651753653
82,22,15,True,0,15,0,7,3,0,30.0,421.6133322638921,239,1195.0,4826.1999839583805,0,66.0,1,4,0.5973850000009406,0,0,0,40,8,1910017,17,4,4,25,207.0,6324.199983958381
18,14,14,True,0,14,0,0,0,0,28.0,452.8194190542919,314,1570.0,4407.471866760086,0,42.0,2,4,0.1996954999922309,0,0,0,39,8,1910018,30,6,6,25,292.0,6339.471866760087
82,18,14,True,0,14,0,4,1,0,28.0,421.8464525280504,259,1295.0,4295.850335392703,0,54.0,0,4,0.3985298000043258,0,0,0,39,5,1910019,57,8,8,25,233.0,5905.850335392705
69,16,15,True,0,15,0,1,0,0,30.0,390.86428811627405,295,1475.0,4036.96432174411,0,48.0,0,4,0.24893889999657404,0,0,0,40,11,1910020,50,5,4,25,273.0,5862.964321744111
32,29,15,True,0,15,0,14,1,0,30.0,412.64784194269646,285,1425.0,4386.717629140447,0,87.0,1,4,0.4281561999960104,0,0,0,40,10,1910021,29,5,4,25,261.0,6189.717629140447
80,10,10,True,0,10,0,0,0,0,20.0,696.2197570887818,386,1930.0,4628.197570887818,0,30.0,0,4,0.2140715999994427,0,0,0,35,8,1910022,11,2,2,25,354.0,6962.197570887818
41,19,14,True,0,14,0,5,1,0,28.0,476.0878715376643,289,1445.0,4874.230201527302,0,57.0,0,4,0.27724640000087675,0,0,0,39,9,1910023,66,4,4,25,261.0,6665.2302015273
78,11,10,True,0,10,0,1,1,0,20.0,639.2306408037146,361,1805.0,4197.306408037142,0,33.0,0,4,0.21124229999259114,0,0,0,35,8,1910024,34,2,1,25,337.0,6392.306408037145
26,12,12,True,0,12,0,0,0,0,24.0,498.07626347939623,279,1395.0,4268.915161752754,0,36.0,0,4,0.22005970000464004,0,0,0,37,6,1910025,31,6,6,25,253.0,5976.915161752755
34,16,16,True,7,16,1,0,0,0,32.0,327.6758959424484,223,1115.0,3846.8143350791725,0,48.0,2,4,0.23041139999986626,0,0,0,34,9,1910026,37,7,7,18,201.0,5242.814335079174
98,18,16,True,6,16,1,2,0,0,32.0,363.15943587264394,198,990.0,4563.550973962304,0,54.0,1,4,0.41340749998926185,0,0,0,35,10,1910027,39,8,6,19,171.0,5810.550973962303
13,18,12,True,0,12,0,6,1,0,24.0,536.9287554133695,304,1520.0,4568.145064960431,0,54.0,3,4,0.5102561000094283,0,0,0,37,8,1910028,34,3,3,25,277.0,6443.145064960433
86,13,11,True,0,11,0,2,0,0,22.0,583.9791562783716,350,1750.0,4293.7707190620895,0,39.0,1,4,0.3133276000007754,0,0,0,36,8,1910029,75,5,3,25,319.0,6423.770719062089
17,15,14,True,0,14,0,1,0,0,28.0,453.6937717128614,325,1625.0,4349.71280398006,0,45.0,1,4,0.23992269999871496,0,0,0,39,5,1910030,50,10,9,25,304.0,6351.71280398006
98,26,12,True,0,12,0,14,1,0,24.0,546.2415961055882,295,1475.0,4713.899153267061,0,78.0,0,4,0.5217467000038596,0,0,0,37,9,1910031,54,3,2,25,264.0,6554.899153267059
79,12,10,True,0,10,0,2,1,0,20.0,639.2512456009025,328,1640.0,4396.512456009026,0,36.0,0,4,0.4412095000006957,0,0,0,35,7,1910032,1,2,2,25,300.0,6392.512456009025
98,18,12,True,0,12,0,6,1,0,24.0,502.87792012222695,304,1520.0,4156.5350414667255,0,54.0,0,4,0.3226473000104306,0,0,0,37,6,1910033,70,6,5,25,280.0,6034.535041466724
73,32,16,True,2,16,1,16,1,0,32.0,374.4680089507406,213,1065.0,4617.488143211848,0,96.0,1,4,0.4260028999997303,0,0,0,39,9,1910034,56,7,6,23,181.0,5991.48814321185
60,11,10,True,0,10,0,1,0,0,20.0,641.1606037189827,318,1590.0,4473.606037189825,0,33.0,1,4,0.18316529999719933,0,0,0,35,6,1910035,28,5,4,25,295.0,6411.606037189827
2,21,10,True,0,10,0,11,1,0,20.0,702.5113748735741,369,1845.0,4755.113748735741,0,63.0,1,4,0.147210900002392,0,0,0,35,3,1910036,41,6,6,25,342.0,7025.113748735741
69,15,15,True,0,15,0,0,0,0,30.0,408.2003289356853,236,1180.0,4659.004934035281,0,45.0,1,4,0.2573470999923302,0,0,0,40,9,1910037,87,6,6,25,209.0,6123.00493403528
83,13,13,True,0,13,0,0,0,0,26.0,495.4784215607736,313,1565.0,4525.219480290056,0,39.0,0,4,0.2473664999997709,0,0,0,38,8,1910038,91,5,5,25,286.0,6441.219480290057
54,14,14,True,0,14,0,0,0,0,28.0,449.0954017846821,315,1575.0,4349.335624985551,0,42.0,0,4,0.23310979999951087,0,0,0,39,8,1910039,79,6,6,25,293.0,6287.33562498555
95,16,16,True,1,16,1,0,0,0,32.0,406.2060915549416,275,1375.0,4798.297464879065,0,48.0,0,4,0.2714166999940062,0,0,0,40,10,1910040,39,6,6,24,246.0,6499.297464879066
81,14,11,True,0,11,0,3,1,0,22.0,597.0101662285218,326,1630.0,4577.11182851374,0,42.0,1,4,0.37019980000332,0,0,0,36,5,1910041,47,5,5,25,296.0,6567.11182851374
94,12,12,True,0,12,0,0,0,0,24.0,567.7930056563042,354,1770.0,4658.516067875648,0,36.0,0,4,0.2724342000001343,0,0,0,37,8,1910042,28,4,4,25,325.0,6813.51606787565
65,46,15,True,0,15,0,31,2,0,30.0,447.7100697141465,269,1345.0,4959.651045712203,0,138.0,1,4,0.47797009999339934,0,0,0,40,8,1910043,67,6,5,25,243.0,6715.651045712198
29,20,12,True,0,12,0,8,1,0,24.0,544.0454824023451,288,1440.0,4741.545788828139,0,60.0,0,4,0.35617959999945015,0,0,0,37,8,1910044,46,4,3,25,263.0,6528.545788828142
53,15,10,True,0,10,0,5,1,0,20.0,719.472419152287,403,2015.0,4737.724191522872,0,45.0,0,4,0.34833480000088457,0,0,0,35,7,1910045,12,2,2,25,377.0,7194.72419152287
14,15,15,True,0,15,0,0,0,0,30.0,409.08915957669586,273,1365.0,4443.337393650436,0,45.0,1,4,0.17327389999991283,0,0,0,40,7,1910046,70,8,8,25,253.0,6136.337393650438
78,13,11,True,0,11,0,2,0,0,22.0,597.0819749999739,349,1745.0,4435.901724999714,0,39.0,0,4,0.22708850000344682,0,0,0,36,6,1910047,40,7,5,25,326.0,6567.901724999713
77,15,13,True,0,13,0,2,0,0,26.0,449.87793589152136,268,1340.0,4195.413166589777,0,45.0,0,4,0.2226236999995308,0,0,0,38,10,1910048,37,5,3,25,242.0,5848.413166589778
40,12,11,True,0,11,0,1,0,0,22.0,548.892158901842,331,1655.0,4019.8137479202614,0,36.0,0,4,0.17916569999943022,0,0,0,36,7,1910049,37,5,4,25,305.0,6037.813747920262
83,15,14,True,0,14,0,1,0,0,28.0,462.4582772772341,299,1495.0,4630.415881881277,0,45.0,1,4,0.2614379000006011,0,0,0,39,10,1910050,38,5,4,25,276.0,6474.4158818812775
55,16,16,True,5,16,1,0,0,0,32.0,366.2107357822288,247,1235.0,4322.37177251566,0,48.0,3,4,0.2824704000086058,0,0,0,36,9,1910051,40,7,7,20,222.0,5859.371772515661
115,13,13,True,0,13,0,0,0,0,26.0,520.9306286722726,345,1725.0,4663.098172739544,0,39.0,0,4,0.2637389000010444,0,0,0,38,10,1910052,29,3,3,25,319.0,6772.098172739545
31,14,14,True,0,14,0,0,0,0,28.0,447.1692286350248,276,1380.0,4564.369200890348,0,42.0,1,4,0.20275639998726547,0,0,0,39,6,1910053,79,8,8,25,246.0,6260.369200890347
70,21,11,True,0,11,0,10,1,0,22.0,589.2174386501629,331,1655.0,4434.39182515179,0,63.0,1,4,0.36631080000370275,0,0,0,36,5,1910054,43,6,5,25,307.0,6481.391825151792
67,13,13,True,0,13,0,0,0,0,26.0,487.21046754339,288,1440.0,4568.73607806407,0,39.0,1,4,0.23111960000824183,0,0,0,38,8,1910055,44,5,5,25,260.0,6333.73607806407
67,11,11,True,0,11,0,0,0,0,22.0,593.6860584874189,339,1695.0,4479.546643361607,0,33.0,0,4,0.2065069000091171,0,0,0,36,5,1910056,47,6,6,25,301.0,6530.5466433616075
82,63,11,True,0,11,0,52,2,0,22.0,649.0697129570121,353,1765.0,4838.766842527124,0,189.0,0,4,0.5200046000099974,0,0,0,36,5,1910057,27,4,4,25,325.0,7139.766842527133
153,16,16,True,5,16,1,0,0,0,32.0,387.75155465041877,264,1320.0,4568.0248744067,0,48.0,4,4,0.3634520999912638,0,0,0,36,12,1910058,39,4,4,20,236.0,6204.0248744067
27,13,12,True,0,12,0,1,0,0,24.0,516.6586170968961,271,1355.0,4536.903405162754,0,39.0,2,4,0.2044191999884788,0,0,0,37,6,1910059,53,7,6,25,245.0,6199.903405162753
