problem,complete,cleared,virtual_time_s,mean_time_s,program_time_s,stations_visited,scheduling_policy,measure,clear,failed_clear,fallback,move_s,switch_s,measure_s,optical_s,laser_s,candidate_evaluations,deferred_targets,forced_targets,opportunistic_measures,safe_clear_points,skipped_known_measurements,route_replans,negative_observations,negative_region_fallbacks,negative_constraints,extra_probe_attempts,extra_probe_successes,ring_activated,coverage_sites_cancelled,strategy,coverage_layout,q3_ring_guard,q3_probe_radius,q4_probe_radius,normal_exit,max_step_time_error_s,provenance,seed,total,ratio,spacing,error,directional
3,True,12,3614.298501983789,301.1915418319824,0.16047110001090914,7,joint_route,117,12,0,0,2860.298501983789,109.0,585.0,36.0,24.0,269,12,1,17,12,5,15,False,0,0,0,0,0,0,integrated,original,off,0.0,40.0,True,4.547473508864641e-13,LOCAL_SYNTHETIC,3486000,12,1.0,950.0,fixed,0
3,True,14,4244.104801808079,303.1503429862914,0.23392850000527687,7,joint_route,135,14,0,0,3377.1048018080787,122.0,675.0,42.0,28.0,386,14,3,6,13,0,16,False,0,0,0,0,0,0,integrated,original,off,0.0,40.0,True,5.684341886080802e-14,LOCAL_SYNTHETIC,3486001,14,1.0,950.0,fixed,0
3,True,12,3398.295285634475,283.1912738028729,0.17503389999910723,7,joint_route,115,12,0,0,2656.2952856344755,107.0,575.0,36.0,24.0,263,12,0,14,11,2,16,False,0,0,0,0,0,0,integrated,original,off,0.0,40.0,True,0.0,LOCAL_SYNTHETIC,3486002,12,1.0,950.0,fixed,0
3,True,14,3866.635467611271,276.18824768651933,0.1909209000004921,7,joint_route,113,14,0,0,3127.6354676112705,104.0,565.0,42.0,28.0,328,14,1,13,14,2,18,False,0,0,0,0,0,0,integrated,original,off,0.0,40.0,True,4.547473508864641e-13,LOCAL_SYNTHETIC,3486003,14,1.0,950.0,fixed,0
3,True,15,3765.898338602122,251.05988924014144,0.21949540000059642,7,joint_route,113,15,0,0,3020.8983386021227,105.0,565.0,45.0,30.0,342,15,2,12,15,5,19,False,0,0,0,0,0,0,integrated,original,off,0.0,40.0,True,0.0,LOCAL_SYNTHETIC,3486004,15,1.0,950.0,fixed,0
3,True,11,3148.6409229274595,286.24008390249634,0.1460642000020016,7,joint_route,115,11,0,0,2406.640922927459,112.0,575.0,33.0,22.0,195,11,1,19,11,5,16,False,0,0,0,0,0,0,integrated,original,off,0.0,40.0,True,1.1368683772161603e-13,LOCAL_SYNTHETIC,3486005,11,1.0,950.0,fixed,0
3,True,16,3237.7151630723533,202.35719769202208,0.23887380000087433,6,joint_route,102,16,0,0,2555.715163072353,92.0,510.0,48.0,32.0,398,16,0,21,16,9,21,False,0,0,0,0,0,0,integrated,original,off,0.0,40.0,True,0.0,LOCAL_SYNTHETIC,3486006,16,1.0,950.0,fixed,0
3,True,10,3411.9279803751256,341.19279803751255,0.16625950000889134,7,joint_route,121,10,0,0,2642.9279803751256,114.0,605.0,30.0,20.0,231,10,0,20,10,5,15,False,0,0,0,0,0,0,integrated,original,off,0.0,40.0,True,0.0,LOCAL_SYNTHETIC,3486007,10,1.0,950.0,fixed,0
3,True,14,3665.9938843629784,261.85670602592705,0.2271591000026092,7,joint_route,117,14,0,0,2903.993884362978,107.0,585.0,42.0,28.0,344,14,3,18,13,7,17,False,0,0,0,0,0,0,integrated,original,off,0.0,40.0,True,4.547473508864641e-13,LOCAL_SYNTHETIC,3486008,14,1.0,950.0,fixed,0
3,True,11,3892.75526298439,353.88684208949,0.16064230000483803,7,joint_route,112,11,0,0,3174.7552629843894,103.0,560.0,33.0,22.0,283,11,0,12,11,3,16,False,0,0,0,0,0,0,integrated,original,off,0.0,40.0,True,0.0,LOCAL_SYNTHETIC,3486009,11,1.0,950.0,fixed,0
3,True,16,3809.230127364428,238.07688296027675,0.2567591000115499,7,joint_route,117,16,0,0,3036.2301273644275,108.0,585.0,48.0,32.0,377,16,1,20,16,4,20,False,0,0,0,0,0,0,integrated,original,off,0.0,40.0,True,4.547473508864641e-13,LOCAL_SYNTHETIC,3486010,16,1.0,950.0,fixed,0
3,True,14,3786.841900074563,270.4887071481831,0.20403079999960028,7,joint_route,114,14,0,0,3041.841900074563,105.0,570.0,42.0,28.0,319,14,4,13,13,8,16,False,0,0,0,0,0,0,integrated,original,off,0.0,40.0,True,0.0,LOCAL_SYNTHETIC,3486011,14,1.0,950.0,fixed,0
3,True,13,3658.4125892419524,281.41635301861174,0.19343909999588504,7,joint_route,113,13,0,0,2923.4125892419524,105.0,565.0,39.0,26.0,298,13,1,20,12,9,17,False,0,0,0,0,0,0,integrated,original,off,0.0,40.0,True,4.547473508864641e-13,LOCAL_SYNTHETIC,3486012,13,1.0,950.0,fixed,0
3,True,14,3559.9709479325284,254.28363913803773,0.22674909999477677,7,joint_route,106,14,0,0,2862.970947932529,97.0,530.0,42.0,28.0,296,14,0,21,14,14,19,False,0,0,0,0,0,0,integrated,original,off,0.0,40.0,True,0.0,LOCAL_SYNTHETIC,3486013,14,1.0,950.0,fixed,0
3,True,14,3785.9467318234633,270.4247665588188,0.8000239999964833,7,joint_route,114,14,0,0,3042.9467318234633,103.0,570.0,42.0,28.0,365,14,0,12,14,3,18,False,0,0,0,0,0,0,integrated,original,off,0.0,40.0,True,1.1368683772161603e-13,LOCAL_SYNTHETIC,3486014,14,1.0,950.0,fixed,0
3,True,14,3675.068102810739,262.5048644864814,1.0402083000080893,7,joint_route,113,14,0,0,2938.0681028107388,102.0,565.0,42.0,28.0,331,14,3,12,13,9,17,False,0,0,0,0,0,0,integrated,original,off,0.0,40.0,True,1.1368683772161603e-13,LOCAL_SYNTHETIC,3486015,14,1.0,950.0,fixed,0
3,True,15,4036.855740519937,269.1237160346625,1.1767674000002444,7,joint_route,114,15,0,0,3288.855740519937,103.0,570.0,45.0,30.0,364,15,2,15,15,4,19,False,0,0,0,0,0,0,integrated,original,off,0.0,40.0,True,1.1368683772161603e-13,LOCAL_SYNTHETIC,3486016,15,1.0,950.0,fixed,0
3,True,14,3350.9449179912503,239.35320842794644,1.0627958999975817,7,joint_route,108,14,0,0,2638.9449179912513,102.0,540.0,42.0,28.0,292,14,0,8,14,2,18,False,0,0,0,0,0,0,integrated,original,off,0.0,40.0,True,5.684341886080802e-14,LOCAL_SYNTHETIC,3486017,14,1.0,950.0,fixed,0
3,True,14,3909.860870419991,279.27577645857076,1.2787506000022404,7,joint_route,114,14,0,0,3165.86087041999,104.0,570.0,42.0,28.0,317,14,0,8,14,2,18,False,0,0,0,0,0,0,integrated,original,off,0.0,40.0,True,1.1368683772161603e-13,LOCAL_SYNTHETIC,3486018,14,1.0,950.0,fixed,0
3,True,13,3495.7261151435314,268.90200885719474,1.078095899996697,7,joint_route,114,13,0,0,2753.726115143532,107.0,570.0,39.0,26.0,304,13,0,12,12,1,16,False,0,0,0,0,0,0,integrated,original,off,0.0,40.0,True,1.1368683772161603e-13,LOCAL_SYNTHETIC,3486019,13,1.0,950.0,fixed,0
3,True,13,3418.8609666760212,262.9893051289247,1.1351871000078972,7,joint_route,117,13,0,0,2660.8609666760212,108.0,585.0,39.0,26.0,298,13,4,27,13,7,15,False,0,0,0,0,0,0,integrated,original,off,0.0,40.0,True,0.0,LOCAL_SYNTHETIC,3486020,13,1.0,950.0,fixed,0
3,True,14,3816.3629942376942,272.59735673126386,1.1682494999986375,7,joint_route,123,14,0,0,3016.3629942376942,115.0,615.0,42.0,28.0,320,14,2,17,14,1,17,False,0,0,0,0,0,0,integrated,original,off,0.0,40.0,True,0.0,LOCAL_SYNTHETIC,3486021,14,1.0,950.0,fixed,0
3,True,13,3777.3952270356385,290.56886361812604,1.0121141000126954,7,joint_route,121,13,0,0,2995.3952270356385,112.0,605.0,39.0,26.0,296,13,0,23,13,3,18,False,0,0,0,0,0,0,integrated,original,off,0.0,40.0,True,0.0,LOCAL_SYNTHETIC,3486022,13,1.0,950.0,fixed,0
3,True,13,3535.2871204523817,271.9451631117217,0.8052418000006583,7,joint_route,116,13,0,0,2784.2871204523817,106.0,580.0,39.0,26.0,318,13,0,13,13,2,18,False,0,0,0,0,0,0,integrated,original,off,0.0,40.0,True,0.0,LOCAL_SYNTHETIC,3486023,13,1.0,950.0,fixed,0
3,True,13,3339.2229211630124,256.86330162792405,0.7272924999997485,7,joint_route,104,13,0,0,2657.2229211630124,97.0,520.0,39.0,26.0,296,13,0,20,11,7,17,False,0,0,0,0,0,0,integrated,original,off,0.0,40.0,True,0.0,LOCAL_SYNTHETIC,3486024,13,1.0,950.0,fixed,0
3,True,14,3847.9958717995532,274.85684798568235,0.6317444999876898,7,joint_route,107,14,0,0,3146.9958717995532,96.0,535.0,42.0,28.0,376,14,0,18,14,4,18,False,0,0,0,0,0,0,integrated,original,off,0.0,40.0,True,0.0,LOCAL_SYNTHETIC,3486025,14,1.0,950.0,fixed,0
3,True,15,3976.5211728417726,265.1014115227848,0.9293043999932706,7,joint_route,111,15,0,0,3243.5211728417726,103.0,555.0,45.0,30.0,353,15,0,19,14,4,19,False,0,0,0,0,0,0,integrated,original,off,0.0,40.0,True,2.842170943040401e-14,LOCAL_SYNTHETIC,3486026,15,1.0,950.0,fixed,0
3,True,14,3725.808561745463,266.1291829818188,0.8262067000032403,7,joint_route,110,14,0,0,3007.808561745463,98.0,550.0,42.0,28.0,331,14,1,10,13,4,19,False,0,0,0,0,0,0,integrated,original,off,0.0,40.0,True,0.0,LOCAL_SYNTHETIC,3486027,14,1.0,950.0,fixed,0
3,True,13,3494.101445584979,268.7770342757676,0.9796934999903897,7,joint_route,133,13,0,0,2638.101445584979,126.0,665.0,39.0,26.0,286,13,5,19,12,2,14,False,0,0,0,0,0,0,integrated,original,off,0.0,40.0,True,0.0,LOCAL_SYNTHETIC,3486028,13,1.0,950.0,fixed,0
3,True,12,3687.7279543414993,307.3106628617916,0.8337999999930616,7,joint_route,117,12,0,0,2934.7279543414993,108.0,585.0,36.0,24.0,284,12,0,11,12,1,17,False,0,0,0,0,0,0,integrated,original,off,0.0,40.0,True,0.0,LOCAL_SYNTHETIC,3486029,12,1.0,950.0,fixed,0
3,True,15,3787.3130540690536,252.4875369379369,0.8636659999901894,7,joint_route,116,15,0,0,3027.313054069053,105.0,580.0,45.0,30.0,387,15,0,21,15,5,20,False,0,0,0,0,0,0,integrated,original,off,0.0,40.0,True,0.0,LOCAL_SYNTHETIC,3486030,15,1.0,950.0,fixed,0
3,True,15,3518.733822040016,234.58225480266773,0.9822481000010157,7,joint_route,99,15,0,0,2862.7338220400156,86.0,495.0,45.0,30.0,408,15,0,12,13,4,19,False,0,0,0,0,0,0,integrated,original,off,0.0,40.0,True,0.0,LOCAL_SYNTHETIC,3486031,15,1.0,950.0,fixed,0
3,True,13,3363.7741996118093,258.7518615086007,0.6001060999988113,7,joint_route,107,13,0,0,2663.774199611809,100.0,535.0,39.0,26.0,296,13,0,14,13,2,17,False,0,0,0,0,0,0,integrated,original,off,0.0,40.0,True,1.1368683772161603e-13,LOCAL_SYNTHETIC,3486032,13,1.0,950.0,fixed,0
3,True,15,3935.775204308858,262.38501362059054,1.1338363000104437,7,joint_route,114,15,0,0,3186.7752043088576,104.0,570.0,45.0,30.0,363,15,0,18,15,3,20,False,0,0,0,0,0,0,integrated,original,off,0.0,40.0,True,5.684341886080802e-14,LOCAL_SYNTHETIC,3486033,15,1.0,950.0,fixed,0
3,True,15,3720.7347825676998,248.04898550451333,0.8314498999970965,7,joint_route,114,15,0,0,2968.7347825676998,107.0,570.0,45.0,30.0,295,15,2,17,14,4,19,False,0,0,0,0,0,0,integrated,original,off,0.0,40.0,True,1.1368683772161603e-13,LOCAL_SYNTHETIC,3486034,15,1.0,950.0,fixed,0
3,True,15,3786.1408758631974,252.40939172421315,1.1593404000013834,7,joint_route,121,15,0,0,2997.1408758631965,109.0,605.0,45.0,30.0,389,15,2,10,14,2,19,False,0,0,0,0,0,0,integrated,original,off,0.0,40.0,True,0.0,LOCAL_SYNTHETIC,3486035,15,1.0,950.0,fixed,0
3,True,12,3583.405417249616,298.6171181041347,0.9896913999982644,7,joint_route,119,12,0,0,2817.4054172496158,111.0,595.0,36.0,24.0,276,12,1,16,10,7,16,False,0,0,0,0,0,0,integrated,original,off,0.0,40.0,True,0.0,LOCAL_SYNTHETIC,3486036,12,1.0,950.0,fixed,0
3,True,16,3660.2159893209323,228.76349933255827,1.3651313000009395,7,joint_route,108,16,0,0,2946.2159893209323,94.0,540.0,48.0,32.0,410,16,1,11,16,6,20,False,0,0,0,0,0,0,integrated,original,off,0.0,40.0,True,0.0,LOCAL_SYNTHETIC,3486037,16,1.0,950.0,fixed,0
3,True,13,3574.8029305174055,274.9848408090312,0.7951387000066461,7,joint_route,106,13,0,0,2879.8029305174055,100.0,530.0,39.0,26.0,284,13,0,19,13,9,18,False,0,0,0,0,0,0,integrated,original,off,0.0,40.0,True,0.0,LOCAL_SYNTHETIC,3486038,13,1.0,950.0,fixed,0
3,True,15,3833.813931780705,255.587595452047,1.2544934000034118,7,joint_route,117,15,0,0,3065.8139317807045,108.0,585.0,45.0,30.0,354,15,2,19,14,5,17,False,0,0,0,0,0,0,integrated,original,off,0.0,40.0,True,4.547473508864641e-13,LOCAL_SYNTHETIC,3486039,15,1.0,950.0,fixed,0
3,True,11,3737.139593023788,339.73996300216254,0.8129645999870263,7,joint_route,120,11,0,0,2973.1395930237886,109.0,600.0,33.0,22.0,286,11,0,15,10,2,16,False,0,0,0,0,0,0,integrated,original,off,0.0,40.0,True,5.684341886080802e-14,LOCAL_SYNTHETIC,3486040,11,1.0,950.0,fixed,0
3,True,15,3450.726850426459,230.04845669509726,1.049052100002882,7,joint_route,121,15,0,0,2656.726850426459,114.0,605.0,45.0,30.0,318,15,3,13,14,2,18,False,0,0,0,0,0,0,integrated,original,off,0.0,40.0,True,0.0,LOCAL_SYNTHETIC,3486041,15,1.0,950.0,fixed,0
3,True,16,3117.1195309903655,194.81997068689785,1.2406501999939792,6,joint_route,107,16,0,0,2404.1195309903655,98.0,535.0,48.0,32.0,378,16,0,24,14,7,21,False,0,0,0,0,0,0,integrated,original,off,0.0,40.0,True,0.0,LOCAL_SYNTHETIC,3486042,16,1.0,950.0,fixed,0
3,True,10,3363.169400965002,336.31694009650016,0.688501600001473,7,joint_route,119,10,0,0,2605.169400965002,113.0,595.0,30.0,20.0,182,10,0,20,10,3,15,False,0,0,0,0,0,0,integrated,original,off,0.0,40.0,True,5.684341886080802e-14,LOCAL_SYNTHETIC,3486043,10,1.0,950.0,fixed,0
3,True,11,3790.9313992143198,344.6301272013018,0.5860021999978926,7,joint_route,129,11,0,0,2973.9313992143198,117.0,645.0,33.0,22.0,295,11,2,9,11,1,13,False,0,0,0,0,0,0,integrated,original,off,0.0,40.0,True,5.684341886080802e-14,LOCAL_SYNTHETIC,3486044,11,1.0,950.0,fixed,0
3,True,13,3413.539329946517,262.5799484574244,0.954742100002477,7,joint_route,116,13,0,0,2663.539329946517,105.0,580.0,39.0,26.0,320,13,1,16,12,3,17,False,0,0,0,0,0,0,integrated,original,off,0.0,40.0,True,5.684341886080802e-14,LOCAL_SYNTHETIC,3486045,13,1.0,950.0,fixed,0
3,True,13,3481.5266314946402,267.8097408842031,0.898513299995102,7,joint_route,114,13,0,0,2741.5266314946407,105.0,570.0,39.0,26.0,297,13,1,19,10,1,18,False,0,0,0,0,0,0,integrated,original,off,0.0,40.0,True,0.0,LOCAL_SYNTHETIC,3486046,13,1.0,950.0,fixed,0
3,True,15,3613.490204136979,240.8993469424653,1.2886163000075612,7,joint_route,108,15,0,0,2897.4902041369787,101.0,540.0,45.0,30.0,329,15,1,25,15,7,19,False,0,0,0,0,0,0,integrated,original,off,0.0,40.0,True,4.547473508864641e-13,LOCAL_SYNTHETIC,3486047,15,1.0,950.0,fixed,0
3,True,14,3717.342157701202,265.52443983580014,1.1062067999882856,7,joint_route,120,14,0,0,2937.3421577012023,110.0,600.0,42.0,28.0,341,14,2,11,14,4,16,False,0,0,0,0,0,0,integrated,original,off,0.0,40.0,True,0.0,LOCAL_SYNTHETIC,3486048,14,1.0,950.0,fixed,0
3,True,13,3726.9313838548806,286.6870295272985,1.2431226000044262,7,joint_route,120,13,0,0,2952.931383854881,109.0,600.0,39.0,26.0,342,13,1,10,12,2,17,False,0,0,0,0,0,0,integrated,original,off,0.0,40.0,True,4.547473508864641e-13,LOCAL_SYNTHETIC,3486049,13,1.0,950.0,fixed,0
3,True,12,3832.30569299867,319.3588077498892,1.153421699986211,7,joint_route,121,12,0,0,3055.30569299867,112.0,605.0,36.0,24.0,309,12,0,19,12,5,17,False,0,0,0,0,0,0,integrated,original,off,0.0,40.0,True,4.547473508864641e-13,LOCAL_SYNTHETIC,3486050,12,1.0,950.0,fixed,0
3,True,11,3349.9518816989657,304.54108015445144,0.8022193000069819,7,joint_route,111,11,0,0,2632.9518816989657,107.0,555.0,33.0,22.0,215,11,0,10,11,3,15,False,0,0,0,0,0,0,integrated,original,off,0.0,40.0,True,1.1368683772161603e-13,LOCAL_SYNTHETIC,3486051,11,1.0,950.0,fixed,0
3,True,11,3468.004368942756,315.2731244493415,0.6550222999940161,7,joint_route,119,11,0,0,2705.004368942756,113.0,595.0,33.0,22.0,228,11,1,8,10,2,14,False,0,0,0,0,0,0,integrated,original,off,0.0,40.0,True,0.0,LOCAL_SYNTHETIC,3486052,11,1.0,950.0,fixed,0
3,True,13,3741.282284750042,287.79094498077245,1.1173505000042496,7,joint_route,119,13,0,0,2972.282284750042,109.0,595.0,39.0,26.0,330,13,0,16,12,3,18,False,0,0,0,0,0,0,integrated,original,off,0.0,40.0,True,0.0,LOCAL_SYNTHETIC,3486053,13,1.0,950.0,fixed,0
3,True,15,3693.7289479282344,246.24859652854897,1.3349569999991218,7,joint_route,111,15,0,0,2958.7289479282344,105.0,555.0,45.0,30.0,310,15,2,29,14,9,19,False,0,0,0,0,0,0,integrated,original,off,0.0,40.0,True,0.0,LOCAL_SYNTHETIC,3486054,15,1.0,950.0,fixed,0
3,True,13,3721.0612535510954,286.23548104239194,0.9254380000056699,7,joint_route,116,13,0,0,2971.061253551095,105.0,580.0,39.0,26.0,329,13,0,5,12,0,16,False,0,0,0,0,0,0,integrated,original,off,0.0,40.0,True,0.0,LOCAL_SYNTHETIC,3486055,13,1.0,950.0,fixed,0
3,True,10,3336.237846167849,333.6237846167849,0.6222090999945067,7,joint_route,126,10,0,0,2537.237846167849,119.0,630.0,30.0,20.0,229,10,0,15,9,3,15,False,0,0,0,0,0,0,integrated,original,off,0.0,40.0,True,0.0,LOCAL_SYNTHETIC,3486056,10,1.0,950.0,fixed,0
3,True,12,3351.9681079184043,279.33067565986704,1.0597268999990774,7,joint_route,128,12,0,0,2533.9681079184047,118.0,640.0,36.0,24.0,307,12,2,12,10,2,14,False,0,0,0,0,0,0,integrated,original,off,0.0,40.0,True,5.684341886080802e-14,LOCAL_SYNTHETIC,3486057,12,1.0,950.0,fixed,0
3,True,16,4158.06303910203,259.8789399438769,1.340194500007783,6,joint_route,102,16,0,0,3475.063039102031,93.0,510.0,48.0,32.0,374,16,0,13,16,3,21,False,0,0,0,0,0,0,integrated,original,off,0.0,40.0,True,0.0,LOCAL_SYNTHETIC,3486058,16,1.0,950.0,fixed,0
3,True,16,3561.4078450221255,222.58799031388284,1.2740978999936488,6,joint_route,108,16,0,0,2841.4078450221255,100.0,540.0,48.0,32.0,373,16,0,21,16,5,20,False,0,0,0,0,0,0,integrated,original,off,0.0,40.0,True,2.2737367544323206e-13,LOCAL_SYNTHETIC,3486059,16,1.0,950.0,fixed,0
3,True,15,3811.0390615564525,254.06927077043017,1.2632136000029277,7,joint_route,119,15,0,0,3034.039061556452,107.0,595.0,45.0,30.0,379,15,2,18,13,5,19,False,0,0,0,0,0,0,integrated,original,off,0.0,40.0,True,1.1368683772161603e-13,LOCAL_SYNTHETIC,3486060,15,1.0,950.0,fixed,0
3,True,14,4140.527560910435,295.7519686364596,1.2671752000023844,7,joint_route,126,14,0,0,3326.5275609104356,114.0,630.0,42.0,28.0,372,14,3,23,13,7,17,False,0,0,0,0,0,0,integrated,original,off,0.0,40.0,True,0.0,LOCAL_SYNTHETIC,3486061,14,1.0,950.0,fixed,0
3,True,11,3555.304773618372,323.20952487439746,0.5802216000010958,7,joint_route,119,11,0,0,2793.304773618372,112.0,595.0,33.0,22.0,251,11,1,13,10,4,16,False,0,0,0,0,0,0,integrated,original,off,0.0,40.0,True,1.1368683772161603e-13,LOCAL_SYNTHETIC,3486062,11,1.0,950.0,fixed,0
3,True,10,3184.4634925015066,318.44634925015066,0.5104620999918552,7,joint_route,118,10,0,0,2430.463492501507,114.0,590.0,30.0,20.0,195,10,0,18,10,2,15,False,0,0,0,0,0,0,integrated,original,off,0.0,40.0,True,0.0,LOCAL_SYNTHETIC,3486063,10,1.0,950.0,fixed,0
3,True,13,3678.1370235668346,282.9336171974488,1.2048943000118015,7,joint_route,118,13,0,0,2914.137023566835,109.0,590.0,39.0,26.0,319,13,0,21,13,5,18,False,0,0,0,0,0,0,integrated,original,off,0.0,40.0,True,0.0,LOCAL_SYNTHETIC,3486064,13,1.0,950.0,fixed,0
3,True,12,3371.6958263507436,280.9746521958953,1.067822500001057,7,joint_route,115,12,0,0,2628.6958263507427,108.0,575.0,36.0,24.0,263,12,0,15,12,3,17,False,0,0,0,0,0,0,integrated,original,off,0.0,40.0,True,5.684341886080802e-14,LOCAL_SYNTHETIC,3486065,12,1.0,950.0,fixed,0
3,True,15,4005.2359017242516,267.01572678161676,0.9951664999971399,7,joint_route,106,15,0,0,3304.2359017242516,96.0,530.0,45.0,30.0,364,15,0,9,15,2,17,False,0,0,0,0,0,0,integrated,original,off,0.0,40.0,True,0.0,LOCAL_SYNTHETIC,3486066,15,1.0,950.0,fixed,0
3,True,14,3763.7207658790867,268.8371975627919,1.0762142999883508,7,joint_route,115,14,0,0,3014.7207658790862,104.0,575.0,42.0,28.0,355,14,1,13,12,3,17,False,0,0,0,0,0,0,integrated,original,off,0.0,40.0,True,0.0,LOCAL_SYNTHETIC,3486067,14,1.0,950.0,fixed,0
3,True,12,3643.8972894342905,303.65810745285756,0.9615445000090403,7,joint_route,119,12,0,0,2877.8972894342905,111.0,595.0,36.0,24.0,273,12,1,12,12,1,16,False,0,0,0,0,0,0,integrated,original,off,0.0,40.0,True,5.684341886080802e-14,LOCAL_SYNTHETIC,3486068,12,1.0,950.0,fixed,0
3,True,11,3433.1248161257618,312.10225601143287,0.8582872999977553,7,joint_route,116,11,0,0,2688.124816125762,110.0,580.0,33.0,22.0,238,11,0,13,11,4,16,False,0,0,0,0,0,0,integrated,original,off,0.0,40.0,True,0.0,LOCAL_SYNTHETIC,3486069,11,1.0,950.0,fixed,0
3,True,15,3941.933640352392,262.7955760234928,1.326693900002283,7,joint_route,114,15,0,0,3190.933640352392,106.0,570.0,45.0,30.0,343,15,2,17,15,6,19,False,0,0,0,0,0,0,integrated,original,off,0.0,40.0,True,0.0,LOCAL_SYNTHETIC,3486070,15,1.0,950.0,fixed,0
3,True,13,3340.1183066819026,256.9321774370694,0.7021812999882968,7,joint_route,118,13,0,0,2572.1183066819026,113.0,590.0,39.0,26.0,261,13,0,18,13,5,18,False,0,0,0,0,0,0,integrated,original,off,0.0,40.0,True,4.547473508864641e-13,LOCAL_SYNTHETIC,3486071,13,1.0,950.0,fixed,0
3,True,16,3687.7664717372536,230.48540448357835,0.8870807999919634,7,joint_route,114,16,0,0,2937.7664717372536,100.0,570.0,48.0,32.0,400,16,1,18,14,2,20,False,0,0,0,0,0,0,integrated,original,off,0.0,40.0,True,0.0,LOCAL_SYNTHETIC,3486072,16,1.0,950.0,fixed,0
3,True,13,3339.2523165133466,256.86556280871895,0.5820385999977589,7,joint_route,123,13,0,0,2545.252316513348,114.0,615.0,39.0,26.0,318,13,0,15,13,1,18,False,0,0,0,0,0,0,integrated,original,off,0.0,40.0,True,0.0,LOCAL_SYNTHETIC,3486073,13,1.0,950.0,fixed,0
3,True,13,3470.0522036862635,266.92709259125104,0.7392523000016809,7,joint_route,119,13,0,0,2698.052203686263,112.0,595.0,39.0,26.0,298,13,0,28,13,5,18,False,0,0,0,0,0,0,integrated,original,off,0.0,40.0,True,0.0,LOCAL_SYNTHETIC,3486074,13,1.0,950.0,fixed,0
3,True,11,3366.5106142003788,306.0464194727617,0.745218299998669,7,joint_route,118,11,0,0,2608.5106142003788,113.0,590.0,33.0,22.0,229,11,0,20,11,2,16,False,0,0,0,0,0,0,integrated,original,off,0.0,40.0,True,5.684341886080802e-14,LOCAL_SYNTHETIC,3486075,11,1.0,950.0,fixed,0
3,True,10,3286.3864251455716,328.63864251455715,0.601267399993958,7,joint_route,116,10,0,0,2546.3864251455725,110.0,580.0,30.0,20.0,205,10,1,7,10,3,15,False,0,0,0,0,0,0,integrated,original,off,0.0,40.0,True,4.547473508864641e-13,LOCAL_SYNTHETIC,3486076,10,1.0,950.0,fixed,0
3,True,12,3382.0377193766767,281.83647661472304,0.7363203999993857,7,joint_route,114,12,0,0,2644.037719376677,108.0,570.0,36.0,24.0,238,12,0,13,12,2,17,False,0,0,0,0,0,0,integrated,original,off,0.0,40.0,True,0.0,LOCAL_SYNTHETIC,3486077,12,1.0,950.0,fixed,0
3,True,10,3636.4529478056497,363.645294780565,0.7065998000034597,7,joint_route,132,10,0,0,2803.4529478056493,123.0,660.0,30.0,20.0,240,10,1,8,10,2,14,False,0,0,0,0,0,0,integrated,original,off,0.0,40.0,True,0.0,LOCAL_SYNTHETIC,3486078,10,1.0,950.0,fixed,0
3,True,14,3599.2191298431103,257.0870807030793,1.0228820000047563,7,joint_route,121,14,0,0,2808.21912984311,116.0,605.0,42.0,28.0,285,14,4,27,14,3,16,False,0,0,0,0,0,0,integrated,original,off,0.0,40.0,True,0.0,LOCAL_SYNTHETIC,3486079,14,1.0,950.0,fixed,0
3,True,10,3597.1321061997382,359.71321061997384,0.7427831999957561,7,joint_route,126,10,0,0,2799.1321061997382,118.0,630.0,30.0,20.0,218,10,1,10,10,2,14,False,0,0,0,0,0,0,integrated,original,off,0.0,40.0,True,1.1368683772161603e-13,LOCAL_SYNTHETIC,3486080,10,1.0,950.0,fixed,0
3,True,16,4067.7784561082167,254.23615350676354,1.2498274000099627,7,joint_route,117,16,0,0,3295.7784561082162,107.0,585.0,48.0,32.0,377,16,2,17,16,2,18,False,0,0,0,0,0,0,integrated,original,off,0.0,40.0,True,5.684341886080802e-14,LOCAL_SYNTHETIC,3486081,16,1.0,950.0,fixed,0
3,True,11,3193.9615325742425,290.36013932493114,0.7526810999988811,7,joint_route,118,11,0,0,2436.9615325742425,112.0,590.0,33.0,22.0,239,11,0,9,11,2,14,False,0,0,0,0,0,0,integrated,original,off,0.0,40.0,True,0.0,LOCAL_SYNTHETIC,3486082,11,1.0,950.0,fixed,0
3,True,13,3584.3827588527142,275.721750680978,0.9551533000048948,7,joint_route,117,13,0,0,2823.3827588527142,111.0,585.0,39.0,26.0,250,13,3,23,13,9,16,False,0,0,0,0,0,0,integrated,original,off,0.0,40.0,True,4.547473508864641e-13,LOCAL_SYNTHETIC,3486083,13,1.0,950.0,fixed,0
3,True,13,3482.338840216398,267.87221847818444,1.2211030999897048,7,joint_route,126,13,0,0,2673.338840216398,114.0,630.0,39.0,26.0,357,13,0,15,13,6,18,False,0,0,0,0,0,0,integrated,original,off,0.0,40.0,True,0.0,LOCAL_SYNTHETIC,3486084,13,1.0,950.0,fixed,0
3,True,16,3832.9618496881703,239.56011560551065,1.16177809999499,6,joint_route,104,16,0,0,3140.9618496881694,92.0,520.0,48.0,32.0,432,16,0,17,15,2,21,False,0,0,0,0,0,0,integrated,original,off,0.0,40.0,True,0.0,LOCAL_SYNTHETIC,3486085,16,1.0,950.0,fixed,0
3,True,16,3742.1951335298354,233.8871958456147,1.5391802999947686,7,joint_route,111,16,0,0,3010.195133529835,97.0,555.0,48.0,32.0,435,16,1,13,13,3,20,False,0,0,0,0,0,0,integrated,original,off,0.0,40.0,True,2.2737367544323206e-13,LOCAL_SYNTHETIC,3486086,16,1.0,950.0,fixed,0
3,True,16,3657.0861421766695,228.56788388604184,1.2901442000002135,7,joint_route,118,16,0,0,2879.086142176669,108.0,590.0,48.0,32.0,379,16,1,27,15,8,21,False,0,0,0,0,0,0,integrated,original,off,0.0,40.0,True,1.1368683772161603e-13,LOCAL_SYNTHETIC,3486087,16,1.0,950.0,fixed,0
3,True,12,3712.3189471131723,309.35991225943104,0.8220998000033433,7,joint_route,118,12,0,0,2950.318947113172,112.0,590.0,36.0,24.0,263,12,1,21,12,8,16,False,0,0,0,0,0,0,integrated,original,off,0.0,40.0,True,4.547473508864641e-13,LOCAL_SYNTHETIC,3486088,12,1.0,950.0,fixed,0
3,True,13,3462.136015528037,266.31815504061825,0.701671200004057,7,joint_route,112,13,0,0,2732.1360155280363,105.0,560.0,39.0,26.0,281,13,0,5,13,5,18,False,0,0,0,0,0,0,integrated,original,off,0.0,40.0,True,2.2737367544323206e-13,LOCAL_SYNTHETIC,3486089,13,1.0,950.0,fixed,0
3,True,15,4347.6744061736135,289.8449604115742,1.120699599996442,7,joint_route,122,15,0,0,3553.674406173615,109.0,610.0,45.0,30.0,388,15,4,24,14,12,17,False,0,0,0,0,0,0,integrated,original,off,0.0,40.0,True,0.0,LOCAL_SYNTHETIC,3486090,15,1.0,950.0,fixed,0
3,True,15,3675.6339145751053,245.0422609716737,1.073649400001159,7,joint_route,122,15,0,0,2879.633914575105,111.0,610.0,45.0,30.0,367,15,2,20,15,5,19,False,0,0,0,0,0,0,integrated,original,off,0.0,40.0,True,0.0,LOCAL_SYNTHETIC,3486091,15,1.0,950.0,fixed,0
3,True,16,3726.158942241691,232.88493389010569,0.6906011999963084,7,joint_route,117,16,0,0,2953.1589422416905,108.0,585.0,48.0,32.0,352,16,1,15,14,3,20,False,0,0,0,0,0,0,integrated,original,off,0.0,40.0,True,0.0,LOCAL_SYNTHETIC,3486092,16,1.0,950.0,fixed,0
3,True,11,3736.889593167558,339.71723574250524,0.7073675999999978,7,joint_route,124,11,0,0,2945.8895931675584,116.0,620.0,33.0,22.0,250,11,1,9,11,1,15,False,0,0,0,0,0,0,integrated,original,off,0.0,40.0,True,0.0,LOCAL_SYNTHETIC,3486093,11,1.0,950.0,fixed,0
3,True,10,3329.271077472104,332.9271077472104,0.8680027999944286,7,joint_route,119,10,0,0,2573.271077472104,111.0,595.0,30.0,20.0,207,10,1,13,10,5,14,False,0,0,0,0,0,0,integrated,original,off,0.0,40.0,True,0.0,LOCAL_SYNTHETIC,3486094,10,1.0,950.0,fixed,0
3,True,12,3632.656995980716,302.72141633172635,1.0753013000066858,7,joint_route,120,12,0,0,2862.6569959807157,110.0,600.0,36.0,24.0,275,12,1,13,12,3,16,False,0,0,0,0,0,0,integrated,original,off,0.0,40.0,True,0.0,LOCAL_SYNTHETIC,3486095,12,1.0,950.0,fixed,0
3,True,12,3269.4242515541396,272.452020962845,1.130338999995729,7,joint_route,121,12,0,0,2490.4242515541396,114.0,605.0,36.0,24.0,252,12,2,20,11,6,16,False,0,0,0,0,0,0,integrated,original,off,0.0,40.0,True,0.0,LOCAL_SYNTHETIC,3486096,12,1.0,950.0,fixed,0
3,True,10,3366.061922265941,336.6061922265941,0.7476069999975152,7,joint_route,123,10,0,0,2586.061922265941,115.0,615.0,30.0,20.0,240,10,0,8,10,1,13,False,0,0,0,0,0,0,integrated,original,off,0.0,40.0,True,0.0,LOCAL_SYNTHETIC,3486097,10,1.0,950.0,fixed,0
3,True,15,3583.954416363678,238.9302944242452,1.4997563999932026,7,joint_route,107,15,0,0,2878.954416363678,95.0,535.0,45.0,30.0,377,15,1,15,14,4,20,False,0,0,0,0,0,0,integrated,original,off,0.0,40.0,True,0.0,LOCAL_SYNTHETIC,3486098,15,1.0,950.0,fixed,0
3,True,13,3930.8996986758107,302.3768998981393,1.2055981000012252,7,joint_route,127,13,0,0,3114.8996986758107,116.0,635.0,39.0,26.0,328,13,0,10,12,1,18,False,0,0,0,0,0,0,integrated,original,off,0.0,40.0,True,0.0,LOCAL_SYNTHETIC,3486099,13,1.0,950.0,fixed,0
3,True,16,4154.285569098175,259.64284806863594,1.233364800005802,7,joint_route,107,16,0,0,3444.2855690981755,95.0,535.0,48.0,32.0,383,16,2,10,16,4,20,False,0,0,0,0,0,0,integrated,original,off,0.0,40.0,True,0.0,LOCAL_SYNTHETIC,3486100,16,1.0,950.0,fixed,0
3,True,12,3595.3126497906746,299.6093874825562,1.2014231000066502,7,joint_route,124,12,0,0,2800.3126497906746,115.0,620.0,36.0,24.0,286,12,2,12,11,1,15,False,0,0,0,0,0,0,integrated,original,off,0.0,40.0,True,0.0,LOCAL_SYNTHETIC,3486101,12,1.0,950.0,fixed,0
3,True,12,3499.329220651597,291.6107683876331,1.102261099993484,7,joint_route,117,12,0,0,2747.329220651597,107.0,585.0,36.0,24.0,308,12,0,7,11,1,16,False,0,0,0,0,0,0,integrated,original,off,0.0,40.0,True,0.0,LOCAL_SYNTHETIC,3486102,12,1.0,950.0,fixed,0
3,True,14,3587.9160165070125,256.2797154647866,0.8988366999983555,7,joint_route,109,14,0,0,2869.9160165070125,103.0,545.0,42.0,28.0,270,14,3,5,14,7,17,False,0,0,0,0,0,0,integrated,original,off,0.0,40.0,True,5.684341886080802e-14,LOCAL_SYNTHETIC,3486103,14,1.0,950.0,fixed,0
3,True,11,3271.350363737833,297.3954876125303,0.8759992999985116,7,joint_route,122,11,0,0,2491.3503637378326,115.0,610.0,33.0,22.0,229,11,1,12,11,3,15,False,0,0,0,0,0,0,integrated,original,off,0.0,40.0,True,1.1368683772161603e-13,LOCAL_SYNTHETIC,3486104,11,1.0,950.0,fixed,0
3,True,16,3875.483007576056,242.2176879735035,1.572495100001106,6,joint_route,105,16,0,0,3180.483007576056,90.0,525.0,48.0,32.0,457,16,0,14,15,3,21,False,0,0,0,0,0,0,integrated,original,off,0.0,40.0,True,2.2737367544323206e-13,LOCAL_SYNTHETIC,3486105,16,1.0,950.0,fixed,0
3,True,15,4089.7377189053527,272.64918126035684,1.1664232999901287,7,joint_route,126,15,0,0,3269.7377189053527,115.0,630.0,45.0,30.0,387,15,2,25,15,6,19,False,0,0,0,0,0,0,integrated,original,off,0.0,40.0,True,5.684341886080802e-14,LOCAL_SYNTHETIC,3486106,15,1.0,950.0,fixed,0
3,True,12,3316.351248780708,276.362604065059,1.0101837999973213,7,joint_route,120,12,0,0,2547.351248780708,109.0,600.0,36.0,24.0,320,12,0,4,11,1,15,False,0,0,0,0,0,0,integrated,original,off,0.0,40.0,True,0.0,LOCAL_SYNTHETIC,3486107,12,1.0,950.0,fixed,0
3,True,16,3591.429938907832,224.4643711817395,1.3533458000019891,6,joint_route,100,16,0,0,2924.429938907832,87.0,500.0,48.0,32.0,419,16,0,15,13,9,19,False,0,0,0,0,0,0,integrated,original,off,0.0,40.0,True,0.0,LOCAL_SYNTHETIC,3486108,16,1.0,950.0,fixed,0
3,True,12,3200.1849551449436,266.68207959541195,0.964885300010792,7,joint_route,120,12,0,0,2426.184955144943,114.0,600.0,36.0,24.0,264,12,0,25,12,6,17,False,0,0,0,0,0,0,integrated,original,off,0.0,40.0,True,0.0,LOCAL_SYNTHETIC,3486109,12,1.0,950.0,fixed,0
3,True,11,3280.6520291419524,298.2410935583593,0.9801564999943366,7,joint_route,113,11,0,0,2552.6520291419515,108.0,565.0,33.0,22.0,229,11,0,17,10,6,16,False,0,0,0,0,0,0,integrated,original,off,0.0,40.0,True,2.2737367544323206e-13,LOCAL_SYNTHETIC,3486110,11,1.0,950.0,fixed,0
3,True,16,3602.6715673132812,225.16697295708008,1.3383438000018941,6,joint_route,103,16,0,0,2917.6715673132803,90.0,515.0,48.0,32.0,434,16,0,17,16,5,21,False,0,0,0,0,0,0,integrated,original,off,0.0,40.0,True,2.2737367544323206e-13,LOCAL_SYNTHETIC,3486111,16,1.0,950.0,fixed,0
3,True,11,3223.271926414909,293.0247205831736,0.6957774000038626,7,joint_route,119,11,0,0,2459.271926414909,114.0,595.0,33.0,22.0,216,11,1,12,11,2,15,False,0,0,0,0,0,0,integrated,original,off,0.0,40.0,True,0.0,LOCAL_SYNTHETIC,3486112,11,1.0,950.0,fixed,0
3,True,16,3459.875037153635,216.24218982210218,1.1936851000064053,7,joint_route,114,16,0,0,2706.8750371536353,103.0,570.0,48.0,32.0,376,16,3,18,13,3,18,False,0,0,0,0,0,0,integrated,original,off,0.0,40.0,True,0.0,LOCAL_SYNTHETIC,3486113,16,1.0,950.0,fixed,0
3,True,16,4129.488309262317,258.0930193288948,1.3709777000040049,7,joint_route,122,16,0,0,3328.4883092623163,111.0,610.0,48.0,32.0,396,16,4,16,16,2,18,False,0,0,0,0,0,0,integrated,original,off,0.0,40.0,True,0.0,LOCAL_SYNTHETIC,3486114,16,1.0,950.0,fixed,0
3,True,13,3343.5277380888706,257.19444139145156,0.8038832000020193,7,joint_route,115,13,0,0,2594.527738088871,109.0,575.0,39.0,26.0,284,13,0,14,12,2,18,False,0,0,0,0,0,0,integrated,original,off,0.0,40.0,True,2.2737367544323206e-13,LOCAL_SYNTHETIC,3486115,13,1.0,950.0,fixed,0
3,True,14,3569.648304733981,254.9748789095701,0.9900075000041397,7,joint_route,115,14,0,0,2818.6483047339807,106.0,575.0,42.0,28.0,342,14,0,15,12,1,19,False,0,0,0,0,0,0,integrated,original,off,0.0,40.0,True,4.547473508864641e-13,LOCAL_SYNTHETIC,3486116,14,1.0,950.0,fixed,0
3,True,12,3640.7093495493277,303.3924457957773,0.6881049999938114,7,joint_route,112,12,0,0,2914.7093495493277,106.0,560.0,36.0,24.0,262,12,0,8,11,1,16,False,0,0,0,0,0,0,integrated,original,off,0.0,40.0,True,0.0,LOCAL_SYNTHETIC,3486117,12,1.0,950.0,fixed,0
3,True,14,3559.594698327693,254.2567641662638,0.7978535000002012,7,joint_route,105,14,0,0,2867.5946983276926,97.0,525.0,42.0,28.0,320,14,0,19,13,4,19,False,0,0,0,0,0,0,integrated,original,off,0.0,40.0,True,1.1368683772161603e-13,LOCAL_SYNTHETIC,3486118,14,1.0,950.0,fixed,0
3,True,11,3659.3460104456594,332.6678191314236,0.7381592000019737,7,joint_route,122,11,0,0,2878.34601044566,116.0,610.0,33.0,22.0,229,11,1,14,11,2,15,False,0,0,0,0,0,0,integrated,original,off,0.0,40.0,True,0.0,LOCAL_SYNTHETIC,3486119,11,1.0,950.0,fixed,0
3,True,13,3444.320655319158,264.94774271685833,0.8277730999980122,7,joint_route,110,13,0,0,2729.320655319158,100.0,550.0,39.0,26.0,328,13,1,8,12,1,17,False,0,0,0,0,0,0,integrated,original,off,0.0,40.0,True,2.842170943040401e-14,LOCAL_SYNTHETIC,3486120,13,1.0,950.0,fixed,0
3,True,11,3454.000470178647,314.00004274351335,0.8922001000028104,7,joint_route,124,11,0,0,2664.000470178648,115.0,620.0,33.0,22.0,274,11,2,15,11,2,15,False,0,0,0,0,0,0,integrated,original,off,0.0,40.0,True,1.1368683772161603e-13,LOCAL_SYNTHETIC,3486121,11,1.0,950.0,fixed,0
3,True,15,3566.0893841364036,237.73929227576025,1.3600733999919612,7,joint_route,125,15,0,0,2753.089384136403,113.0,625.0,45.0,30.0,401,15,0,16,15,4,20,False,0,0,0,0,0,0,integrated,original,off,0.0,40.0,True,0.0,LOCAL_SYNTHETIC,3486122,15,1.0,950.0,fixed,0
3,True,13,3451.5479112884987,265.5036854837307,1.0978560000075959,7,joint_route,113,13,0,0,2715.547911288499,106.0,565.0,39.0,26.0,286,13,2,24,13,7,17,False,0,0,0,0,0,0,integrated,original,off,0.0,40.0,True,5.684341886080802e-14,LOCAL_SYNTHETIC,3486123,13,1.0,950.0,fixed,0
3,True,14,3639.36491611554,259.9546368653957,1.1819394000049215,7,joint_route,108,14,0,0,2932.3649161155395,97.0,540.0,42.0,28.0,365,14,0,21,14,5,18,False,0,0,0,0,0,0,integrated,original,off,0.0,40.0,True,0.0,LOCAL_SYNTHETIC,3486124,14,1.0,950.0,fixed,0
3,True,11,3532.594013452455,321.14491031385955,0.968278400003328,7,joint_route,121,11,0,0,2760.594013452455,112.0,605.0,33.0,22.0,266,11,1,16,11,4,16,False,0,0,0,0,0,0,integrated,original,off,0.0,40.0,True,0.0,LOCAL_SYNTHETIC,3486125,11,1.0,950.0,fixed,0
3,True,14,3631.035060234295,259.3596471595925,1.1001079999987269,7,joint_route,112,14,0,0,2898.035060234295,103.0,560.0,42.0,28.0,341,14,0,18,13,5,19,False,0,0,0,0,0,0,integrated,original,off,0.0,40.0,True,5.684341886080802e-14,LOCAL_SYNTHETIC,3486126,14,1.0,950.0,fixed,0
3,True,10,3800.830129639762,380.0830129639762,0.6561618000123417,7,joint_route,120,10,0,0,3038.8301296397617,112.0,600.0,30.0,20.0,237,10,2,12,10,5,14,False,0,0,0,0,0,0,integrated,original,off,0.0,40.0,True,4.547473508864641e-13,LOCAL_SYNTHETIC,3486127,10,1.0,950.0,fixed,0
3,True,15,3878.2392486986055,258.5492832465737,0.8980581999931019,7,joint_route,106,15,0,0,3175.2392486986064,98.0,530.0,45.0,30.0,343,15,0,20,12,10,19,False,0,0,0,0,0,0,integrated,original,off,0.0,40.0,True,4.547473508864641e-13,LOCAL_SYNTHETIC,3486128,15,1.0,950.0,fixed,0
3,True,13,3838.6482497854654,295.28063459888193,0.9245936000079382,7,joint_route,116,13,0,0,3085.6482497854654,108.0,580.0,39.0,26.0,309,13,0,21,13,4,18,False,0,0,0,0,0,0,integrated,original,off,0.0,40.0,True,0.0,LOCAL_SYNTHETIC,3486129,13,1.0,950.0,fixed,0
3,True,12,3653.4773620922856,304.4564468410238,0.9319149999937508,7,joint_route,123,12,0,0,2863.4773620922856,115.0,615.0,36.0,24.0,263,12,1,17,12,2,16,False,0,0,0,0,0,0,integrated,original,off,0.0,40.0,True,1.1368683772161603e-13,LOCAL_SYNTHETIC,3486130,12,1.0,950.0,fixed,0
3,True,12,3684.6134320675424,307.0511193389619,0.8843799000023864,7,joint_route,126,12,0,0,2879.613432067543,115.0,630.0,36.0,24.0,308,12,1,15,11,4,17,False,0,0,0,0,0,0,integrated,original,off,0.0,40.0,True,0.0,LOCAL_SYNTHETIC,3486131,12,1.0,950.0,fixed,0
3,True,11,3167.6757665449245,287.97052423135676,0.6418013000075007,7,joint_route,114,11,0,0,2435.675766544925,107.0,570.0,33.0,22.0,242,11,2,13,11,4,15,False,0,0,0,0,0,0,integrated,original,off,0.0,40.0,True,0.0,LOCAL_SYNTHETIC,3486132,11,1.0,950.0,fixed,0
3,True,15,4063.999622662645,270.9333081775097,1.132931500003906,7,joint_route,122,15,0,0,3266.9996226626454,112.0,610.0,45.0,30.0,352,15,2,23,15,4,18,False,0,0,0,0,0,0,integrated,original,off,0.0,40.0,True,0.0,LOCAL_SYNTHETIC,3486133,15,1.0,950.0,fixed,0
3,True,12,3482.9796866333018,290.2483072194418,0.942480700003216,7,joint_route,117,12,0,0,2729.9796866333013,108.0,585.0,36.0,24.0,273,12,1,9,11,3,15,False,0,0,0,0,0,0,integrated,original,off,0.0,40.0,True,4.547473508864641e-13,LOCAL_SYNTHETIC,3486134,12,1.0,950.0,fixed,0
3,True,16,4099.939989460634,256.2462493412896,1.4502002999943215,7,joint_route,104,16,0,0,3405.9399894606345,94.0,520.0,48.0,32.0,367,16,1,24,15,13,21,False,0,0,0,0,0,0,integrated,original,off,0.0,40.0,True,9.094947017729282e-13,LOCAL_SYNTHETIC,3486135,16,1.0,950.0,fixed,0
3,True,16,3707.2306629476375,231.70191643422734,1.1735190999897895,6,joint_route,123,16,0,0,2901.2306629476375,111.0,615.0,48.0,32.0,409,16,0,12,16,3,21,False,0,0,0,0,0,0,integrated,original,off,0.0,40.0,True,0.0,LOCAL_SYNTHETIC,3486136,16,1.0,950.0,fixed,0
3,True,16,3722.298161489665,232.64363509310405,1.1216767000005348,7,joint_route,114,16,0,0,2970.298161489665,102.0,570.0,48.0,32.0,409,16,2,9,15,0,17,False,0,0,0,0,0,0,integrated,original,off,0.0,40.0,True,0.0,LOCAL_SYNTHETIC,3486137,16,1.0,950.0,fixed,0
3,True,12,3551.935742850834,295.9946452375695,0.9928652999951737,7,joint_route,128,12,0,0,2735.935742850834,116.0,640.0,36.0,24.0,331,12,0,4,10,1,17,False,0,0,0,0,0,0,integrated,original,off,0.0,40.0,True,1.1368683772161603e-13,LOCAL_SYNTHETIC,3486138,12,1.0,950.0,fixed,0
3,True,10,3054.4013684838046,305.44013684838046,0.7962721000076272,7,joint_route,118,10,0,0,2303.4013684838046,111.0,590.0,30.0,20.0,217,10,0,13,10,1,14,False,0,0,0,0,0,0,integrated,original,off,0.0,40.0,True,1.1368683772161603e-13,LOCAL_SYNTHETIC,3486139,10,1.0,950.0,fixed,0
3,True,16,3493.97623691241,218.37351480702563,1.2117560999904526,6,joint_route,101,16,0,0,2813.976236912409,95.0,505.0,48.0,32.0,349,16,0,14,16,3,21,False,0,0,0,0,0,0,integrated,original,off,0.0,40.0,True,0.0,LOCAL_SYNTHETIC,3486140,16,1.0,950.0,fixed,0
3,True,12,3548.8703437665854,295.73919531388213,0.9587853999983054,7,joint_route,111,12,0,0,2829.870343766585,104.0,555.0,36.0,24.0,262,12,1,18,12,8,17,False,0,0,0,0,0,0,integrated,original,off,0.0,40.0,True,0.0,LOCAL_SYNTHETIC,3486141,12,1.0,950.0,fixed,0
3,True,10,3060.2938070547402,306.029380705474,0.886643699996057,7,joint_route,121,10,0,0,2293.2938070547407,112.0,605.0,30.0,20.0,250,10,0,6,10,2,14,False,0,0,0,0,0,0,integrated,original,off,0.0,40.0,True,4.547473508864641e-13,LOCAL_SYNTHETIC,3486142,10,1.0,950.0,fixed,0
3,True,10,3438.7915004092442,343.8791500409244,0.6307623000029707,7,joint_route,125,10,0,0,2647.791500409245,116.0,625.0,30.0,20.0,229,10,1,9,10,3,14,False,0,0,0,0,0,0,integrated,original,off,0.0,40.0,True,4.547473508864641e-13,LOCAL_SYNTHETIC,3486143,10,1.0,950.0,fixed,0
3,True,10,3701.443719352496,370.1443719352496,0.7618160999991233,7,joint_route,122,10,0,0,2930.443719352496,111.0,610.0,30.0,20.0,264,10,1,11,10,4,15,False,0,0,0,0,0,0,integrated,original,off,0.0,40.0,True,2.2737367544323206e-13,LOCAL_SYNTHETIC,3486144,10,1.0,950.0,fixed,0
3,True,16,3675.9697336707222,229.74810835442014,1.1155481000023428,7,joint_route,112,16,0,0,2934.969733670722,101.0,560.0,48.0,32.0,401,16,1,14,16,2,20,False,0,0,0,0,0,0,integrated,original,off,0.0,40.0,True,2.2737367544323206e-13,LOCAL_SYNTHETIC,3486145,16,1.0,950.0,fixed,0
3,True,13,3693.681886200601,284.1293758615847,0.9982066999946255,7,joint_route,118,13,0,0,2931.6818862006007,107.0,590.0,39.0,26.0,344,13,1,21,13,6,16,False,0,0,0,0,0,0,integrated,original,off,0.0,40.0,True,0.0,LOCAL_SYNTHETIC,3486146,13,1.0,950.0,fixed,0
3,True,13,3481.9732282769646,267.84409448284345,0.7798272000072757,7,joint_route,117,13,0,0,2720.9732282769655,111.0,585.0,39.0,26.0,284,13,0,20,13,4,17,False,0,0,0,0,0,0,integrated,original,off,0.0,40.0,True,2.2737367544323206e-13,LOCAL_SYNTHETIC,3486147,13,1.0,950.0,fixed,0
3,True,16,3530.817300627948,220.67608128924675,1.0160834999987856,6,joint_route,105,16,0,0,2830.8173006279485,95.0,525.0,48.0,32.0,408,16,0,19,16,3,21,False,0,0,0,0,0,0,integrated,original,off,0.0,40.0,True,0.0,LOCAL_SYNTHETIC,3486148,16,1.0,950.0,fixed,0
3,True,14,3807.8334579291604,271.98810413779717,1.322563399997307,7,joint_route,119,14,0,0,3030.833457929161,112.0,595.0,42.0,28.0,311,14,3,24,14,10,17,False,0,0,0,0,0,0,integrated,original,off,0.0,40.0,True,0.0,LOCAL_SYNTHETIC,3486149,14,1.0,950.0,fixed,0
3,True,15,3722.0208534075805,248.13472356050536,1.2825498000020161,7,joint_route,111,15,0,0,2990.020853407581,102.0,555.0,45.0,30.0,307,15,1,24,15,3,20,False,0,0,0,0,0,0,integrated,original,off,0.0,40.0,True,0.0,LOCAL_SYNTHETIC,3486150,15,1.0,950.0,fixed,0
3,True,11,3454.8751173484507,314.07955612258644,0.90631370000483,7,joint_route,124,11,0,0,2659.8751173484507,120.0,620.0,33.0,22.0,216,11,0,20,10,4,16,False,0,0,0,0,0,0,integrated,original,off,0.0,40.0,True,1.1368683772161603e-13,LOCAL_SYNTHETIC,3486151,11,1.0,950.0,fixed,0
3,True,12,3859.194262606791,321.5995218838993,0.9069651999889174,7,joint_route,130,12,0,0,3030.1942626067917,119.0,650.0,36.0,24.0,309,12,2,5,12,0,12,False,0,0,0,0,0,0,integrated,original,off,0.0,40.0,True,0.0,LOCAL_SYNTHETIC,3486152,12,1.0,950.0,fixed,0
3,True,14,3800.7604935258673,271.48289239470483,0.9825596999871777,7,joint_route,106,14,0,0,3100.760493525868,100.0,530.0,42.0,28.0,284,14,4,15,14,14,16,False,0,0,0,0,0,0,integrated,original,off,0.0,40.0,True,0.0,LOCAL_SYNTHETIC,3486153,14,1.0,950.0,fixed,0
3,True,11,3447.2223945289848,313.3838540480895,1.059287800002494,7,joint_route,118,11,0,0,2694.222394528985,108.0,590.0,33.0,22.0,274,11,0,9,10,1,15,False,0,0,0,0,0,0,integrated,original,off,0.0,40.0,True,5.684341886080802e-14,LOCAL_SYNTHETIC,3486154,11,1.0,950.0,fixed,0
3,True,10,3465.958457311167,346.5958457311167,0.8858104000100866,7,joint_route,115,10,0,0,2731.9584573111674,109.0,575.0,30.0,20.0,193,10,3,6,10,11,13,False,0,0,0,0,0,0,integrated,original,off,0.0,40.0,True,2.842170943040401e-14,LOCAL_SYNTHETIC,3486155,10,1.0,950.0,fixed,0
3,True,13,3918.958156795823,301.45831975352485,0.6829020000004675,7,joint_route,121,13,0,0,3140.9581567958226,108.0,605.0,39.0,26.0,364,13,0,10,13,2,17,False,0,0,0,0,0,0,integrated,original,off,0.0,40.0,True,0.0,LOCAL_SYNTHETIC,3486156,13,1.0,950.0,fixed,0
3,True,13,3664.943375111376,281.91872116241353,1.001792099996237,7,joint_route,113,13,0,0,2930.9433751113766,104.0,565.0,39.0,26.0,310,13,0,17,11,3,18,False,0,0,0,0,0,0,integrated,original,off,0.0,40.0,True,0.0,LOCAL_SYNTHETIC,3486157,13,1.0,950.0,fixed,0
3,True,12,3798.0313100833173,316.50260917360976,0.6575101999915205,7,joint_route,123,12,0,0,3007.0313100833177,116.0,615.0,36.0,24.0,216,12,3,17,12,3,15,False,0,0,0,0,0,0,integrated,original,off,0.0,40.0,True,0.0,LOCAL_SYNTHETIC,3486158,12,1.0,950.0,fixed,0
3,True,12,3547.516165820656,295.62634715172135,0.7525954000011552,7,joint_route,123,12,0,0,2756.5161658206553,116.0,615.0,36.0,24.0,263,12,1,17,11,5,16,False,0,0,0,0,0,0,integrated,original,off,0.0,40.0,True,0.0,LOCAL_SYNTHETIC,3486159,12,1.0,950.0,fixed,0
3,True,11,3367.1306663845603,306.1027878531418,0.5694274999987101,7,joint_route,121,11,0,0,2594.1306663845608,113.0,605.0,33.0,22.0,242,11,1,14,10,3,16,False,0,0,0,0,0,0,integrated,original,off,0.0,40.0,True,5.684341886080802e-14,LOCAL_SYNTHETIC,3486160,11,1.0,950.0,fixed,0
3,True,14,3526.127588500368,251.86625632145484,0.6987296000006609,7,joint_route,119,14,0,0,2749.127588500368,112.0,595.0,42.0,28.0,306,14,1,12,13,3,18,False,0,0,0,0,0,0,integrated,original,off,0.0,40.0,True,2.2737367544323206e-13,LOCAL_SYNTHETIC,3486161,14,1.0,950.0,fixed,0
3,True,16,3263.759231610003,203.9849519756252,0.816603600003873,5,joint_route,100,16,0,0,2592.759231610003,91.0,500.0,48.0,32.0,375,16,0,15,15,5,20,False,0,0,0,0,0,0,integrated,original,off,0.0,40.0,True,0.0,LOCAL_SYNTHETIC,3486162,16,1.0,950.0,fixed,0
3,True,15,3994.7662031052796,266.3177468736853,0.8727313999988837,7,joint_route,122,15,0,0,3195.7662031052796,114.0,610.0,45.0,30.0,330,15,2,19,15,2,18,False,0,0,0,0,0,0,integrated,original,off,0.0,40.0,True,0.0,LOCAL_SYNTHETIC,3486163,15,1.0,950.0,fixed,0
3,True,16,3836.90659831444,239.8066623946525,1.1051833999954397,6,joint_route,106,16,0,0,3128.906598314439,98.0,530.0,48.0,32.0,354,16,0,24,16,5,21,False,0,0,0,0,0,0,integrated,original,off,0.0,40.0,True,0.0,LOCAL_SYNTHETIC,3486164,16,1.0,950.0,fixed,0
3,True,16,3830.3398533789373,239.39624083618358,1.1199301000015112,7,joint_route,121,16,0,0,3034.339853378937,111.0,605.0,48.0,32.0,368,16,6,30,16,13,16,False,0,0,0,0,0,0,integrated,original,off,0.0,40.0,True,2.2737367544323206e-13,LOCAL_SYNTHETIC,3486165,16,1.0,950.0,fixed,0
3,True,10,3330.523461315903,333.0523461315903,0.8492620000033639,7,joint_route,122,10,0,0,2555.523461315903,115.0,610.0,30.0,20.0,218,10,0,10,10,2,15,False,0,0,0,0,0,0,integrated,original,off,0.0,40.0,True,0.0,LOCAL_SYNTHETIC,3486166,10,1.0,950.0,fixed,0
3,True,11,3539.8697369260003,321.8063397205455,0.5403724999923725,7,joint_route,122,11,0,0,2758.8697369259994,116.0,610.0,33.0,22.0,205,11,1,14,10,2,16,False,0,0,0,0,0,0,integrated,original,off,0.0,40.0,True,0.0,LOCAL_SYNTHETIC,3486167,11,1.0,950.0,fixed,0
3,True,13,3687.8726057966696,283.6825081382054,0.6198891999956686,7,joint_route,116,13,0,0,2932.8726057966696,110.0,580.0,39.0,26.0,273,13,2,10,11,4,17,False,0,0,0,0,0,0,integrated,original,off,0.0,40.0,True,5.684341886080802e-14,LOCAL_SYNTHETIC,3486168,13,1.0,950.0,fixed,0
3,True,11,3218.3888704107067,292.58080640097336,0.5446854000038002,7,joint_route,118,11,0,0,2460.3888704107067,113.0,590.0,33.0,22.0,205,11,1,13,10,3,15,False,0,0,0,0,0,0,integrated,original,off,0.0,40.0,True,1.1368683772161603e-13,LOCAL_SYNTHETIC,3486169,11,1.0,950.0,fixed,0
3,True,16,3560.8376578514776,222.55235361571735,0.9915061999927275,7,joint_route,126,16,0,0,2733.8376578514776,117.0,630.0,48.0,32.0,355,16,6,33,16,9,16,False,0,0,0,0,0,0,integrated,original,off,0.0,40.0,True,0.0,LOCAL_SYNTHETIC,3486170,16,1.0,950.0,fixed,0
3,True,10,3171.8042874190355,317.18042874190354,0.8152993999974569,7,joint_route,120,10,0,0,2411.8042874190355,110.0,600.0,30.0,20.0,264,10,0,10,10,3,15,False,0,0,0,0,0,0,integrated,original,off,0.0,40.0,True,0.0,LOCAL_SYNTHETIC,3486171,10,1.0,950.0,fixed,0
3,True,10,3489.3484588175666,348.93484588175664,0.8272029000072507,7,joint_route,123,10,0,0,2708.348458817566,116.0,615.0,30.0,20.0,228,10,0,23,10,3,15,False,0,0,0,0,0,0,integrated,original,off,0.0,40.0,True,2.2737367544323206e-13,LOCAL_SYNTHETIC,3486172,10,1.0,950.0,fixed,0
3,True,15,3630.809705760909,242.0539803840606,1.1206848000001628,7,joint_route,113,15,0,0,2886.809705760909,104.0,565.0,45.0,30.0,340,15,1,14,15,3,18,False,0,0,0,0,0,0,integrated,original,off,0.0,40.0,True,5.684341886080802e-14,LOCAL_SYNTHETIC,3486173,15,1.0,950.0,fixed,0
3,True,13,3605.252578014247,277.3271213857113,1.1468097000033595,7,joint_route,117,13,0,0,2846.252578014247,109.0,585.0,39.0,26.0,307,13,0,10,13,1,18,False,0,0,0,0,0,0,integrated,original,off,0.0,40.0,True,5.684341886080802e-14,LOCAL_SYNTHETIC,3486174,13,1.0,950.0,fixed,0
3,True,16,3518.2725217343564,219.89203260839727,1.1183234000054654,6,joint_route,106,16,0,0,2810.2725217343564,98.0,530.0,48.0,32.0,376,16,0,22,16,5,21,False,0,0,0,0,0,0,integrated,original,off,0.0,40.0,True,1.1368683772161603e-13,LOCAL_SYNTHETIC,3486175,16,1.0,950.0,fixed,0
3,True,10,3342.40687906248,334.240687906248,0.6234093999955803,7,joint_route,116,10,0,0,2600.4068790624806,112.0,580.0,30.0,20.0,194,10,0,11,10,3,14,False,0,0,0,0,0,0,integrated,original,off,0.0,40.0,True,0.0,LOCAL_SYNTHETIC,3486176,10,1.0,950.0,fixed,0
3,True,15,3438.544565595659,229.23630437304394,1.0356627000001026,7,joint_route,121,15,0,0,2647.544565595659,111.0,605.0,45.0,30.0,332,15,6,17,15,7,15,False,0,0,0,0,0,0,integrated,original,off,0.0,40.0,True,0.0,LOCAL_SYNTHETIC,3486177,15,1.0,950.0,fixed,0
3,True,13,3679.9309049785193,283.0716080752707,0.36739220000163186,7,joint_route,129,13,0,0,2850.9309049785193,119.0,645.0,39.0,26.0,320,13,1,13,13,3,17,False,0,0,0,0,0,0,integrated,original,off,0.0,40.0,True,0.0,LOCAL_SYNTHETIC,3486178,13,1.0,950.0,fixed,0
3,True,15,3562.293145088959,237.48620967259728,0.22383039999112953,7,joint_route,114,15,0,0,2811.2931450889587,106.0,570.0,45.0,30.0,330,15,2,21,15,2,19,False,0,0,0,0,0,0,integrated,original,off,0.0,40.0,True,0.0,LOCAL_SYNTHETIC,3486179,15,1.0,950.0,fixed,0
3,True,12,3406.8150812316208,283.9012567693017,0.17714390000037383,7,joint_route,122,12,0,0,2622.8150812316208,114.0,610.0,36.0,24.0,285,12,0,12,12,2,17,False,0,0,0,0,0,0,integrated,original,off,0.0,40.0,True,5.684341886080802e-14,LOCAL_SYNTHETIC,3486180,12,1.0,950.0,fixed,0
3,True,10,3335.2389045465998,333.52389045466,0.14879249999648891,7,joint_route,120,10,0,0,2572.2389045466007,113.0,600.0,30.0,20.0,227,10,1,10,10,3,15,False,0,0,0,0,0,0,integrated,original,off,0.0,40.0,True,0.0,LOCAL_SYNTHETIC,3486181,10,1.0,950.0,fixed,0
3,True,15,3715.6675614283154,247.7111707618877,0.20768359999055974,7,joint_route,108,15,0,0,2998.667561428316,102.0,540.0,45.0,30.0,277,15,5,31,15,20,16,False,0,0,0,0,0,0,integrated,original,off,0.0,40.0,True,0.0,LOCAL_SYNTHETIC,3486182,15,1.0,950.0,fixed,0
3,True,12,3390.300668763841,282.52505573032005,0.1685670000006212,7,joint_route,107,12,0,0,2697.300668763841,98.0,535.0,36.0,24.0,283,12,1,7,12,2,14,False,0,0,0,0,0,0,integrated,original,off,0.0,40.0,True,0.0,LOCAL_SYNTHETIC,3486183,12,1.0,950.0,fixed,0
3,True,14,3954.5867609739034,282.4704829267074,0.2233422999997856,7,joint_route,123,14,0,0,3153.5867609739034,116.0,615.0,42.0,28.0,296,14,2,19,14,5,17,False,0,0,0,0,0,0,integrated,original,off,0.0,40.0,True,4.547473508864641e-13,LOCAL_SYNTHETIC,3486184,14,1.0,950.0,fixed,0
3,True,12,3416.688942499112,284.72407854159263,0.16518090000317898,7,joint_route,116,12,0,0,2667.6889424991114,109.0,580.0,36.0,24.0,272,12,0,16,11,4,17,False,0,0,0,0,0,0,integrated,original,off,0.0,40.0,True,0.0,LOCAL_SYNTHETIC,3486185,12,1.0,950.0,fixed,0
3,True,16,4012.240047415058,250.76500296344113,0.2413508999889018,7,joint_route,117,16,0,0,3241.240047415059,106.0,585.0,48.0,32.0,400,16,1,22,15,6,20,False,0,0,0,0,0,0,integrated,original,off,0.0,40.0,True,2.2737367544323206e-13,LOCAL_SYNTHETIC,3486186,16,1.0,950.0,fixed,0
3,True,13,3956.8119183720987,304.37014756708453,0.19539520000398625,7,joint_route,127,13,0,0,3140.8119183720996,116.0,635.0,39.0,26.0,340,13,2,18,13,5,17,False,0,0,0,0,0,0,integrated,original,off,0.0,40.0,True,0.0,LOCAL_SYNTHETIC,3486187,13,1.0,950.0,fixed,0
3,True,10,3157.4117819023877,315.74117819023877,0.1461540000018431,7,joint_route,116,10,0,0,2419.4117819023877,108.0,580.0,30.0,20.0,239,10,1,6,10,1,12,False,0,0,0,0,0,0,integrated,original,off,0.0,40.0,True,1.1368683772161603e-13,LOCAL_SYNTHETIC,3486188,10,1.0,950.0,fixed,0
3,True,12,3413.6152302019555,284.467935850163,0.19804780000413302,7,joint_route,119,12,0,0,2651.6152302019545,107.0,595.0,36.0,24.0,333,12,0,9,11,0,15,False,0,0,0,0,0,0,integrated,original,off,0.0,40.0,True,0.0,LOCAL_SYNTHETIC,3486189,12,1.0,950.0,fixed,0
3,True,15,3647.121175665443,243.14141171102952,0.21864469999854919,7,joint_route,118,15,0,0,2873.121175665442,109.0,590.0,45.0,30.0,364,15,0,20,15,5,20,False,0,0,0,0,0,0,integrated,original,off,0.0,40.0,True,0.0,LOCAL_SYNTHETIC,3486190,15,1.0,950.0,fixed,0
3,True,15,3353.7162500533595,223.58108333689063,0.2200423000031151,7,joint_route,105,15,0,0,2657.716250053359,96.0,525.0,45.0,30.0,342,15,0,18,15,4,19,False,0,0,0,0,0,0,integrated,original,off,0.0,40.0,True,5.684341886080802e-14,LOCAL_SYNTHETIC,3486191,15,1.0,950.0,fixed,0
3,True,13,4088.4948884798246,314.4996068061404,0.18527020000328775,7,joint_route,122,13,0,0,3299.494888479825,114.0,610.0,39.0,26.0,296,13,3,8,13,0,14,False,0,0,0,0,0,0,integrated,original,off,0.0,40.0,True,0.0,LOCAL_SYNTHETIC,3486192,13,1.0,950.0,fixed,0
3,True,13,3544.907345147299,272.6851803959461,0.18356340000173077,7,joint_route,110,13,0,0,2826.9073451472987,103.0,550.0,39.0,26.0,240,13,2,21,13,9,17,False,0,0,0,0,0,0,integrated,original,off,0.0,40.0,True,0.0,LOCAL_SYNTHETIC,3486193,13,1.0,950.0,fixed,0
3,True,13,3800.939431338561,292.37995625681236,0.17952730000251904,7,joint_route,111,13,0,0,3078.939431338561,102.0,555.0,39.0,26.0,294,13,1,10,13,1,16,False,0,0,0,0,0,0,integrated,original,off,0.0,40.0,True,0.0,LOCAL_SYNTHETIC,3486194,13,1.0,950.0,fixed,0
3,True,11,3377.9544241156,307.0867658286909,0.16703130000678357,7,joint_route,129,11,0,0,2557.954424115599,120.0,645.0,33.0,22.0,263,11,3,5,11,5,14,False,0,0,0,0,0,0,integrated,original,off,0.0,40.0,True,1.1368683772161603e-13,LOCAL_SYNTHETIC,3486195,11,1.0,950.0,fixed,0
3,True,11,3574.6547550316163,324.9686140937833,0.1572605000110343,7,joint_route,128,11,0,0,2760.6547550316172,119.0,640.0,33.0,22.0,251,11,2,12,10,4,13,False,0,0,0,0,0,0,integrated,original,off,0.0,40.0,True,2.842170943040401e-14,LOCAL_SYNTHETIC,3486196,11,1.0,950.0,fixed,0
3,True,10,3422.12887947676,342.212887947676,0.16724599999724887,7,joint_route,123,10,0,0,2643.12887947676,114.0,615.0,30.0,20.0,253,10,0,16,10,4,14,False,0,0,0,0,0,0,integrated,original,off,0.0,40.0,True,1.1368683772161603e-13,LOCAL_SYNTHETIC,3486197,10,1.0,950.0,fixed,0
3,True,10,3640.117096137121,364.01170961371207,0.14523490000283346,7,joint_route,118,10,0,0,2893.1170961371204,107.0,590.0,30.0,20.0,261,10,0,2,9,0,11,False,0,0,0,0,0,0,integrated,original,off,0.0,40.0,True,1.1368683772161603e-13,LOCAL_SYNTHETIC,3486198,10,1.0,950.0,fixed,0
3,True,14,3398.3821554565693,242.74158253261209,0.20480630001111422,7,joint_route,104,14,0,0,2710.3821554565684,98.0,520.0,42.0,28.0,287,14,0,24,14,9,19,False,0,0,0,0,0,0,integrated,original,off,0.0,40.0,True,2.2737367544323206e-13,LOCAL_SYNTHETIC,3486199,14,1.0,950.0,fixed,0
