kind,seed,layout,ok,error,mean_time_s,normal_exit,cleared,total,measure,clear,failed_clear,fallback
ten,2700000,radial,True,,691.2440344018621,True,10,10,357,20,10,1
ten,2700000,rings,True,,677.9759655490844,True,10,10,327,25,15,2
ten,2700001,radial,True,,708.8181326875696,True,10,10,403,42,32,2
ten,2700001,rings,True,,636.96695568867,True,10,10,360,10,0,0
ten,2700002,radial,True,,703.6341925893714,True,10,10,378,12,2,1
ten,2700002,rings,True,,715.9749790020508,True,10,10,370,41,31,1
ten,2700003,radial,True,,670.8642703321327,True,10,10,412,10,0,0
ten,2700003,rings,True,,694.7059234780179,True,10,10,375,10,0,0
ten,2700004,radial,True,,705.4021609428398,True,10,10,387,63,53,2
ten,2700004,rings,True,,758.950402918087,True,10,10,333,99,89,2
ten,2700005,radial,True,,654.7752414388531,True,10,10,371,11,1,0
ten,2700005,rings,True,,673.9028527443791,True,10,10,316,19,9,1
ten,2700006,radial,True,,687.3772241603433,True,10,10,368,15,5,2
ten,2700006,rings,True,,653.9744545417321,True,10,10,327,10,0,0
ten,2700007,radial,True,,701.2609106179282,True,10,10,393,24,14,1
ten,2700007,rings,True,,707.7412228622486,True,10,10,357,47,37,6
ten,2700008,radial,True,,670.8741857058318,True,10,10,375,10,0,0
ten,2700008,rings,True,,690.1880593173757,True,10,10,348,41,31,2
ten,2700009,radial,True,,662.4477129659173,True,10,10,362,14,4,2
ten,2700009,rings,True,,672.1075856345676,True,10,10,324,25,15,3
sixteen,2700000,radial,True,,393.1514022138739,True,16,16,232,54,38,3
sixteen,2700000,rings,True,,442.31894509530383,True,16,16,219,133,117,3
sixteen,2700001,radial,True,,417.2061465636241,True,16,16,305,16,0,1
sixteen,2700001,rings,True,,492.20412778973156,True,16,16,335,71,55,2
sixteen,2700002,radial,True,,467.16306895645124,True,16,16,340,22,6,3
sixteen,2700002,rings,True,,455.7960504268529,True,16,16,314,24,8,3
sixteen,2700003,radial,True,,395.702029707929,True,16,16,284,19,3,1
sixteen,2700003,rings,True,,371.95778239446565,True,16,16,236,18,2,1
sixteen,2700004,radial,True,,457.36213354203494,True,16,16,336,50,34,5
sixteen,2700004,rings,True,,459.5216288599828,True,16,16,313,73,57,4
sixteen,2700005,radial,True,,454.8812543541614,True,16,16,304,57,41,1
sixteen,2700005,rings,True,,426.080635674877,True,16,16,301,58,42,1
sixteen,2700006,radial,True,,458.2821934141809,True,16,16,323,66,50,3
sixteen,2700006,rings,True,,405.4367105441439,True,16,16,265,25,9,1
sixteen,2700007,radial,True,,419.3866692197257,True,16,16,350,16,0,0
sixteen,2700007,rings,True,,532.3559595283238,True,16,16,300,148,132,6
sixteen,2700008,radial,True,,457.9181444025141,True,16,16,317,49,33,2
sixteen,2700008,rings,True,,407.26439640670185,True,16,16,238,30,14,2
sixteen,2700009,radial,True,,444.59487983850096,True,16,16,295,58,42,4
sixteen,2700009,rings,True,,432.62133350988177,True,16,16,247,60,44,4
plus,2700000,radial,True,,689.7635411246584,True,10,10,357,22,12,1
plus,2700000,rings,True,,675.0399858945553,True,10,10,325,26,16,2
plus,2700001,radial,True,,711.4486880839729,True,10,10,402,43,33,2
plus,2700001,rings,True,,655.9589238270497,True,10,10,364,10,0,0
plus,2700002,radial,True,,731.466209848593,True,10,10,378,42,32,1
plus,2700002,rings,True,,709.3157106817504,True,10,10,368,42,32,1
plus,2700003,radial,True,,676.8665471881753,True,10,10,412,10,0,0
plus,2700003,rings,True,,693.84343876796,True,10,10,375,10,0,0
plus,2700004,radial,True,,706.4609558080977,True,10,10,386,64,54,2
plus,2700004,rings,True,,697.3853463155986,True,10,10,330,29,19,2
plus,2700005,radial,True,,646.0636078638775,True,10,10,347,10,0,0
plus,2700005,rings,True,,681.7600533776342,True,10,10,320,19,9,1
plus,2700006,radial,True,,687.4762135232638,True,10,10,369,16,6,2
plus,2700006,rings,True,,670.9942181876306,True,10,10,333,12,2,0
plus,2700007,radial,True,,703.7384505984526,True,10,10,393,25,15,1
plus,2700007,rings,True,,719.3516395214751,True,10,10,357,48,38,4
plus,2700008,radial,True,,664.7248145628273,True,10,10,375,10,0,0
plus,2700008,rings,True,,695.1600041251506,True,10,10,350,44,34,2
plus,2700009,radial,True,,687.3558706073115,True,10,10,361,44,34,2
plus,2700009,rings,True,,706.6687438495113,True,10,10,324,61,51,3
minus,2700000,radial,True,,689.5137194251337,True,10,10,359,21,11,1
minus,2700000,rings,True,,642.8443798714345,True,10,10,328,15,5,1
minus,2700001,radial,True,,665.3905832987019,True,10,10,348,14,4,2
minus,2700001,rings,True,,642.2709811881002,True,10,10,360,10,0,0
minus,2700002,radial,True,,715.9501962616542,True,10,10,380,13,3,2
minus,2700002,rings,True,,703.7026589702898,True,10,10,366,41,31,1
minus,2700003,radial,True,,685.7045918474001,True,10,10,413,10,0,0
minus,2700003,rings,True,,709.4020834064374,True,10,10,378,10,0,0
minus,2700004,radial,True,,669.2970370686578,True,10,10,388,26,16,2
minus,2700004,rings,True,,695.617460645754,True,10,10,329,30,20,2
minus,2700005,radial,True,,644.6432264053622,True,10,10,347,10,0,0
minus,2700005,rings,True,,595.6614290792904,True,10,10,306,11,1,0
minus,2700006,radial,True,,692.6917837802956,True,10,10,370,18,8,2
minus,2700006,rings,True,,647.1717714119129,True,10,10,324,12,2,1
minus,2700007,radial,True,,701.0314235373032,True,10,10,391,26,16,1
minus,2700007,rings,True,,733.2358022300077,True,10,10,357,76,66,6
minus,2700008,radial,True,,666.1767749704871,True,10,10,374,10,0,0
minus,2700008,rings,True,,663.5211917305758,True,10,10,299,35,25,2
minus,2700009,radial,True,,691.205609873979,True,10,10,362,51,41,2
minus,2700009,rings,True,,698.9487490236236,True,10,10,322,59,49,3
outward,2700000,radial,True,,863.0317146871128,True,10,10,430,104,94,6
outward,2700000,rings,True,,819.1915013556379,True,10,10,397,102,92,6
outward,2700001,radial,True,,866.4868160046237,True,10,10,410,100,90,6
outward,2700001,rings,True,,855.2781005180289,True,10,10,406,90,80,5
outward,2700002,radial,True,,868.1116364673505,True,10,10,413,99,89,6
outward,2700002,rings,True,,928.5420806819336,True,10,10,397,217,207,4
outward,2700003,radial,True,,858.2437106971707,True,10,10,421,104,94,6
outward,2700003,rings,True,,832.4760628642196,True,10,10,398,106,96,6
outward,2700004,radial,True,,852.4238157727223,True,10,10,413,101,91,6
outward,2700004,rings,True,,834.1765673695729,True,10,10,393,102,92,6
outward,2700005,radial,True,,841.2529989979103,True,10,10,404,102,92,6
outward,2700005,rings,True,,799.855168741866,True,10,10,393,78,68,4
outward,2700006,radial,True,,871.5686772044613,True,10,10,423,86,76,5
outward,2700006,rings,True,,822.2664560816354,True,10,10,391,99,89,6
outward,2700007,radial,True,,881.4751385199464,True,10,10,421,101,91,6
outward,2700007,rings,True,,832.4303300332291,True,10,10,389,102,92,6
outward,2700008,radial,True,,858.954833907934,True,10,10,417,102,92,6
outward,2700008,rings,True,,866.3824649300153,True,10,10,396,151,141,4
outward,2700009,radial,True,,879.8030613775387,True,10,10,431,98,88,6
outward,2700009,rings,True,,825.607598797448,True,10,10,395,90,80,5
tangent,2700000,radial,True,,802.3875923509313,True,10,10,417,27,17,2
tangent,2700000,rings,True,,604.9310661049573,True,10,10,328,10,0,2
tangent,2700001,radial,True,,747.158029793566,True,10,10,390,22,12,1
tangent,2700001,rings,True,,645.7191893891056,True,10,10,341,36,26,3
tangent,2700002,radial,True,,797.2184083011213,True,10,10,402,25,15,1
tangent,2700002,rings,True,,615.7577439300117,True,10,10,336,21,11,2
tangent,2700003,radial,True,,643.3621238866831,True,10,10,384,12,2,1
tangent,2700003,rings,True,,658.5572538117389,True,10,10,367,11,1,1
tangent,2700004,radial,True,,641.4305536958037,True,10,10,372,17,7,1
tangent,2700004,rings,True,,748.761778093661,True,10,10,359,60,50,4
tangent,2700005,radial,True,,645.6652037933495,True,10,10,372,25,15,1
tangent,2700005,rings,True,,714.8729260006228,True,10,10,351,34,24,3
tangent,2700006,radial,True,,639.45757400969,True,10,10,375,17,7,2
tangent,2700006,rings,True,,733.067329690178,True,10,10,358,31,21,2
tangent,2700007,radial,True,,763.9356241622093,True,10,10,403,15,5,1
tangent,2700007,rings,True,,716.7875890212721,True,10,10,353,29,19,2
tangent,2700008,radial,True,,770.0932350935352,True,10,10,407,24,14,2
tangent,2700008,rings,True,,625.6121871863753,True,10,10,332,24,14,3
tangent,2700009,radial,True,,775.2094069358442,True,10,10,409,10,0,0
tangent,2700009,rings,True,,627.138834885006,True,10,10,330,24,14,4
