problem,cleared,virtual_time_s,mean_time_s,program_time_s,complete,stations_visited,measure,clear,failed_clear,fallback,strategy,seed,total,move_s,switch_s,measure_s,optical_s,laser_s,max_step_error_s,normal_exit,candidate_evaluations,deferred_targets,forced_targets,opportunistic_measures,safe_clear_points
4,15,9836.199217955907,655.7466145303938,0.1682987999956822,True,31,253,23,8,1,baseline,310000,15,8257.199217955907,215.0,1265.0,69.0,30.0,4.547473508864641e-13,True,,,,,
4,15,9633.445067447263,642.2296711631509,0.14383939999970607,True,31,275,15,0,0,directional_layers_safe,310000,15,7953.445067447265,230.0,1375.0,45.0,30.0,0.0,True,0,0,0,0,15
4,10,11005.864219077204,1100.5864219077205,0.11355040001217276,True,31,412,27,17,2,baseline,310001,10,8469.864219077204,375.0,2060.0,81.0,20.0,0.0,True,,,,,
4,10,10236.811770011476,1023.6811770011476,0.4427564999932656,True,31,378,33,23,2,directional_layers_safe,310001,10,7892.811770011477,335.0,1890.0,99.0,20.0,4.547473508864641e-13,True,0,0,0,0,8
4,10,11183.602438111942,1118.3602438111943,0.13234809999994468,True,31,416,10,0,0,baseline,310002,10,8678.602438111944,375.0,2080.0,30.0,20.0,1.1368683772161603e-13,True,,,,,
4,10,9396.029518962834,939.6029518962835,0.10919070000818465,True,31,362,10,0,0,directional_layers_safe,310002,10,7213.029518962834,323.0,1810.0,30.0,20.0,0.0,True,0,0,0,0,10
4,14,11136.38642025635,795.4561728754536,0.19217560000834055,True,31,304,14,0,0,baseline,310003,14,9292.38642025635,254.0,1520.0,42.0,28.0,0.0,True,,,,,
4,14,9925.965266942228,708.997519067302,0.13829649999388494,True,31,271,14,0,0,directional_layers_safe,310003,14,8276.965266942232,224.0,1355.0,42.0,28.0,0.0,True,0,0,0,0,14
4,14,9557.371098825095,682.6693642017925,0.1672309999994468,True,31,269,14,0,0,baseline,310004,14,7910.371098825099,232.0,1345.0,42.0,28.0,0.0,True,,,,,
4,14,9513.671178524988,679.5479413232134,0.30086420000588987,True,31,304,16,2,1,directional_layers_safe,310004,14,7658.67117852499,259.0,1520.0,48.0,28.0,0.0,True,0,0,0,0,13
4,12,10227.654940176406,852.3045783480338,0.122543699995731,True,31,359,12,0,0,baseline,310005,12,8045.654940176408,327.0,1795.0,36.0,24.0,1.1368683772161603e-13,True,,,,,
4,12,9684.756865161282,807.0630720967735,0.11603810000815429,True,31,348,12,0,0,directional_layers_safe,310005,12,7574.756865161283,310.0,1740.0,36.0,24.0,0.0,True,0,0,0,0,12
4,16,7870.420217615495,491.90126360096843,0.21211190000758506,True,20,219,16,0,0,baseline,310006,16,6513.420217615493,182.0,1095.0,48.0,32.0,1.1368683772161603e-13,True,,,,,
4,16,5735.80817055874,358.48801065992126,0.14341560000320897,True,13,177,16,0,0,directional_layers_safe,310006,16,4625.808170558738,145.0,885.0,48.0,32.0,0.0,True,0,0,0,0,16
4,10,10864.82207164014,1086.482207164014,0.13707359999534674,True,31,391,13,3,1,baseline,310007,10,8499.82207164014,351.0,1955.0,39.0,20.0,0.0,True,,,,,
4,10,9745.669184956992,974.5669184956993,0.45375739999872167,True,31,375,29,19,2,directional_layers_safe,310007,10,7425.669184956995,338.0,1875.0,87.0,20.0,0.0,True,0,0,0,0,8
4,13,9556.930551828622,735.1485039868171,0.16517140000360087,True,31,309,13,0,0,baseline,310008,13,7674.930551828621,272.0,1545.0,39.0,26.0,0.0,True,,,,,
4,13,8975.464948625633,690.4203806635103,0.13833279999380466,True,31,274,13,0,0,directional_layers_safe,310008,13,7304.464948625631,236.0,1370.0,39.0,26.0,1.1368683772161603e-13,True,0,0,0,0,13
4,10,10297.29938155892,1029.729938155892,0.14679489999252837,True,31,419,10,0,0,baseline,310009,10,7775.299381558922,377.0,2095.0,30.0,20.0,0.0,True,,,,,
4,10,9888.235576922161,988.8235576922161,0.4452082000061637,True,31,385,29,19,2,directional_layers_safe,310009,10,7512.23557692216,344.0,1925.0,87.0,20.0,0.0,True,0,0,0,0,8
4,11,10701.885850010507,972.8987136373188,0.11992610000015702,True,31,400,31,20,2,baseline,310010,11,8220.885850010505,366.0,2000.0,93.0,22.0,0.0,True,,,,,
4,11,9443.96227533639,858.5420250305808,0.11549270000250544,True,31,371,11,0,0,directional_layers_safe,310010,11,7195.962275336388,338.0,1855.0,33.0,22.0,2.842170943040401e-14,True,0,0,0,0,11
4,10,10166.867520150932,1016.6867520150932,0.14156170000205748,True,31,387,10,0,0,baseline,310011,10,7835.867520150929,346.0,1935.0,30.0,20.0,0.0,True,,,,,
4,10,9378.862300772418,937.8862300772419,0.11473710001155268,True,31,360,10,0,0,directional_layers_safe,310011,10,7204.862300772419,324.0,1800.0,30.0,20.0,0.0,True,0,0,0,0,10
4,13,11242.56475047206,864.8126731132354,0.208635700008017,True,31,300,21,8,1,baseline,310012,13,9401.564750472065,252.0,1500.0,63.0,26.0,0.0,True,,,,,
4,13,9723.611580475017,747.9701215750013,0.3155535999976564,True,31,294,26,13,1,directional_layers_safe,310012,13,7900.611580475017,249.0,1470.0,78.0,26.0,1.1368683772161603e-13,True,0,0,0,0,12
4,15,10839.401552353904,722.6267701569269,0.21058179999818094,True,31,300,15,0,0,baseline,310013,15,9009.4015523539,255.0,1500.0,45.0,30.0,0.0,True,,,,,
4,15,9981.356444641619,665.4237629761079,0.2824434999929508,True,31,270,19,4,2,directional_layers_safe,310013,15,8321.35644464162,223.0,1350.0,57.0,30.0,0.0,True,0,0,0,0,13
4,10,10299.313560803676,1029.9313560803676,0.12527290001162328,True,31,360,10,0,0,baseline,310014,10,8126.3135608036755,323.0,1800.0,30.0,20.0,0.0,True,,,,,
4,10,9174.354520618856,917.4354520618856,0.10086439999577124,True,31,365,10,0,0,directional_layers_safe,310014,10,6968.354520618854,331.0,1825.0,30.0,20.0,2.842170943040401e-14,True,0,0,0,0,10
4,15,10514.253448197103,700.9502298798069,0.23915339999075513,True,31,288,15,0,0,baseline,310015,15,8754.253448197103,245.0,1440.0,45.0,30.0,0.0,True,,,,,
4,15,9490.473022107488,632.6982014738326,0.15962600000784732,True,31,251,15,0,0,directional_layers_safe,310015,15,7953.473022107488,207.0,1255.0,45.0,30.0,5.684341886080802e-14,True,0,0,0,0,15
4,10,10438.69617019177,1043.869617019177,0.1299425000033807,True,31,394,10,0,0,baseline,310016,10,8064.696170191769,354.0,1970.0,30.0,20.0,0.0,True,,,,,
4,10,9868.231715629883,986.8231715629884,0.12125319999177009,True,31,383,10,0,0,directional_layers_safe,310016,10,7563.231715629886,340.0,1915.0,30.0,20.0,0.0,True,0,0,0,0,10
4,10,10288.21737088935,1028.821737088935,0.12521759999799542,True,31,365,10,0,0,baseline,310017,10,8084.217370889347,329.0,1825.0,30.0,20.0,4.547473508864641e-13,True,,,,,
4,10,9527.913847919815,952.7913847919815,0.1211909999983618,True,31,367,10,0,0,directional_layers_safe,310017,10,7316.913847919816,326.0,1835.0,30.0,20.0,4.547473508864641e-13,True,0,0,0,0,10
4,14,10717.452329445163,765.5323092460831,0.2148497000016505,True,31,281,14,0,0,baseline,310018,14,9006.452329445166,236.0,1405.0,42.0,28.0,1.1368683772161603e-13,True,,,,,
4,14,10290.116803581937,735.0083431129955,0.15227650001179427,True,31,279,14,0,0,directional_layers_safe,310018,14,8590.116803581941,235.0,1395.0,42.0,28.0,0.0,True,0,0,0,0,14
4,12,10451.360410936373,870.9467009113645,0.18956009999965318,True,31,324,12,0,0,baseline,310019,12,8492.360410936375,279.0,1620.0,36.0,24.0,0.0,True,,,,,
4,12,10303.458423826536,858.621535318878,0.3038787000114098,True,31,310,13,1,1,directional_layers_safe,310019,12,8431.458423826536,259.0,1550.0,39.0,24.0,2.2737367544323206e-13,True,0,0,0,0,11
4,16,6538.940314422001,408.6837696513751,0.21394580000196584,True,18,202,16,0,0,baseline,310020,16,5275.940314422002,173.0,1010.0,48.0,32.0,0.0,True,,,,,
4,16,5211.838610123815,325.7399131327384,0.14221140000154264,True,11,145,16,0,0,directional_layers_safe,310020,16,4285.838610123817,121.0,725.0,48.0,32.0,9.094947017729282e-13,True,0,0,0,0,16
4,11,10526.286896705004,956.9351724277276,0.14714109999476932,True,31,362,11,0,0,baseline,310021,11,8338.286896705007,323.0,1810.0,33.0,22.0,0.0,True,,,,,
4,11,10141.650429609459,921.9682208735871,0.13785139999527019,True,31,356,11,0,0,directional_layers_safe,310021,11,7995.650429609464,311.0,1780.0,33.0,22.0,0.0,True,0,0,0,0,11
4,10,11016.388673748286,1101.6388673748286,0.14574810001067817,True,31,362,10,0,0,baseline,310022,10,8834.38867374829,322.0,1810.0,30.0,20.0,0.0,True,,,,,
4,10,10237.13301593746,1023.7133015937459,0.12771849999262486,True,31,374,10,0,0,directional_layers_safe,310022,10,7988.133015937461,329.0,1870.0,30.0,20.0,2.842170943040401e-14,True,0,0,0,0,10
4,14,10126.665518257982,723.3332513041415,0.17680429999018088,True,31,273,31,17,3,baseline,310023,14,8407.665518257987,233.0,1365.0,93.0,28.0,4.547473508864641e-13,True,,,,,
4,14,9913.09587033444,708.07827645246,0.32313520000025164,True,31,306,26,12,1,directional_layers_safe,310023,14,8017.095870334434,260.0,1530.0,78.0,28.0,0.0,True,0,0,0,0,13
4,15,9937.397553052711,662.4931702035141,0.2923504999926081,True,31,271,15,0,0,baseline,310024,15,8281.397553052713,226.0,1355.0,45.0,30.0,2.842170943040401e-14,True,,,,,
4,15,9328.064723613783,621.8709815742521,0.15290960000129417,True,31,230,15,0,0,directional_layers_safe,310024,15,7916.064723613782,187.0,1150.0,45.0,30.0,5.684341886080802e-14,True,0,0,0,0,15
4,16,6485.587200701021,405.3492000438138,0.21245460001227912,True,14,189,16,0,0,baseline,310025,16,5299.587200701019,161.0,945.0,48.0,32.0,5.684341886080802e-14,True,,,,,
4,16,5406.841169717982,337.92757310737386,0.13740839999809396,True,9,132,16,0,0,directional_layers_safe,310025,16,4557.841169717981,109.0,660.0,48.0,32.0,9.094947017729282e-13,True,0,0,0,0,16
4,16,8586.331953337236,536.6457470835772,0.2464622999978019,True,19,193,31,15,1,baseline,310026,16,7341.33195333724,155.0,965.0,93.0,32.0,9.094947017729282e-13,True,,,,,
4,16,5925.252339948181,370.3282712467613,0.3344189999916125,True,10,131,19,3,1,directional_layers_safe,310026,16,5076.252339948181,105.0,655.0,57.0,32.0,2.2737367544323206e-13,True,0,0,0,0,15
4,11,9878.257435685813,898.0234032441648,0.14786989999993239,True,31,351,22,11,1,baseline,310027,11,7724.257435685815,311.0,1755.0,66.0,22.0,5.684341886080802e-14,True,,,,,
4,11,9213.288913960501,837.5717194509547,0.31017319999227766,True,31,342,12,1,1,directional_layers_safe,310027,11,7141.2889139604995,304.0,1710.0,36.0,22.0,2.842170943040401e-14,True,0,0,0,0,10
4,13,10815.201894458789,831.9386072660607,0.18358720000833273,True,31,378,13,0,0,baseline,310028,13,8528.201894458793,332.0,1890.0,39.0,26.0,0.0,True,,,,,
4,13,10387.971166502444,799.0747051155727,0.16155720000097062,True,31,307,13,0,0,directional_layers_safe,310028,13,8527.971166502448,260.0,1535.0,39.0,26.0,5.684341886080802e-14,True,0,0,0,0,13
4,15,11061.354288117598,737.4236192078399,0.19761129999824334,True,31,367,36,21,2,baseline,310029,15,8763.354288117598,325.0,1835.0,108.0,30.0,0.0,True,,,,,
4,15,9566.104997441942,637.7403331627961,0.23157580000406597,True,31,274,22,7,1,directional_layers_safe,310029,15,7868.104997441941,232.0,1370.0,66.0,30.0,0.0,True,0,0,0,0,14
4,14,10805.337519371831,771.8098228122736,0.21751879999646917,True,31,282,25,11,1,baseline,310030,14,9053.337519371828,239.0,1410.0,75.0,28.0,0.0,True,,,,,
4,14,10057.59607197266,718.3997194266186,0.5302349000121467,True,31,265,57,43,2,directional_layers_safe,310030,14,8317.596071972665,216.0,1325.0,171.0,28.0,2.2737367544323206e-13,True,0,0,0,0,12
4,14,10975.452112186955,783.9608651562111,0.17634829999587964,True,31,316,27,13,1,baseline,310031,14,9015.452112186955,271.0,1580.0,81.0,28.0,0.0,True,,,,,
4,14,9535.63110960855,681.1165078291822,0.3208301999984542,True,31,308,21,7,1,directional_layers_safe,310031,14,7639.631109608549,265.0,1540.0,63.0,28.0,2.842170943040401e-14,True,0,0,0,0,13
4,15,10181.476728864056,678.7651152576037,0.25892510000267066,True,31,254,15,0,0,baseline,310032,15,8626.476728864054,210.0,1270.0,45.0,30.0,0.0,True,,,,,
4,15,10384.029203945482,692.2686135963654,0.14524709999386687,True,31,226,15,0,0,directional_layers_safe,310032,15,8997.029203945482,182.0,1130.0,45.0,30.0,0.0,True,0,0,0,0,14
4,10,10430.336798639757,1043.0336798639757,0.13456720000249334,True,31,411,10,0,0,baseline,310033,10,7955.336798639759,370.0,2055.0,30.0,20.0,0.0,True,,,,,
4,10,10478.840763747594,1047.8840763747594,0.11984929999744054,True,31,374,10,0,0,directional_layers_safe,310033,10,8230.840763747598,328.0,1870.0,30.0,20.0,0.0,True,0,0,0,0,10
4,16,10558.701938153241,659.9188711345776,0.23015509999822825,True,29,294,16,0,0,baseline,310034,16,8758.701938153241,250.0,1470.0,48.0,32.0,0.0,True,,,,,
4,16,6963.418574864828,435.21366092905174,0.4902135000011185,True,12,142,50,34,2,directional_layers_safe,310034,16,5959.418574864828,112.0,710.0,150.0,32.0,0.0,True,0,0,0,0,14
4,14,10397.117168270055,742.6512263050039,0.19692750000103842,True,31,263,14,0,0,baseline,310035,14,8793.117168270055,219.0,1315.0,42.0,28.0,1.1368683772161603e-13,True,,,,,
4,14,10032.68885531592,716.6206325225658,0.3394327999994857,True,31,272,27,13,1,directional_layers_safe,310035,14,8340.68885531592,223.0,1360.0,81.0,28.0,0.0,True,0,0,0,0,13
4,11,10627.84528517392,966.1677531976292,0.13755709999531973,True,31,396,17,6,1,baseline,310036,11,8217.84528517392,357.0,1980.0,51.0,22.0,0.0,True,,,,,
4,11,9869.48347968366,897.2257708803328,0.4773224999953527,True,31,343,49,38,2,directional_layers_safe,310036,11,7682.48347968366,303.0,1715.0,147.0,22.0,2.2737367544323206e-13,True,0,0,0,0,9
4,15,10385.038981033187,692.3359320688792,0.24365170000237413,True,31,278,20,5,1,baseline,310037,15,8674.038981033189,231.0,1390.0,60.0,30.0,0.0,True,,,,,
4,15,9869.826015390414,657.9884010260276,0.328295800005435,True,31,242,29,14,1,directional_layers_safe,310037,15,8345.826015390416,197.0,1210.0,87.0,30.0,0.0,True,0,0,0,0,14
4,10,10695.568677893498,1069.5568677893498,0.11383020000357646,True,31,410,21,11,1,baseline,310038,10,8188.568677893496,374.0,2050.0,63.0,20.0,2.842170943040401e-14,True,,,,,
4,10,9814.256539080716,981.4256539080716,0.26987830000871327,True,31,397,20,10,1,directional_layers_safe,310038,10,7393.256539080717,356.0,1985.0,60.0,20.0,0.0,True,0,0,0,0,9
4,11,10789.655204082463,980.8777458256784,0.1449267999996664,True,31,356,19,8,1,baseline,310039,11,8617.655204082463,313.0,1780.0,57.0,22.0,0.0,True,,,,,
4,11,9142.00052807121,831.0909570973828,0.12584830001287628,True,31,349,11,0,0,directional_layers_safe,310039,11,7030.0005280712085,312.0,1745.0,33.0,22.0,0.0,True,0,0,0,0,11
