arm,candidate_evaluations,clear,cleared,complete,coverage_sites_cancelled,deferred_targets,failed_clear,fallback,forced_targets,laser_s,max_step_time_error_s,mean_time_s,measure,measure_s,move_s,normal_exit,opportunistic_measures,optical_s,paired_total_sources,paper_measurements_selected,problem,program_time_s,reschedule_fallbacks,reschedule_steps,rescheduled_targets,route_replans,safe_clear_points,seed,skipped_known_measurements,small_region_probes,small_region_successes,stations_visited,switch_s,virtual_time_s,wall_s
step,68,47,16,True,0,16,31,1,0,32.0,0.0,466.00503101884203,331,1655.0,5324.080496301469,True,0,141.0,16,1,4,0.3901237000100082,1,30,18,56,11,1900011,40,5,4,25,304.0,7456.0804963014725,0.4067697000136832
step,66,19,16,True,0,16,3,1,0,32.0,9.094947017729282e-13,388.64082496606386,279,1395.0,4474.253199457022,True,0,57.0,16,0,4,0.30131849998724647,1,17,12,49,4,1900112,63,11,11,21,260.0,6218.253199457022,0.3181881000055
step,25,11,10,True,0,10,1,0,0,20.0,0.0,627.3003565950709,322,1610.0,4310.0035659507075,True,0,33.0,10,0,4,0.12521030000061728,0,15,9,44,6,1910000,36,5,4,25,300.0,6273.003565950708,0.141374500002712
step,62,15,15,True,0,15,0,0,0,30.0,0.0,398.21963514976716,236,1180.0,4507.294527246508,True,0,45.0,15,0,4,0.2289438000007067,0,20,13,53,7,1910001,75,8,8,25,211.0,5973.294527246508,0.245010500002536
step,52,16,16,True,0,16,0,0,0,32.0,1.1368683772161603e-13,261.8636135960705,170,850.0,3109.817817537127,True,0,48.0,16,0,4,0.19594900000083726,0,21,12,42,9,1910002,28,7,7,14,150.0,4189.817817537128,0.21323090000078082
step,13,15,10,True,0,10,5,1,0,20.0,0.0,681.6056808957745,376,1880.0,4519.056808957747,True,0,45.0,10,0,4,0.1967280000098981,1,11,6,41,4,1910003,2,6,5,25,352.0,6816.0568089577455,0.21350990000064485
step,60,16,10,True,0,10,6,1,0,20.0,0.0,647.4120123874848,345,1725.0,4363.120123874847,True,0,48.0,10,0,4,0.31624610000289977,1,15,9,44,5,1910004,26,6,4,25,318.0,6474.120123874848,0.33294049999676645
step,48,16,14,True,0,14,2,0,0,28.0,0.0,456.4177799888906,321,1605.0,4409.848919844468,True,0,48.0,14,0,4,0.1793967999983579,0,17,11,45,6,1910005,78,10,8,25,299.0,6389.848919844468,0.1975148000055924
step,59,27,13,True,0,13,14,1,0,26.0,0.0,514.9077643488989,322,1610.0,4681.800936535683,True,0,81.0,13,0,4,0.37563589999626856,1,20,12,47,7,1910006,22,8,5,25,295.0,6693.800936535687,0.39236650000384543
step,39,16,16,True,0,16,0,0,0,32.0,0.0,382.5657241810851,292,1460.0,4315.051586897362,True,0,48.0,16,0,4,0.2059702999977162,0,13,7,47,6,1910007,72,10,10,25,266.0,6121.051586897362,0.22276389999024104
step,44,10,10,True,0,10,0,0,0,20.0,0.0,612.1809691605025,333,1665.0,4093.8096916050254,True,0,30.0,10,0,4,0.1659881000086898,0,14,8,43,6,1910008,45,4,4,25,313.0,6121.809691605025,0.18272799999976996
step,57,17,16,True,0,16,1,0,0,32.0,0.0,384.5910719116717,264,1320.0,4507.457150586749,True,0,51.0,16,0,4,0.23104890000831801,0,16,10,49,6,1910009,69,11,10,25,243.0,6153.457150586747,0.24740079999901354
step,26,11,11,True,0,11,0,0,0,22.0,0.0,574.9002695303834,359,1795.0,4139.9029648342175,True,0,33.0,11,0,4,0.13520859999698587,0,10,6,42,4,1910010,25,7,7,25,334.0,6323.9029648342175,0.15175520000047982
step,13,39,15,True,0,15,24,1,0,30.0,0.0,422.7671149915161,224,1120.0,4871.506724872751,True,0,117.0,15,0,4,0.3271921999985352,1,13,7,47,5,1910011,140,12,9,25,203.0,6341.506724872742,0.34435169999778736
step,23,21,15,True,0,15,6,1,0,30.0,0.0,404.74682233876626,258,1290.0,4453.2023350814925,True,0,63.0,15,0,4,0.20672309999645222,1,28,17,55,10,1910012,93,10,4,25,235.0,6071.202335081494,0.22395359999791253
step,14,10,10,True,0,10,0,0,0,20.0,0.0,641.7476300843311,344,1720.0,4326.476300843311,True,0,30.0,10,0,4,0.12895840000419412,0,12,6,41,6,1910013,19,4,4,25,321.0,6417.476300843311,0.1472146000014618
step,38,13,12,True,0,12,1,0,0,24.0,0.0,520.4005968022796,357,1785.0,4066.8071616273546,True,0,39.0,12,0,4,0.1791460999957053,0,16,9,46,7,1910014,44,6,5,25,330.0,6244.807161627355,0.1968856000021333
step,52,33,15,True,0,15,18,2,0,30.0,0.0,431.54687322345296,285,1425.0,4660.203098351795,True,0,99.0,15,0,4,0.32898130000103265,2,18,11,51,5,1910015,78,9,8,25,259.0,6473.203098351794,0.34680659999139607
step,11,11,10,True,0,10,1,0,0,20.0,4.547473508864641e-13,602.6902716191096,340,1700.0,3957.9027161910963,True,0,33.0,10,1,4,0.14106129998981487,0,7,4,39,3,1910016,43,8,7,25,316.0,6026.902716191096,0.1576273999962723
step,53,22,15,True,0,15,7,3,0,30.0,2.2737367544323206e-13,420.10330599215126,238,1190.0,4808.549589882268,True,0,66.0,15,0,4,0.44126709998818114,3,18,9,49,6,1910017,17,6,6,25,207.0,6301.549589882269,0.45723529999668244
step,12,14,14,True,0,14,0,0,0,28.0,0.0,450.79069667056547,312,1560.0,4389.0697533879165,True,0,42.0,14,0,4,0.14217869999993127,0,11,5,44,6,1910018,30,8,8,25,292.0,6311.0697533879165,0.15908899999340065
step,50,15,14,True,0,14,1,0,0,28.0,0.0,414.4747467177294,259,1295.0,4201.646454048208,True,0,45.0,14,0,4,0.20087190000049304,0,16,10,49,6,1910019,57,9,8,25,233.0,5802.646454048211,0.2183491000032518
step,42,16,15,True,0,15,1,0,0,30.0,4.547473508864641e-13,389.90739522921945,293,1465.0,4032.61092843829,True,0,48.0,15,0,4,0.19557669998903293,0,19,10,50,9,1910020,50,7,6,25,273.0,5848.610928438292,0.21190790001128335
step,0,29,15,True,0,15,14,1,0,30.0,9.094947017729282e-13,393.4708214997087,242,1210.0,4352.062322495632,True,0,87.0,15,0,4,0.3207836999936262,1,14,7,47,6,1910021,93,9,8,25,223.0,5902.06232249563,0.3372492000053171
step,0,11,10,True,0,10,1,0,0,20.0,9.094947017729282e-13,597.81730375693,319,1595.0,4034.1730375692996,True,0,33.0,10,0,4,0.11876820000179578,0,8,4,39,4,1910022,66,7,6,25,296.0,5978.1730375693,0.13572109999950044
step,0,20,14,True,0,14,6,1,0,28.0,4.547473508864641e-13,426.93478169420365,246,1230.0,4434.086943718851,True,0,60.0,14,0,4,0.18290580000029877,1,10,4,42,5,1910023,64,9,8,25,225.0,5977.086943718851,0.20119829999748617
step,24,11,10,True,0,10,1,0,0,20.0,0.0,597.2089310903899,322,1610.0,4010.0893109039,True,0,33.0,10,0,4,0.1250612000003457,0,10,5,40,5,1910024,33,6,5,25,299.0,5972.089310903899,0.14163189999817405
step,13,12,12,True,0,12,0,0,0,24.0,0.0,497.1825875111599,278,1390.0,4263.191050133917,True,0,36.0,12,0,4,0.13792710000416264,0,12,7,44,5,1910025,31,7,7,25,253.0,5966.191050133919,0.15481770000769757
step,49,17,16,True,0,16,1,0,0,32.0,0.0,334.04902044463324,242,1210.0,3832.7843271141314,True,0,51.0,16,0,4,0.2074090999958571,0,24,15,53,9,1910026,45,8,7,22,219.0,5344.784327114132,0.22420250000141095
step,13,18,16,True,0,16,2,0,0,32.0,2.842170943040401e-14,364.33789091056315,198,990.0,4578.40625456901,True,0,54.0,16,0,4,0.19901650000247173,0,20,12,52,8,1910027,60,10,8,24,175.0,5829.40625456901,0.21669400000246242
step,15,12,12,True,0,12,0,0,0,24.0,5.684341886080802e-14,489.9607841706329,279,1395.0,4166.529410047595,True,0,36.0,12,0,4,0.14752739999676123,0,12,8,45,4,1910028,40,8,8,25,258.0,5879.529410047595,0.16444989999581594
step,25,14,11,True,0,11,3,0,0,22.0,0.0,576.1589399003087,348,1740.0,4213.748338903396,True,0,42.0,11,0,4,0.15285810000204947,0,17,11,47,6,1910029,75,8,5,25,320.0,6337.748338903396,0.17085450000013225
step,0,15,14,True,0,14,1,0,0,28.0,0.0,450.1072679062008,322,1610.0,4314.501750686812,True,0,45.0,14,0,4,0.12148099999467377,0,7,4,43,3,1910030,50,12,11,25,304.0,6301.501750686811,0.13861129998986144
step,52,27,12,True,0,12,15,1,0,24.0,9.094947017729282e-13,570.545366437537,320,1600.0,4848.5443972504445,True,0,81.0,12,0,4,0.32731569999305066,1,22,13,50,8,1910031,65,5,3,25,293.0,6846.5443972504445,0.34397200000239536
step,13,12,10,True,0,10,2,1,0,20.0,0.0,675.7548498607624,343,1715.0,4669.548498607624,True,0,36.0,10,0,4,0.27931250000256114,1,8,5,40,2,1910032,33,7,7,25,317.0,6757.548498607624,0.29621279999264516
step,84,18,12,True,0,12,6,1,0,24.0,0.0,502.33549610041496,303,1515.0,4155.025953204982,True,0,54.0,12,0,4,0.26067540000076406,1,14,8,45,5,1910033,70,7,6,25,280.0,6028.0259532049795,0.27711830000043847
step,61,32,16,True,0,16,16,1,0,32.0,2.2737367544323206e-13,375.35123740259814,212,1060.0,4634.6197984415685,True,0,96.0,16,0,4,0.3372262999910163,1,21,12,51,8,1910034,56,8,7,23,183.0,6005.61979844157,0.3538491000072099
step,45,11,10,True,0,10,1,0,0,20.0,0.0,640.3319465479357,317,1585.0,4470.319465479355,True,0,33.0,10,1,4,0.15397200000006706,0,13,8,43,5,1910035,28,6,5,25,295.0,6403.319465479357,0.17029129998991266
step,51,28,10,True,0,10,18,1,0,20.0,0.0,658.5835405937547,330,1650.0,4526.835405937547,True,0,84.0,10,0,4,0.31637609998870175,1,15,10,45,4,1910036,44,5,5,25,305.0,6585.835405937547,0.33227819998865016
step,27,15,15,True,0,15,0,0,0,30.0,9.094947017729282e-13,400.5513049268379,269,1345.0,4345.2695739025685,True,0,45.0,15,0,4,0.1905875000084052,0,18,11,51,7,1910037,89,8,8,25,243.0,6008.2695739025685,0.20697160001145676
step,45,13,13,True,0,13,0,0,0,26.0,0.0,485.9431690999741,312,1560.0,4404.261198299662,True,0,39.0,13,0,4,0.19975900001008995,0,18,11,49,7,1910038,92,6,6,25,288.0,6317.261198299663,0.21637090000149328
step,11,16,14,True,0,14,2,0,0,28.0,0.0,443.0862182086443,317,1585.0,4247.207054921022,True,0,48.0,14,0,4,0.17141300000366755,0,15,7,45,8,1910039,91,8,6,25,295.0,6203.20705492102,0.18766169999435078
step,82,20,16,True,0,16,4,1,0,32.0,0.0,412.0417913336114,280,1400.0,4849.6686613377815,True,0,60.0,16,0,4,0.2549130999977933,1,24,15,53,8,1910040,39,7,7,25,251.0,6592.668661337782,0.2718297000101302
step,64,15,11,True,0,11,4,1,0,22.0,0.0,599.3899343484219,329,1645.0,4584.289277832644,True,0,45.0,11,0,4,0.3094635000015842,1,16,10,46,5,1910041,47,6,5,25,297.0,6593.28927783264,0.32731649999914225
step,15,12,12,True,0,12,0,0,0,24.0,0.0,542.8079900514686,338,1690.0,4446.695880617622,True,0,36.0,12,0,4,0.14331419998779893,0,11,7,44,4,1910042,35,8,8,25,317.0,6513.695880617623,0.15978929999982938
step,50,46,15,True,0,15,31,2,0,30.0,0.0,447.47181664292407,268,1340.0,4959.077249643867,True,0,138.0,15,0,4,0.4099578999885125,2,19,11,48,6,1910043,67,8,7,25,245.0,6712.077249643861,0.42671010000049137
step,0,21,12,True,0,12,9,1,0,24.0,0.0,533.9700153267352,293,1465.0,4585.64018392082,True,0,63.0,12,0,4,0.2722306999930879,1,11,4,39,6,1910044,108,7,5,25,270.0,6407.640183920822,0.28890870000759605
step,27,15,10,True,0,10,5,1,0,20.0,0.0,706.2867247697945,401,2005.0,4615.867247697947,True,0,45.0,10,0,4,0.2879452999914065,1,14,8,43,5,1910045,12,4,4,25,377.0,7062.8672476979455,0.3045047000050545
step,0,15,15,True,0,15,0,0,0,30.0,0.0,407.9904706815853,271,1355.0,4436.857060223779,True,0,45.0,15,0,4,0.14283250000153203,0,10,5,44,5,1910046,70,10,10,25,253.0,6119.85706022378,0.15897979999135714
step,38,14,11,True,0,11,3,0,0,22.0,9.094947017729282e-13,593.496791665431,349,1745.0,4391.4647083197415,True,0,42.0,11,0,4,0.16490790000534616,0,16,10,46,6,1910047,41,8,5,25,328.0,6528.4647083197415,0.18225389999861363
step,38,15,13,True,0,13,2,0,0,26.0,0.0,447.9708437237807,267,1335.0,4173.620968409149,True,0,45.0,13,0,4,0.18390699999872595,0,22,13,51,9,1910048,38,6,4,25,244.0,5823.620968409149,0.20121209998615086
step,13,13,11,True,0,11,2,0,0,22.0,0.0,540.4865366917128,330,1650.0,3927.3519036088423,True,0,39.0,11,0,4,0.13735459999588784,0,11,5,41,6,1910049,41,7,5,25,307.0,5945.351903608841,0.15442439999605995
step,65,16,14,True,0,14,2,0,0,28.0,0.0,432.87219479536594,280,1400.0,4326.210727135124,True,0,48.0,14,0,4,0.21090959999128245,0,20,11,50,9,1910050,24,7,5,25,258.0,6060.210727135123,0.22799200000008568
step,48,17,16,True,0,16,1,0,0,32.0,1.1368683772161603e-13,346.36829147307566,218,1090.0,4169.89266356921,True,0,51.0,16,1,4,0.24173999999766238,0,16,10,50,6,1910051,70,11,10,24,199.0,5541.8926635692105,0.25870569999096915
step,101,13,13,True,0,13,0,0,0,26.0,0.0,515.8569169567168,347,1735.0,4584.139920437317,True,0,39.0,13,0,4,0.2357882999931462,0,24,14,52,10,1910052,29,3,3,25,322.0,6706.139920437318,0.2525312999932794
step,28,14,14,True,0,14,0,0,0,28.0,0.0,449.50143501758004,278,1390.0,4585.020090246121,True,0,42.0,14,0,4,0.1845307000039611,0,12,8,47,4,1910053,79,10,10,25,248.0,6293.02009024612,0.2014158999954816
step,54,21,11,True,0,11,10,1,0,22.0,0.0,587.1885381464267,329,1645.0,4422.0739196106915,True,0,63.0,11,0,4,0.31392329999653157,1,11,7,43,3,1910054,43,8,7,25,307.0,6459.073919610693,0.33024390001082793
step,50,13,13,True,0,13,0,0,0,26.0,0.0,485.2696609714643,286,1430.0,4553.505592629035,True,0,39.0,13,0,4,0.1873083999962546,0,15,9,47,6,1910055,44,7,7,25,260.0,6308.505592629036,0.20392999998875894
step,41,11,11,True,0,11,0,0,0,22.0,0.0,578.0072184396588,340,1700.0,4297.079402836248,True,0,33.0,11,0,4,0.16663530000369065,0,14,10,46,4,1910056,44,7,7,25,306.0,6358.079402836247,0.18316840000625234
step,26,63,11,True,0,11,52,2,0,22.0,0.0,647.1692342319736,352,1760.0,4820.8615765517,True,0,189.0,11,0,4,0.4165329999959795,2,11,6,42,3,1910057,27,6,6,25,327.0,7118.86157655171,0.4332166999956826
step,42,16,16,True,0,16,0,0,0,32.0,0.0,386.55322820331185,294,1470.0,4366.851651252989,True,0,48.0,16,0,4,0.17628050000348594,0,12,7,47,5,1910058,58,11,11,24,268.0,6184.8516512529895,0.19380140000430401
step,13,13,12,True,0,12,1,0,0,24.0,4.547473508864641e-13,493.64217577076147,266,1330.0,4288.7061092491385,True,0,39.0,12,0,4,0.13671780000731815,0,5,4,41,1,1910059,108,12,11,25,242.0,5923.706109249138,0.1534747999976389
